# mode	eigenvalue	frequency_thz
1	1.2215202495196671e-17	5.562505675664234e-9
2	1.3346722559528452e-17	5.814434039407108e-9
3	2.2022193232121657e-17	7.468792883475116e-9
4	2.5410140886386065e-17	8.022757555879585e-9
5	3.700753048412303e-17	9.682002367314108e-9
6	5.392547690799434e-17	1.168737903753843e-8
7	0.000815102612663236	0.04543873940085195
8	0.0013031359398889327	0.057453301889892616
9	0.0016704133773257077	0.06504772490662611
10	0.002121963507958816	0.07331436665936182
11	0.0026138276044815837	0.08136892939178506
12	0.0029547605619901773	0.08651298134153093
13	0.0036460005043551695	0.09610112990874364
14	0.003914725468455094	0.09957969399377406
15	0.004183370924357446	0.1029397996181889
16	0.004271148548221586	0.10401416088297971
17	0.00448505257564477	0.10658691709345539
18	0.004734344936096206	0.10950906730291171
19	0.004999626080277333	0.11253533138506547
20	0.005148770343061366	0.11420152206098484
21	0.0052524708056858205	0.1153458450988616
22	0.005324510082132399	0.11613415346310171
23	0.005352581135635922	0.11643988324363967
24	0.006144174837674083	0.12475326321120236
25	0.0062883989180281315	0.12620895588368433
26	0.006609880365247405	0.1293948320618482
27	0.00711732246768898	0.13426983438580506
28	0.00729811080772716	0.1359644462393931
29	0.007426813395194818	0.13715807706365254
30	0.007862371405431777	0.14112271054912767
31	0.008080195080727217	0.14306422770238547
32	0.008519613857859938	0.14690280464922564
33	0.008781445184377715	0.14914308737575926
34	0.008934478314315892	0.15043702323116145
35	0.009111021981630316	0.15191605672946148
36	0.009123366646009864	0.1520189385978104
37	0.00953348257627416	0.15539817720902574
38	0.00971531826098913	0.15687316102552512
39	0.009964736202031367	0.1588740749007198
40	0.010120648937139737	0.16011215833704937
41	0.010313665859472571	0.16163174447911344
42	0.010369974811024653	0.1620723698350018
43	0.010578112201580205	0.1636907793169753
44	0.01071057418281518	0.1647124808618736
45	0.010939632397674289	0.1664644484212372
46	0.011278539303420392	0.16902329368862842
47	0.01160289243221422	0.17143648935633107
48	0.011761853120626001	0.17260684230506224
49	0.011941227191509432	0.17391803195786798
50	0.01227192646909802	0.1763098207595397
51	0.01241250394541393	0.17731677812245683
52	0.012596528936090581	0.17862637137547158
53	0.012853935441517484	0.1804422313267338
54	0.012891312580356142	0.1807043891135759
55	0.013292561842591278	0.18349510211418135
56	0.013438054975885485	0.1844965878057132
57	0.013518248162831146	0.18504627158512565
58	0.013785587554577783	0.18686706830776764
59	0.01381498194454338	0.187066186355417
60	0.013963133905478603	0.18806656103282035
61	0.014337499617961042	0.19057101250356764
62	0.014363361764216502	0.1907428121539864
63	0.014472004534762058	0.19146283122620042
64	0.014622941558566934	0.19245868047185785
65	0.014730231138852027	0.1931634317637191
66	0.015056791596163558	0.195292853613906
67	0.015152516718510818	0.19591266738079907
68	0.015375075477263805	0.19734619621904292
69	0.015559710056110732	0.19852759509458245
70	0.01569617655962342	0.19939628809419666
71	0.015865421203337626	0.20046840498329963
72	0.015951301681437765	0.20101024647750002
73	0.016128044126962313	0.20212078822726215
74	0.016383049177492573	0.2037124158530733
75	0.01641671692662506	0.20392162655672855
76	0.016579193086440663	0.20492824768278908
77	0.01682268546502393	0.2064276146708582
78	0.016933829506000753	0.20710840456983323
79	0.0171005404701083	0.20812538299987807
80	0.017326298841067372	0.20949469607393895
81	0.01757963094291992	0.2110206752754131
82	0.017591089581320715	0.21108943712048647
83	0.0178767933807553	0.21279672610813244
84	0.017934268398585893	0.21313852904461306
85	0.018081554451191098	0.21401194474381435
86	0.018234933009865343	0.2149177166287588
87	0.018400920316641464	0.21589366753304456
88	0.018466970560594084	0.216280796427596
89	0.018571976790755847	0.21689482887264133
90	0.01872544348141846	0.21778912383431115
91	0.018847088814363554	0.2184953859663574
92	0.019040833674489447	0.21961556218212647
93	0.019196987528760943	0.22051425687772586
94	0.019218584778790633	0.2206382649491363
95	0.019337302491200668	0.2213186829853878
96	0.01938168108193671	0.22157249766604448
97	0.019442826030681683	0.22192172873907046
98	0.019534323034252954	0.2224432923334774
99	0.0196879142423617	0.22331607505810502
100	0.019710320536635628	0.22344311398160974
101	0.019801692452507968	0.22396042720216214
102	0.020018125087350704	0.225181045430764
103	0.020339559458376035	0.22698173053125575
104	0.020389404529763157	0.22725968634097699
105	0.02049901949178022	0.22786975002906193
106	0.020676788698096436	0.22885566988484407
107	0.0207624446620455	0.22932921037200935
108	0.020913644709692716	0.23016272705379887
109	0.02092546327628142	0.2302277518105603
110	0.021123817245074502	0.23131635086256946
111	0.021207252319498587	0.2317727285270999
112	0.021288526971054957	0.23221642660751443
113	0.021380993057260572	0.23272019276154843
114	0.021565591600634235	0.23372265977428383
115	0.021683881743987173	0.23436278314935738
116	0.021732861610968227	0.23462732487496996
117	0.021951871492363603	0.23580657346326267
118	0.02208063598833505	0.23649715509318758
119	0.022210229131097877	0.23719015079193564
120	0.022391899175428793	0.2381582314994787
121	0.02252021410647458	0.23883962976940243
122	0.022666401668129596	0.23961357676064604
123	0.02283936219151003	0.24052604909237799
124	0.02288474474545188	0.24076489703459944
125	0.023018164315752928	0.2414657146755972
126	0.023259630086287064	0.2427289255651229
127	0.02334322704046156	0.24316472783839044
128	0.02343844845082053	0.24366018040488982
129	0.02357719587828932	0.24438030782885634
130	0.02368329673271998	0.24492956428028226
131	0.02376219194092345	0.24533718706215346
132	0.023946828651363383	0.24628850076053438
133	0.02412200001655919	0.24718766121829816
134	0.02424106861809346	0.24779698172037656
135	0.024308333865298192	0.2481405428611112
136	0.02439443421990418	0.24857961251377783
137	0.02444431063924335	0.24883360344540636
138	0.024522079450526552	0.24922911728755856
139	0.024627098248355215	0.24976222417840718
140	0.02465886977075428	0.2499232818945897
141	0.024826932722172228	0.2507735138769881
142	0.024873682909946664	0.25100951151554607
143	0.025026937466334397	0.25178159821103263
144	0.025165974929885496	0.25248001744150805
145	0.02526621547892282	0.2529823540966592
146	0.02528928244902044	0.25309780876598076
147	0.02541956042649695	0.25374888920794564
148	0.02554684064718957	0.2543833786624993
149	0.02562675968225779	0.25478096596986033
150	0.02563311551072367	0.25481255879983716
151	0.02569087754786964	0.25509949641561736
152	0.02582764035835459	0.25577759346263307
153	0.026010025580415114	0.2566791079970217
154	0.0260572227577206	0.25691188436683354
155	0.026225299281701434	0.25773913000914334
156	0.026252077922098983	0.25787068508542965
157	0.026332543911114517	0.2582655860887188
158	0.026479390473731282	0.25898470929059003
159	0.026675979226123532	0.25994431090828346
160	0.026742165059882576	0.26026658534867825
161	0.0268670773846901	0.26087372819852045
162	0.02696757117105466	0.26136115969834234
163	0.02710265794424297	0.26201495108643563
164	0.02715366378692638	0.26226138469417465
165	0.027176260909378438	0.26237048820621856
166	0.02728044589059124	0.26287292884969454
167	0.02739425114564673	0.26342066889443144
168	0.027471300345960487	0.2637908578878716
169	0.027590685290364216	0.264363428450732
170	0.027668284636333428	0.2647349310950106
171	0.027736747440372304	0.26506226070577693
172	0.027771897240145598	0.26523015954720075
173	0.027936949307033297	0.2660171409948425
174	0.028033906787788804	0.2664783583538877
175	0.028105720895620967	0.2668194571826429
176	0.02811000696716988	0.26683980114912903
177	0.028207367307150656	0.2673015078512629
178	0.028286111427623356	0.26767434932564405
179	0.0283521916340173	0.2679868287904163
180	0.028444489172328922	0.2684226756459853
181	0.02860436505328037	0.2691759705813956
182	0.028664780254958222	0.2694600835598642
183	0.028791585229492253	0.27005543391124004
184	0.028871793201101538	0.27043133426173716
185	0.02890756201559127	0.2705987989924462
186	0.02897085313337495	0.2708948657512854
187	0.02902908985611179	0.27116700321469167
188	0.02913890257657855	0.27167941126067996
189	0.029186703779594248	0.2719021595440508
190	0.029324140101958454	0.2725415833157824
191	0.02940561973273039	0.27291996070672203
192	0.02946515166573091	0.27319608544068497
193	0.029519890387957947	0.2734497319496579
194	0.02957548536549532	0.27370710554643046
195	0.02971230330130127	0.27433946764311656
196	0.029762036418153615	0.2745689694109563
197	0.02987345673557713	0.27508244205068977
198	0.029963280769340253	0.2754956929974767
199	0.03002064519297169	0.2757592838740749
200	0.030178234214965304	0.2764821156943363
201	0.030280029700514792	0.27694802991904177
202	0.030339035825097612	0.2772177402976081
203	0.03042269196285084	0.27759967400591073
204	0.030479683567254855	0.2778595696186026
205	0.03049379432393213	0.27792388057319434
206	0.030635484191703092	0.27856882097751756
207	0.030696866374155946	0.27884775578328536
208	0.03083016019116656	0.2794525149077826
209	0.0309205749206643	0.2798619861175307
210	0.030939800336033645	0.2799489771720852
211	0.031034576764369357	0.280377426547304
212	0.03112403338398989	0.2807812272606237
213	0.03122962768086646	0.28125712623986937
214	0.03131469675063542	0.2816399359675273
215	0.03134500821328312	0.28177621149354376
216	0.03140414292039413	0.2820418822208447
217	0.03150974019372157	0.2825156709721476
218	0.03166810188088341	0.2832247149961533
219	0.03173172736467403	0.2835090905383723
220	0.03181790647858063	0.28389381582490847
221	0.031873571355322726	0.2841420409648071
222	0.032064570739095764	0.2849921166186608
223	0.032074369277776286	0.28503565833632083
224	0.03219496976405631	0.28557102640808774
225	0.03230400643528966	0.28605419807898075
226	0.03235890561545215	0.2862971629033953
227	0.032459786500076714	0.2867430901565855
228	0.03251053772418053	0.2869671655521404
229	0.03258830647087937	0.28731018889302434
230	0.032705636746391896	0.28782693706748214
231	0.03275680848355567	0.2880520182643316
232	0.032858274074790146	0.28849779994189695
233	0.03291583730304086	0.28875039382117057
234	0.03298267652250652	0.2890434148232569
235	0.03307786261169686	0.2894601955940556
236	0.03311811911304767	0.2896362818131359
237	0.03318808194385209	0.28994205225062014
238	0.033364161838556214	0.290710180845342
239	0.03339629375697766	0.2908501338272661
240	0.0334290820249057	0.29099287620192454
241	0.033579682686000804	0.29164761259332683
242	0.033628323080674885	0.2918587629153184
243	0.03373069105425353	0.2923026489732877
244	0.0338235725880289	0.29270481764125145
245	0.03391818307720711	0.29311390523002145
246	0.03396606779636702	0.2933207371629689
247	0.03399038216443419	0.2934257041631677
248	0.034172500024388375	0.2942107302464246
249	0.034231617215145824	0.29446510724653785
250	0.03430151418367905	0.29476558563610533
251	0.03438033746444793	0.29510407008056844
252	0.03443380323113349	0.29533344298823827
253	0.034521134194968224	0.29570771796314765
254	0.03468407228607378	0.29640475952554485
255	0.03472222718951937	0.29656774768828303
256	0.03478151777860902	0.2968208445941565
257	0.034899592482451725	0.2973242346403683
258	0.03499630809736079	0.29773593001021476
259	0.03501423338980934	0.2978121712006811
260	0.03508186432529316	0.2980996485676802
261	0.03512330972881649	0.2982756827328515
262	0.03515813630587633	0.29842352397226835
263	0.03524445515098487	0.29878963812192094
264	0.03530187352409982	0.2990329250889429
265	0.035414996393932204	0.29951165897850995
266	0.03545974130227314	0.2997008075414132
267	0.03556000538800786	0.30012421751193197
268	0.03559131748600082	0.30025632450949497
269	0.03563784425022243	0.30045251551375207
270	0.0356620143821479	0.3005543839938948
271	0.03569313260729114	0.30068548538811424
272	0.03576570779548187	0.300991023491421
273	0.03583175020359339	0.3012687896156557
274	0.03589781435991674	0.30154639122266974
275	0.03595730133523164	0.30179613703330044
276	0.03599042090020786	0.3019350942940873
277	0.03604976238642207	0.3021839090801979
278	0.03609756141155445	0.30238417824369584
279	0.03621017624462593	0.30285549022062647
280	0.0362564974323036	0.30304913940794653
281	0.03635248368290941	0.30345002374213176
282	0.03646144244872388	0.3039044466394149
283	0.0364768303143045	0.30396856845088666
284	0.036573832154137224	0.30437246777073923
285	0.03662358562543893	0.3045794250305794
286	0.0366848580126598	0.3048341039351687
287	0.0368492862353623	0.30551650115143003
288	0.036863839549257246	0.30557682577474415
289	0.0369031526128768	0.3057397219925246
290	0.03707391708140789	0.3064462906548329
291	0.03714331695002564	0.30673297993041343
292	0.03717429647328301	0.3068608691673579
293	0.037223360625495264	0.30706330613670385
294	0.037320314678330906	0.30746294323136525
295	0.037376963168537516	0.3076962036855922
296	0.03745130379441565	0.30800204669410497
297	0.03746513618602003	0.3080589207035218
298	0.03753968539466427	0.3083652606513416
299	0.03762337751219419	0.3087088087290104
300	0.037687003373238756	0.3089697311642726
301	0.03775345210411516	0.3092419948476909
302	0.03783791680364461	0.3095877306366665
303	0.037877570969344646	0.3097499122452221
304	0.03794635457820554	0.31003102917709296
305	0.03803419904952036	0.31038967717682825
306	0.03812915588719482	0.31077689775419526
307	0.03820031291565552	0.31106675013007506
308	0.038260966063928266	0.3113136027479451
309	0.03831224904989388	0.31152216707149266
310	0.03837884363477929	0.3117927943861056
311	0.03842465252550436	0.3119788164393162
312	0.038457617185661756	0.31211261167492615
313	0.03855321388422282	0.3125002906124883
314	0.038573421237959184	0.3125821771276771
315	0.038598820158756236	0.31268507107929
316	0.03869087919422728	0.31305772939972853
317	0.0388389798752326	0.3136563172398823
318	0.03889512233681607	0.313882933370135
319	0.03895467227889972	0.31412312494710803
320	0.03897167465268986	0.3141916694352032
321	0.0390277967350314	0.3144178176214129
322	0.03906584191291143	0.31457103108711804
323	0.03911704097285194	0.31477709944200366
324	0.03918144527571365	0.31503612544931675
325	0.039257792908406426	0.31534291041817086
326	0.03931487558254437	0.3155720888383202
327	0.039365377377923116	0.31577470734040874
328	0.03941132190895147	0.3159589287432833
329	0.0394870195581749	0.31626221563463114
330	0.039585768439074256	0.316657421949359
331	0.039639821452140386	0.3168735406392336
332	0.03965580283379573	0.31693741033506445
333	0.03979510776258258	0.31749359926905035
334	0.0398956368717901	0.3178943673380982
335	0.03997315361959809	0.31820304995608995
336	0.04001551931880006	0.31837162965804505
337	0.04007199884879808	0.3185962317604257
338	0.040120358556411835	0.31878841801794777
339	0.040130763596553085	0.31882975353151854
340	0.04025481961128996	0.31932217162820803
341	0.040281397044438075	0.31942756724803284
342	0.040392960710216086	0.31986960590965324
343	0.040488508785534366	0.32024770239149314
344	0.040497358138113476	0.32028269787639596
345	0.04058687101956983	0.320636469130651
346	0.04061564542185171	0.3207501079486041
347	0.04070567984491742	0.3211054213291319
348	0.04077603823311888	0.3213828114356994
349	0.04083027459201199	0.32159647664169044
350	0.04085480224503936	0.3216930572133759
351	0.04096270565482031	0.32211759590145655
352	0.04100089518372953	0.32226771603150556
353	0.04107435676456186	0.32255629145047165
354	0.041089099761720156	0.3226141745217612
355	0.04113197223822306	0.32278243888727703
356	0.04121131049554116	0.3230935917154315
357	0.04124220250589206	0.32321466455585074
358	0.04126067285533616	0.323287032411859
359	0.0413497821033513	0.32363594004344404
360	0.04141350348829021	0.32388521090271
361	0.04149913700549183	0.32421989771546417
362	0.0416122506196516	0.32466145783961375
363	0.041642623008099976	0.3247799198923184
364	0.041734331801820304	0.32513735167401925
365	0.04175605642202862	0.325221965063026
366	0.04183594467335784	0.32553292592934563
367	0.04188537033590283	0.3257251641030337
368	0.041955575218735754	0.3259980269505665
369	0.04197086417924882	0.32605741973626634
370	0.042087009172510584	0.3265082536015878
371	0.04211518172801782	0.32661751573781067
372	0.04225555735711703	0.3271613932132482
373	0.042327219218044596	0.3274386947560966
374	0.042471864698133265	0.3279976983226868
375	0.042483132795500186	0.32804120553530386
376	0.04253507341368479	0.32824167872459525
377	0.042561473401871316	0.3283435268179405
378	0.042647568078198535	0.3286754508114173
379	0.04269406673220311	0.3288545794612979
380	0.04279879304008365	0.3292576639496528
381	0.04286706167080577	0.3295201598254686
382	0.04295382977600921	0.32985348551973603
383	0.04301089882646257	0.3300725367295811
384	0.04302009035867974	0.330107803491832
385	0.04304289506696826	0.3301952860462005
386	0.043145815424259354	0.3305898172021681
387	0.043239848422312904	0.330949868717984
388	0.0432824276653453	0.33111277548148765
389	0.04330021861902802	0.3311808193407358
390	0.043322730208563906	0.3312668978658401
391	0.043382158389526415	0.3314940285474684
392	0.04341367916985051	0.3316144358015066
393	0.043492947635659196	0.3319170429513257
394	0.043501924377467756	0.3319512942499131
395	0.043619078604037	0.33239797965227225
396	0.043677680336657095	0.332621191146592
397	0.043744330431819724	0.3328748765874797
398	0.043768768313867945	0.33296784430560583
399	0.043838759750438556	0.333233965438005
400	0.0438710745678273	0.3333567610087444
401	0.043911747215613244	0.3335112518801505
402	0.043959736803445705	0.33369344341288687
403	0.04400259211057716	0.33385605871076374
404	0.04405937795215583	0.33407141175953164
405	0.04408852525576622	0.3341818952869481
406	0.04411220766943442	0.3342716371339434
407	0.044227303439080594	0.33470743699927985
408	0.04423812349362848	0.3347483769952933
409	0.04431519691930983	0.33503985609026515
410	0.04435862110505784	0.33520396763238186
411	0.04438810936129958	0.3353153658008618
412	0.04441950038525116	0.3354339114263139
413	0.04445068901903317	0.33555165126558095
414	0.04452205217478205	0.3358208981769058
415	0.04455972045846479	0.3359629302908127
416	0.044650706010334315	0.33630575318438044
417	0.044669610899789165	0.336376940751495
418	0.04468859289654674	0.33644840351655064
419	0.0447623444939056	0.33672591704143906
420	0.04479559994510811	0.3368509763224491
421	0.04484947469270506	0.3370534773286106
422	0.04486789398080786	0.3371226826855988
423	0.04494257224320786	0.337403120065106
424	0.04497179288493003	0.33751278817230895
425	0.045048754670009065	0.33780146337589945
426	0.04508806350401639	0.33794881135856075
427	0.04512134287925996	0.3380735078957787
428	0.045194457686253395	0.3383473048668779
429	0.045240053601528815	0.33851793824455445
430	0.045303432421759465	0.3387549777353686
431	0.0454260918763626	0.3392132588339234
432	0.04546553780277202	0.3393605054622688
433	0.04550574125135253	0.3395105141119474
434	0.0455428356994777	0.3396488635743631
435	0.04562727465787234	0.3399635817373414
436	0.04567232897553198	0.3401313875953795
437	0.04572279350639462	0.3403192456761392
438	0.0457705707630522	0.34049700466011656
439	0.04587306043056798	0.3408780127013128
440	0.045965470382032345	0.3412211844022068
441	0.04598963969303312	0.34131088213654487
442	0.046045541497524885	0.3415182560125396
443	0.0460753788015768	0.3416288892408743
444	0.0461273278355678	0.3418214247298217
445	0.046169817601825966	0.34197882133198165
446	0.046248753083243006	0.34227103317384944
447	0.04634560840509542	0.3426292421062201
448	0.04636947097854167	0.3427174377690196
449	0.0464308998469149	0.3429443734665291
450	0.04644750813535237	0.34300570341968617
451	0.046524010336756454	0.3432880640488951
452	0.046567918576184045	0.3434500193452289
453	0.046595240305015315	0.34355075685533065
454	0.04665993328278145	0.3437891676055871
455	0.04670044361972347	0.3439383747783835
456	0.0467366031429042	0.34407150243436724
457	0.046786496570024434	0.3442551093517442
458	0.04686635321061229	0.3445487767334297
459	0.046933854901609666	0.3447968145579433
460	0.04700498482884747	0.3450579915606508
461	0.047025307921958144	0.3451325782016516
462	0.047065722982169836	0.345280855362117
463	0.04709757582337268	0.3453976740931374
464	0.0471328440969259	0.3455269726801597
465	0.04715781467084091	0.3456184891642375
466	0.04728589414354704	0.34608751660043163
467	0.04732269915308117	0.346222179134924
468	0.047420407567779405	0.346579421822397
469	0.0474453671205294	0.3466706202095357
470	0.04746143246420144	0.34672930782872974
471	0.047515223097207085	0.3469257358175697
472	0.04759439205718196	0.3472146360551944
473	0.04759868394554913	0.34723029097586006
474	0.04772207223846904	0.3476800557530512
475	0.04776479947898131	0.3478356659876098
476	0.04778446605445549	0.3479072671714291
477	0.04785755332219067	0.34817323096794633
478	0.04792305556713581	0.34841142043199885
479	0.04796527155938215	0.3485648465422982
480	0.04813856988395697	0.3491939604710203
481	0.04817683307706762	0.34933271222413115
482	0.048217982658629636	0.3494818692545579
483	0.048255870569754625	0.3496191472698772
484	0.048432022420862426	0.35025668585945086
485	0.04854074861887847	0.3506496152375461
486	0.048582873687538684	0.3508017341914343
487	0.048634213745863464	0.3509870404996543
488	0.04872067226866228	0.35129888214372423
489	0.0487517359826844	0.351410856266968
490	0.04878070204226842	0.3515152369220596
491	0.048857529445924544	0.35179193833188405
492	0.048864856381079735	0.3518183156387262
493	0.04893944926978376	0.3520867410359349
494	0.048958065665540604	0.3521537009526561
495	0.049041220040157145	0.3524526373660086
496	0.04909657846355508	0.3526515080229843
497	0.04916505881016031	0.35289736306085073
498	0.04920494479480437	0.3530404810141589
499	0.049238031942019284	0.353159159526858
500	0.04929877697810648	0.3533769388792776
501	0.04934116806838979	0.3535288373213855
502	0.04942242291222611	0.3538198125341994
503	0.04946254420616775	0.35396339947310496
504	0.049520814547907716	0.3541718349424701
505	0.049559876451657624	0.3543114923688365
506	0.049569330565602955	0.35434528524452125
507	0.049621473699756155	0.3545316082902163
508	0.0497684993081797	0.355056448320202
509	0.04981022897098116	0.35520527018119225
510	0.04984669714089638	0.35533527677118226
511	0.04992703379393827	0.35562150390200636
512	0.04996972699563516	0.3557735195047509
513	0.05000952693152379	0.35591517472027
514	0.05003691017385664	0.35601260393322104
515	0.05011759517421058	0.3562995251931081
516	0.050212176340225165	0.35663556825587206
517	0.05026444824236016	0.35682115242810847
518	0.050272556674523405	0.35684993165017853
519	0.05031928139146506	0.3570157262774639
520	0.05039444305387829	0.35728226309809547
521	0.050421207977282355	0.3573771283497379
522	0.05045110928599966	0.3574830803930775
523	0.050489456450274334	0.3576189134668327
524	0.050548789806043354	0.3578289820782404
525	0.05056935772535948	0.35790177362430314
526	0.050639331514869705	0.3581493057970531
527	0.050737676306138936	0.3584969114363589
528	0.050753443765086115	0.358552611131911
529	0.05079850124958431	0.3587117323019745
530	0.050910864164355925	0.359108236440263
531	0.050948813239677086	0.3592420515613545
532	0.05096728685762208	0.3593071747557174
533	0.051062295052895154	0.35964191135216506
534	0.0511096087278034	0.3598084925897168
535	0.05118158092257045	0.3600617433702526
536	0.051228036315419244	0.3602251128441999
537	0.05125478017511803	0.36031912926132037
538	0.051291676567417566	0.36044879603789276
539	0.051331701435554086	0.3605894046426898
540	0.05136117692114767	0.36069291789251234
541	0.051400352459887264	0.36083045023490184
542	0.05142872859831442	0.3609300367315843
543	0.05146879192453982	0.3610705928290796
544	0.05154805472004518	0.3613485132285692
545	0.05156234812510016	0.36139860767644255
546	0.05166657324326361	0.36176367830256545
547	0.05167465801123758	0.36179198152463804
548	0.05176305309926699	0.3621012914493459
549	0.05178545359085107	0.36217963274781273
550	0.05184385795688723	0.36238381084812304
551	0.05185577918419324	0.36242547259587937
552	0.051901188715911824	0.36258412385809935
553	0.05202229137191431	0.3630068917875549
554	0.052094418381585884	0.36325845253089073
555	0.052096782369178356	0.36326669457254696
556	0.05219499301091279	0.36360894082437
557	0.05221171858703478	0.36366719432288547
558	0.052233364074289	0.3637425695274422
559	0.052310153927345816	0.36400984582368
560	0.05237568318896401	0.3642377731858624
561	0.05241496861508573	0.3643743494845566
562	0.05242368448043344	0.3644046433665999
563	0.05247728013675535	0.36459087137584967
564	0.05250743170144073	0.3646955967600823
565	0.05251807933287149	0.36473257197800507
566	0.05259527923629355	0.36500054616610256
567	0.052658298845938194	0.36521915234233704
568	0.052702104830330485	0.3653710320926176
569	0.05272421762644663	0.3654476754055869
570	0.05279671382727807	0.36569883576702295
571	0.052827975412487606	0.3658070871399057
572	0.05283985560157875	0.36584821698664627
573	0.052921308683254016	0.36613008745327913
574	0.05302777610773602	0.36649819382274684
575	0.05307031789022598	0.3666451767980542
576	0.05308450494113619	0.36669418033158674
577	0.05311385384188373	0.3667955336739237
578	0.05317051000431419	0.3669911105996169
579	0.053224891561588564	0.3671787376101341
580	0.05332860288870842	0.3675362964573499
581	0.05335600091507752	0.3676306967938593
582	0.05340861649832574	0.3678119166836539
583	0.053440582906856354	0.36792197258829085
584	0.05349694839654023	0.3681159509809268
585	0.053545509926226996	0.3682829905905488
586	0.05359795439247923	0.36846330148777146
587	0.05361547547416776	0.36852352158535023
588	0.05365639748431985	0.3686641325438979
589	0.053720986907347335	0.3688859573692109
590	0.05377054255914074	0.36905606007304576
591	0.05382281954818286	0.369235418990189
592	0.05383935230752414	0.3692921236710962
593	0.053859235229193475	0.3693603073348174
594	0.053943244015943755	0.3696482562887206
595	0.05399369309649034	0.3698210680737402
596	0.05403282610910519	0.36995506141986617
597	0.05408140128761168	0.37012131772537415
598	0.05419009785714148	0.3704930788313434
599	0.05423561967527887	0.37064866055922646
600	0.05428482545663721	0.37081675970029127
601	0.054295249981822426	0.3708523626800827
602	0.05435468183711971	0.37105527560401447
603	0.054389093449743776	0.3711727134187723
604	0.05443216698837727	0.37131965977395004
605	0.054474552331009604	0.3714642015885164
606	0.054505487653912804	0.3715696612347997
607	0.05454561636276648	0.37170641688993783
608	0.054592901566868246	0.3718674968028352
609	0.0546409390406363	0.3720310679512974
610	0.05475644470590429	0.37242407922842835
611	0.05478814761718016	0.37253187675896265
612	0.05490523123942226	0.37292971922525153
613	0.05494412568608029	0.3730617861236549
614	0.05498277870132596	0.37319298693465075
615	0.05501403574374317	0.3732990497049323
616	0.055088522717940666	0.3735516807892335
617	0.05510424022499301	0.3736049666839781
618	0.05512328674720121	0.37366952850789587
619	0.05517704007870489	0.3738516755541923
620	0.055258597485793766	0.3741278693712546
621	0.0552861677482414	0.37422118984754427
622	0.055336764764948455	0.37439239131090035
623	0.05545120755656369	0.37477933460803203
624	0.05549509912199073	0.37492763072798757
625	0.055521346124767904	0.375016283270522
626	0.055550716161790976	0.37511545941340785
627	0.055599068195492124	0.3752786764833931
628	0.0556670167228502	0.37550792355641915
629	0.055733968577697225	0.37573367121302276
630	0.05574269568991114	0.37576308721946844
631	0.05576644075880766	0.3758431117885271
632	0.05582504950188789	0.37604055946061393
633	0.055843317250584334	0.37610208070080875
634	0.055900950680222924	0.37629610985264894
635	0.055916723893030484	0.37634919463848765
636	0.05596051631052842	0.37649653888776036
637	0.056030414025386215	0.37673159779159243
638	0.05608618566349938	0.3769190469906469
639	0.056134370243437245	0.37708092095887713
640	0.05615459956464928	0.37714885976289225
641	0.056180900335494326	0.3772371708239936
642	0.05624296655782873	0.37744549093759694
643	0.0562737184878834	0.3775486646486266
644	0.0563216051314249	0.37770926976063235
645	0.05635665923498382	0.377826793047745
646	0.05640020821779894	0.3779727455874469
647	0.05645288617924774	0.3781492182222587
648	0.0564730264068587	0.3782166667858944
649	0.05651130703380813	0.3783448334462795
650	0.05656592878882086	0.3785276363983264
651	0.05658927403373344	0.3786057391449555
652	0.05661278101185423	0.3786843667022643
653	0.0566626128696084	0.37885099334039934
654	0.05672535325003831	0.3790606790412921
655	0.056737136744632655	0.379100047923697
656	0.05676162914490822	0.3791818644271174
657	0.056838090846398376	0.3794371701124562
658	0.056873379872174744	0.37955494228044384
659	0.05694064491083032	0.3797793287462184
660	0.05699109776150589	0.37994754520418583
661	0.05701609420341781	0.38003085905455464
662	0.05705043604205463	0.38014529160210736
663	0.05705447625254506	0.3801587519707802
664	0.057112303177779475	0.38035135600232906
665	0.0571397973693729	0.38044289665299696
666	0.057211311562997566	0.38068089679207373
667	0.05722830615388561	0.3807374331268725
668	0.05732348562344563	0.381053914029209
669	0.05733955260173756	0.3811073123523691
670	0.0573559763000059	0.38116188849643523
671	0.05743588621869565	0.3814273186740812
672	0.05749000959197134	0.3816069909435907
673	0.05751681864565661	0.38169595709587784
674	0.057549979188134946	0.38180597205743183
675	0.05762771527199121	0.3820637487376804
676	0.057640942082108126	0.38210759217911705
677	0.05770846348764158	0.3823313297641558
678	0.05772482238995592	0.3823855165966428
679	0.05780813883836799	0.3826613729293878
680	0.05783253187345362	0.3827420993461694
681	0.057869471601425915	0.3828643154382304
682	0.057885310000179886	0.38291670526201577
683	0.05789953857879715	0.38296376405530347
684	0.05796166833115385	0.3831691807552705
685	0.05804033682018331	0.38342912081808483
686	0.05807185460914883	0.38353321392475453
687	0.05813742059333655	0.38374966679024397
688	0.05813993359006979	0.38375796051249933
689	0.05819065834643932	0.38392533071632645
690	0.05819624653925904	0.3839437649232221
691	0.05825133803873821	0.38412545219220134
692	0.058315048207381856	0.3843354560333259
693	0.058346997720978906	0.3844407260264368
694	0.058364939494916404	0.384499829482471
695	0.05838982874606708	0.38458180414800575
696	0.05844714738492963	0.38477052107736015
697	0.05849886771342492	0.38494072662258844
698	0.058504867066315955	0.3849604649196224
699	0.05852651311937736	0.3850316735595721
700	0.058593445211850816	0.38525177561559687
701	0.058674883852440164	0.3855194120942678
702	0.05867962348391733	0.3855349824961367
703	0.058732955873959804	0.3857101440855329
704	0.05877406973836746	0.3858451216299954
705	0.05881865455348072	0.3859914410212987
706	0.05884736045637168	0.38608561931673224
707	0.05891658528791279	0.38631263762654067
708	0.0589188945388856	0.3863202083648023
709	0.05896041951448443	0.3864563201488888
710	0.058979914193637475	0.38652020384735436
711	0.059000016173533634	0.38658606660371736
712	0.05902863074240265	0.38667980092298515
713	0.05907243159196944	0.3868232377843192
714	0.059116479838862195	0.3869674311913034
715	0.05915152369583625	0.3870821100613239
716	0.05919810191875674	0.3872344818666387
717	0.05921103483509971	0.38727677881113776
718	0.05927216417962422	0.3874766390957615
719	0.05932937649338358	0.3876635994373504
720	0.05935693276559296	0.3877536165939297
721	0.05938441246371258	0.38784336280280296
722	0.059452879601535835	0.3880668800044239
723	0.059475723383636984	0.38814142697272325
724	0.059484975681319434	0.38817161626817187
725	0.059540459045666	0.3883526035447616
726	0.059580896271151235	0.3884844570491393
727	0.059624490120658034	0.3886265532353542
728	0.05970648888204349	0.3888936913459549
729	0.05974016160298624	0.389003338246951
730	0.05976784697129481	0.38909346566661973
731	0.05979493258517048	0.3891816204369417
732	0.05984880631549767	0.3893569023904294
733	0.05988206280068456	0.3894650653141723
734	0.059908496162216454	0.3895510153845669
735	0.05996071519696911	0.3897207538064117
736	0.060028794229943366	0.389941934334526
737	0.06006334313482636	0.39005413156508073
738	0.06010983972087989	0.3902050778493109
739	0.0601374607220187	0.390294718888983
740	0.060175923006751536	0.39041950988396046
741	0.06019612544866534	0.3904850407905902
742	0.06024710858604885	0.3906503665388155
743	0.06027725398137848	0.39074808771808656
744	0.06032275691761185	0.3908955465841744
745	0.06033939214125659	0.3909494415561954
746	0.06036431374549966	0.39103016893089865
747	0.060398885078681075	0.39114212662932163
748	0.06041625178404634	0.39119835582823315
749	0.060509653869533504	0.39150063071366853
750	0.060552357223707595	0.39163875281820365
751	0.060578858090797466	0.39172444420733893
752	0.06062894297010502	0.39188634407305273
753	0.06063752483666556	0.39191407832954267
754	0.0607151214719094	0.39216476048492943
755	0.06075316703966133	0.3922876112180445
756	0.06079467750396169	0.39242160637458195
757	0.060810149202813	0.3924715370834364
758	0.060842107588097265	0.3925746539911494
759	0.060882455597823064	0.39270480218464576
760	0.06089591644052117	0.392748212436121
761	0.06093628506745235	0.3928783695984939
762	0.06096200969771069	0.3929612888670546
763	0.06105610514562791	0.3932644416955306
764	0.061086762623496535	0.39336316223148377
765	0.06111798433762769	0.39346367421473327
766	0.061136121816880724	0.3935220523658474
767	0.0611633250033521	0.39360959360076025
768	0.06124090108573885	0.39385913051098304
769	0.061273779264798045	0.39396484118173974
770	0.06131952314222736	0.39411187077089127
771	0.061370799611947156	0.3942766179951606
772	0.06141278131974602	0.3944114506525847
773	0.061469329322525364	0.3945929930577595
774	0.06149085151282654	0.39466206622273337
775	0.061531981151464986	0.3947940337783411
776	0.061545296356634374	0.3948367471698786
777	0.06157661808285087	0.39493720485042616
778	0.06162491724366966	0.39509206392774715
779	0.06164589274291152	0.3951592976749658
780	0.06168396545749394	0.395281304707995
781	0.0616950221137089	0.3953167295840579
782	0.06182340854805942	0.3957278399688956
783	0.06182595169765489	0.39573597915735426
784	0.06187406711063913	0.3958899379430438
785	0.06192206450601979	0.39604345946800085
786	0.06193958705240232	0.3960994911835851
787	0.06198381973718123	0.39624089846376365
788	0.06200471732932476	0.3963076883365631
789	0.06205278014069667	0.3964612570707849
790	0.06206790877571033	0.39650958328686353
791	0.06208413202407991	0.3965613995417603
792	0.06210164950863682	0.39661734192200737
793	0.06220527251461279	0.39694810246910206
794	0.062242586880228226	0.397067140980123
795	0.062264681623692454	0.3971376097590733
796	0.06229972362328518	0.3972493467673407
797	0.06231929945742242	0.3973117537579719
798	0.062374721957066795	0.3974883853723193
799	0.062433383671445845	0.3976752549057197
800	0.06248794963168159	0.39784899843573635
801	0.06250110498084946	0.39789087504622794
802	0.06255587244184896	0.39806516557523575
803	0.06258575155463725	0.3981602199131818
804	0.06262411769181236	0.39828224073150187
805	0.06266641620216541	0.3984167248755065
806	0.06269537079578454	0.39850875712207967
807	0.06271808033647545	0.39858092458316924
808	0.06275327457610748	0.39869274070645877
809	0.06282818600218458	0.39893063852135346
810	0.0628481883737317	0.39899413648585424
811	0.0628917468282207	0.3991323787971756
812	0.06293243950815931	0.3992614826986841
813	0.06296814226903855	0.39937472092831877
814	0.06299022008630495	0.3994447289438598
815	0.06304904881719955	0.39963121299173504
816	0.06308432693068482	0.3997430010677501
817	0.06310486785380895	0.39980807604245616
818	0.0631306063074695	0.3998896021823312
819	0.063144167053966	0.39993254894507835
820	0.06320887029263507	0.4001374000564684
821	0.0632465667797663	0.4002566991836184
822	0.06326268286618128	0.40030769136398175
823	0.06328316200201976	0.40037247910196944
824	0.06330870308383059	0.400453266110159
825	0.0633368249910672	0.400542197479249
826	0.06339081670229998	0.40071288295209273
827	0.06342737906954561	0.40082842728773854
828	0.06344277026888143	0.4008770565713818
829	0.06348840820141502	0.4010212172927476
830	0.06352268038730614	0.40112944192616873
831	0.06356130533565948	0.4012513767168476
832	0.0635967353584052	0.40136319289793293
833	0.06361478586723086	0.4014201478329509
834	0.06365121168321446	0.4015350579414268
835	0.06366089261293911	0.4015655921982048
836	0.06367387819565565	0.4016065458913542
837	0.06372529717935396	0.40176866914939924
838	0.06375727802998463	0.4018694712852695
839	0.06378869099466354	0.4019684588623891
840	0.06381794453558778	0.40206061981377156
841	0.06383958733114596	0.40212879012405356
842	0.06386962366856899	0.4022233792038461
843	0.06388894800564032	0.4022842227776366
844	0.06391088148417358	0.40235327020665057
845	0.06396859029949599	0.40253488318767244
846	0.0639757487849555	0.40255740564348763
847	0.06401877885326708	0.4026927628785891
848	0.06405976212404611	0.40282163932992615
849	0.06408115825516351	0.4028889054636804
850	0.06413217664311677	0.4030492541019531
851	0.0641694906932534	0.4031664902063808
852	0.06418699779202883	0.4032214835851369
853	0.06421160579016193	0.4032987696634695
854	0.06422914221775386	0.40335383709851497
855	0.06427535962160257	0.4034989317875656
856	0.06430404445650058	0.4035889585820491
857	0.0643171375728307	0.40363004439766087
858	0.06435545945538548	0.4037502733163008
859	0.06438383244706784	0.4038392660830924
860	0.06441149695192405	0.40392601778045656
861	0.06442241827870825	0.40396026027804427
862	0.06442842572276898	0.4039790946540216
863	0.06449683070473887	0.4041934942092072
864	0.06455057264051986	0.4043618561075085
865	0.06456507836706436	0.4044072874087449
866	0.06457950490354088	0.4044524656286611
867	0.06460776452023359	0.4045409489760495
868	0.06462980670207791	0.4046099515549823
869	0.06466762585442341	0.4047283161941577
870	0.06472050201326764	0.40489374754917906
871	0.06473835396846826	0.40494958493029154
872	0.06474310886188492	0.40496445599700015
873	0.0647726481498395	0.4050568287431529
874	0.0648222890402143	0.40521201408120805
875	0.06486953923543637	0.4053596705377477
876	0.06491781080933916	0.4055104632726711
877	0.06493873601715801	0.40557581288119093
878	0.06495021577987696	0.4056116598088797
879	0.06496389887092888	0.4056543827539128
880	0.06502678970953882	0.40585069003602603
881	0.06504863200209489	0.405918846293343
882	0.06508487878663087	0.40603192479651246
883	0.06511256841089585	0.40611828645311393
884	0.06516425225796235	0.4062794350021398
885	0.06517643998698802	0.4063174266308774
886	0.06519521509405608	0.4063759455058007
887	0.06524598464250941	0.4065341435283572
888	0.06526013737821001	0.40657823251211
889	0.06531637524572707	0.4067533790090493
890	0.06533218092557581	0.40680259044167455
891	0.06535321173205962	0.40686806122528535
892	0.06539683099195902	0.4070038183129563
893	0.06542001836799595	0.4070759664128881
894	0.06547163274105541	0.4072365199307591
895	0.06550306151298255	0.4073342523955542
896	0.06554890727090751	0.4074767745971955
897	0.0655977786734091	0.40762864784613645
898	0.06562861618908704	0.407724449701785
899	0.06568538027619276	0.40790073792164355
900	0.0657053348326295	0.407962691283124
901	0.06572595348182877	0.40802669658680046
902	0.06579168959412239	0.4082306904744367
903	0.06579545270506888	0.40824236516635626
904	0.06584066871989375	0.408382617431498
905	0.06586764482742052	0.40846626971984085
906	0.06591999529538957	0.40862855845297813
907	0.06596508448486321	0.40876828526020953
908	0.06599631810671762	0.4088650470790973
909	0.06601993641759964	0.4089382014478082
910	0.06606178376199155	0.4090677855381144
911	0.06607550537351295	0.4091102668145709
912	0.0661190591801834	0.409245077544284
913	0.0661723346830991	0.4094099191759253
914	0.06619185283642004	0.4094702943799214
915	0.06624473877645641	0.40963384092465904
916	0.06626282205131157	0.40968974737112485
917	0.06631037218659284	0.40983671748732325
918	0.06633088843301922	0.40990011375955654
919	0.06636351959459694	0.4100009255574833
920	0.06637649901536477	0.4100410177224762
921	0.06641621106034751	0.4101636600187558
922	0.06645878001535833	0.4102950845705096
923	0.06647533854472296	0.4103461948984066
924	0.06652109207242332	0.41048738678210506
925	0.06653875001033675	0.41054186484019967
926	0.06656057079497409	0.41060917607826836
927	0.06661355051678669	0.4107725583370901
928	0.0666284858338362	0.4108186050836176
929	0.06667301680702119	0.4109558669196543
930	0.0666911677841076	0.411011802163596
931	0.06672072249578848	0.41110286362057336
932	0.06677060667598474	0.4112565167649532
933	0.06678325836630242	0.4112954773488336
934	0.06682196102544279	0.41141463837410297
935	0.06684719254495457	0.4114923047325026
936	0.06687267919567733	0.41157074154335455
937	0.06691143373454743	0.4116899824969348
938	0.06693851190241494	0.4117732768026967
939	0.0669788914961972	0.41189745592172694
940	0.06701837517991338	0.41201884366378516
941	0.06704449674081571	0.4120991315457917
942	0.06705533366377989	0.41213243559243123
943	0.06707683757291648	0.4121985134683709
944	0.06712954862727098	0.41236044083548645
945	0.06715837538353062	0.4124489691982292
946	0.06719928376596912	0.4125745682127738
947	0.06722966139083905	0.4126678104222389
948	0.06725189196070648	0.4127360324105525
949	0.06726066595878431	0.41276295527430196
950	0.06727822488983776	0.4128168292823543
951	0.06730991327532189	0.4129140372485397
952	0.06737287840302209	0.4131071225343529
953	0.06741741634369185	0.41324364557763404
954	0.06744786428800113	0.4133369523212777
955	0.06748029209894929	0.4134363031459326
956	0.06749631160084489	0.41348537414438863
957	0.06751799595128144	0.4135517884529853
958	0.06756335613479103	0.413690682055794
959	0.0675817415036516	0.4137469650682292
960	0.06759998619583817	0.41380280986041507
961	0.06763100039025415	0.41389772326095303
962	0.06767587387327804	0.41403501202312964
963	0.06768905946601361	0.4140753442039015
964	0.0677091324330544	0.4141367359907736
965	0.06771391766842899	0.4141513699601873
966	0.06775056922266344	0.4142634387818532
967	0.06776033763625094	0.4142933023741146
968	0.06780133414731017	0.4144186117535367
969	0.06785468984585522	0.41458164133381686
970	0.06787654019447953	0.41464838708320206
971	0.06791357705343708	0.414761498177486
972	0.06794966884702806	0.4148716933602782
973	0.06797386837513855	0.41494556278196226
974	0.06798521077154238	0.4149801810908248
975	0.06804262084669993	0.4151553590132529
976	0.06808328024964805	0.4152793801626573
977	0.06810046256983827	0.4153317793207989
978	0.06812902138899872	0.4154188575977562
979	0.06815633112620895	0.41550211024774153
980	0.06818509648945602	0.41558978228134275
981	0.06820872241729047	0.415661776341048
982	0.0682213911757994	0.4157003760537048
983	0.06824500210675533	0.4157723052801811
984	0.06825949489025539	0.4158164504772162
985	0.06831812565843053	0.41599499270815343
986	0.06832936285688117	0.4160292034394492
987	0.06834063931380663	0.4160635308622314
988	0.06836919810751342	0.41615045594486155
989	0.06840055010811216	0.41624586187540547
990	0.06843259436397617	0.4163433517864242
991	0.06849037700400562	0.41651908925504094
992	0.06850469838987241	0.41656263419568357
993	0.06852917062813796	0.41663703281364023
994	0.0685694088125206	0.4167593329771048
995	0.06857405536292031	0.41677345341706223
996	0.06862453910217539	0.4169268380407152
997	0.06864465697502278	0.41698794640358366
998	0.06867223466232955	0.41707169952407835
999	0.06871506759464464	0.41720174931196846
1000	0.06872520812286573	0.41723253215326866
1001	0.06876744559445011	0.41736072485613696
1002	0.06878156339511904	0.41740356426282166
1003	0.06880029697764581	0.41746040312610583
1004	0.06885335791502643	0.41762135134924744
1005	0.06887061168351181	0.4176736733490842
1006	0.06887670012525793	0.41769213496549
1007	0.0688968628938865	0.41775326749364944
1008	0.0689232538798422	0.4178332701568973
1009	0.06898020462095494	0.41800586067964146
1010	0.0690245901881684	0.4181403227598772
1011	0.06905527463782964	0.4182332532651349
1012	0.0690755700799798	0.41829470842013555
1013	0.0691396482415962	0.4184886796221103
1014	0.06916941243436345	0.41857874832929187
1015	0.06919238167465398	0.41864824174750437
1016	0.06922425524862898	0.418744656114387
1017	0.06926009442937672	0.4188530395374264
1018	0.06929103194376032	0.418946576987061
1019	0.06929946120837542	0.41897205866964893
1020	0.06933211589053137	0.4190707592067238
1021	0.0693762103055447	0.41920400007653513
1022	0.06938118832567458	0.41921903958726153
1023	0.06940310939424015	0.41928526073286826
1024	0.0694607131961825	0.4194592256736729
1025	0.06946621527959923	0.41947583833025365
1026	0.06951708454893579	0.4196293987644557
1027	0.06952268748095172	0.41964630905086797
1028	0.06953408378706916	0.4196807022971759
1029	0.06960194965804203	0.4198854583575233
1030	0.0696187061258929	0.419935998420033
1031	0.0696717111389484	0.4200958295860843
1032	0.06969033887136344	0.42015198515901164
1033	0.06970728097050521	0.4202030526680332
1034	0.0697455296066394	0.4203183203224824
1035	0.06977501190755134	0.4204071478214436
1036	0.06979927359944615	0.4204802320239099
1037	0.06984509723233136	0.42061823324838077
1038	0.06986992031332799	0.4206929708703447
1039	0.06988750213827652	0.4207458984025768
1040	0.06994398179713988	0.4209158771890587
1041	0.06995769519373526	0.4209571380903485
1042	0.06998681081135598	0.42104472782619834
1043	0.06999682729837417	0.42107485663271527
1044	0.0700381642597042	0.4211991721674573
1045	0.07009266837626443	0.42136303014702253
1046	0.0701081767542397	0.42140964198154607
1047	0.07016055171523584	0.4215670215767529
1048	0.07019379564794023	0.42166688457405205
1049	0.07023428735891096	0.42178848757227105
1050	0.07025967671290492	0.42186471792920843
1051	0.07027846138424254	0.42192110916836517
1052	0.07030521608661555	0.42200141328519003
1053	0.07034487475940981	0.4221204205039865
1054	0.07037461792999536	0.422209651402847
1055	0.07039830088315505	0.4222806878829429
1056	0.07040332196490322	0.4222957469683339
1057	0.070444894591826	0.4224204097836099
1058	0.0704650326793964	0.42248078414703516
1059	0.07049284833098782	0.4225641618051555
1060	0.07052632933004578	0.4226644995779454
1061	0.07053494593047682	0.4226903184452522
1062	0.07056093687835044	0.4227681884288776
1063	0.07060471622972643	0.4228993208081399
1064	0.07061116065341336	0.42291862037026456
1065	0.070641457043447	0.4230093392684989
1066	0.07067663165946797	0.42311464102727286
1067	0.07069734103269458	0.4231766261348226
1068	0.07072254272183247	0.4232520449226493
1069	0.0707387829346126	0.4233006384010728
1070	0.0707963950670115	0.42347297872116535
1071	0.07084631851945927	0.42362226250441354
1072	0.07087620640381496	0.42371160968856114
1073	0.07089988694951797	0.4237823872082114
1074	0.07092091838816239	0.4238452370433548
1075	0.07095083959117217	0.42393463677433546
1076	0.07096848990101007	0.42398736421515426
1077	0.0710069179603172	0.42410213914280065
1078	0.07101338763969359	0.42412145938965423
1079	0.07103675554725826	0.42419123507702633
1080	0.07107842246279733	0.4243156224395209
1081	0.07107967374260453	0.42431935729473563
1082	0.07112135137405687	0.4244437390854152
1083	0.07113450795995152	0.4244829957374123
1084	0.07120293601142125	0.4246871130014415
1085	0.07123541836534217	0.4247839718176718
1086	0.0712558197775162	0.4248447953005316
1087	0.07127653531973856	0.4249065464021622
1088	0.07134527337803953	0.42511138388801256
1089	0.07136822412853448	0.42517975450548207
1090	0.07139368716298775	0.4252555963901152
1091	0.07142245561025566	0.4253412672071171
1092	0.07146438881039163	0.42546611101964993
1093	0.07150221375253879	0.4255786922814123
1094	0.07152068160598311	0.4256336487441177
1095	0.07153977391493092	0.4256904559968125
1096	0.07156377575101473	0.42576186030201807
1097	0.07157947725399327	0.4258085650377616
1098	0.07159322765783245	0.42584946194558393
1099	0.07165689157281442	0.42603876210965946
1100	0.07170374277170496	0.426178017139714
1101	0.07172202340154872	0.42623234000893423
1102	0.07175103687859144	0.426318542483676
1103	0.07175791629992549	0.4263389795024851
1104	0.07178738649353411	0.4264265169002874
1105	0.07181667421027885	0.426513494474566
1106	0.07184024377084319	0.4265834776023141
1107	0.07189660134889608	0.42675076892282415
1108	0.07192879722301715	0.42684630943479945
1109	0.07194975285538713	0.42690848330177206
1110	0.07199325793904388	0.42703753087910373
1111	0.07203067715380018	0.42714849497289126
1112	0.07203481555906122	0.42716076535725483
1113	0.07209382354687431	0.4273356858956279
1114	0.07212989688916485	0.42744258477997793
1115	0.07215600154673577	0.42751992603094313
1116	0.0722084920520226	0.42767539928863124
1117	0.07222150265947336	0.4277139270708542
1118	0.07224623413253005	0.4277871538083825
1119	0.07229133559732077	0.4279206612310642
1120	0.07231392666544093	0.42798751868774504
1121	0.07235176317976182	0.4280994711079697
1122	0.07235979962381564	0.42812324593921036
1123	0.07239843144938063	0.428237515020429
1124	0.07245699187611505	0.4284106727950492
1125	0.07247663743302958	0.4284687472170184
1126	0.07250959145826241	0.42856614525975956
1127	0.07255211367127413	0.4286917900854675
1128	0.07257138405956322	0.42874871819104815
1129	0.07258875359379036	0.4288000243641111
1130	0.07260184793428213	0.42883869840140926
1131	0.07262033309117276	0.4288932882384969
1132	0.07265856467075744	0.42900617060651314
1133	0.07267180581239868	0.42904525940985866
1134	0.07271335360321313	0.4291678883673444
1135	0.07275797757530247	0.42929955770708333
1136	0.07282757215331256	0.42950482578550275
1137	0.07287486778419398	0.42964426751165535
1138	0.07290141687248929	0.4297225223698634
1139	0.07292984097428028	0.4298062881378988
1140	0.07293928582181647	0.42983411847034536
1141	0.07296633919491143	0.42991382438320136
1142	0.073004668381266	0.43002672633112116
1143	0.07304467145022127	0.43014452724228963
1144	0.07308559553808704	0.4302650069922951
1145	0.07310142801046896	0.430311608445713
1146	0.07311158594095823	0.43034150473973426
1147	0.07314748504603359	0.43044714448714677
1148	0.07316613250192859	0.43050200784053827
1149	0.07319702126125059	0.43059287139495894
1150	0.07320809901861641	0.4306254534782814
1151	0.07325767360795696	0.43077123288955016
1152	0.07327471580519235	0.4308213359097851
1153	0.07330701479519836	0.43091627698726664
1154	0.07332637483253776	0.43097317471050134
1155	0.0733303848137795	0.43098495881085774
1156	0.07337070149216865	0.4311034192170191
1157	0.07338902579583213	0.43115724981036346
1158	0.07340230505936635	0.43119625558616276
1159	0.07344523823338911	0.4313223409838664
1160	0.07351852614873867	0.43153748654098906
1161	0.07353257848095573	0.43157872661132846
1162	0.0735640314992361	0.43167101905214295
1163	0.0735929921680209	0.43175598075828625
1164	0.07360223030084928	0.43178307908529506
1165	0.07363304296714998	0.43187344995950405
1166	0.0736532935757141	0.43193283293895574
1167	0.07369635754008429	0.43205908677722243
1168	0.07371945229700866	0.4321267802039992
1169	0.0737475902873967	0.43220924160848984
1170	0.07378212098608522	0.43231041603620196
1171	0.07380547013820711	0.4323788152843122
1172	0.0738349055643607	0.43246502831114975
1173	0.07385341312956832	0.43251922607267895
1174	0.07388810900446002	0.4326208115663507
1175	0.0738969762241423	0.43264676992921286
1176	0.07392955690407413	0.4327421349447889
1177	0.07393790242096397	0.43276655924160295
1178	0.07397204783611344	0.43286647611569357
1179	0.0739913779425847	0.4329230299678284
1180	0.07402068431185771	0.4330087571598592
1181	0.07403809859849236	0.4330596895123049
1182	0.07409239893419263	0.43321846571640343
1183	0.07413300327952932	0.433337156318234
1184	0.07414049934128647	0.4333590645091289
1185	0.07415927644397825	0.4334139381111277
1186	0.0741771849596787	0.4334662669103714
1187	0.07423124460354934	0.4336241912380663
1188	0.07424709382984024	0.4336704806486962
1189	0.07425733198634159	0.43370037968562575
1190	0.07429093050477306	0.4337984847609405
1191	0.07432684934526174	0.4339033404650784
1192	0.07433982566582793	0.433941215224761
1193	0.07436019286574942	0.4340006555189154
1194	0.0743887751824631	0.4340840573493688
1195	0.07439954475388087	0.43411547828657726
1196	0.07445454666022103	0.4342759145340162
1197	0.07446495135503278	0.4343062575466871
1198	0.07450160657985203	0.4344131375929777
1199	0.07452057654800634	0.43446844028544623
1200	0.07453551595281827	0.4345119878191428
1201	0.07456887574115668	0.43460921399526803
1202	0.07463889103640367	0.43481320093154174
1203	0.07465805022333026	0.4348690038296311
1204	0.07469327957143129	0.4349715938690942
1205	0.07473224641825758	0.4350850395602399
1206	0.07474972161562103	0.4351359061732117
1207	0.07479114686498281	0.4352564625869083
1208	0.07481577943144367	0.43532813284169825
1209	0.07483322353775272	0.43537888060966506
1210	0.07487926876763365	0.435512805335022
1211	0.07490489132848888	0.43558731193142913
1212	0.07491443635196808	0.43561506418233137
1213	0.07494009098228703	0.43568964651497594
1214	0.07497764874179805	0.4357988102285192
1215	0.07498245755848468	0.43581278534660073
1216	0.07499581715226997	0.4358516079102573
1217	0.07503316129950058	0.43596011050092337
1218	0.07505575018789525	0.4360257289091205
1219	0.07509045697063949	0.4361265293220098
1220	0.07514173266409008	0.4362754089188607
1221	0.07516156426228868	0.43633297658143094
1222	0.07518094567842104	0.43638923010657404
1223	0.07519151167207855	0.4364198942848631
1224	0.07523842194953934	0.4365560092915742
1225	0.0752772101350492	0.43666852516559856
1226	0.07531110995073087	0.436766837233073
1227	0.07532959914241283	0.43682044798319947
1228	0.07535389632516866	0.43689088942110504
1229	0.07539776395631728	0.43701803997889116
1230	0.07543000695845159	0.4371114729054028
1231	0.07548184283403837	0.43726163969906595
1232	0.07549119361629779	0.4372887231115006
1233	0.07552558048769077	0.4373883061117422
1234	0.07552829720704035	0.4373961726556424
1235	0.07555630171211436	0.43747725437314394
1236	0.07561731853362418	0.43765386495306374
1237	0.07562490117721658	0.4376758076121631
1238	0.07563861684847256	0.4377154952364879
1239	0.07568669772718249	0.437854593511022
1240	0.07570253618624848	0.4379004045947058
1241	0.07574406042457255	0.4380204863572758
1242	0.07579521727065025	0.43816837890656746
1243	0.07581312410879364	0.438220135119924
1244	0.0758173367130416	0.43823230994045115
1245	0.07585636698171018	0.4383450949893956
1246	0.07589564722487159	0.43845857309393377
1247	0.07591357984547357	0.4385103695218783
1248	0.07594558102670612	0.43860278626252835
1249	0.07600267111655376	0.43876760933806785
1250	0.07601480436717148	0.43880263090266947
1251	0.07603604054997691	0.4388639205568969
1252	0.07606128170841403	0.4389367578226118
1253	0.07606710191715096	0.43895355122015817
1254	0.0760842693209333	0.43900308161855245
1255	0.07612448506533304	0.4391190878807383
1256	0.07614642686316647	0.43918236823035584
1257	0.07618919606270251	0.4393056888004889
1258	0.07619769567581695	0.43933019243390375
1259	0.07621463027746725	0.43937900932010704
1260	0.07623667382493643	0.4394425454927746
1261	0.07625901474630713	0.43950692941535324
1262	0.07628132233119636	0.43957120785688564
1263	0.07629924021914562	0.43962283075058983
1264	0.07632489052094943	0.43969672080955174
1265	0.07634255878466648	0.43974761002819135
1266	0.07637833326305468	0.4398506318489261
1267	0.07640868048594182	0.4399380055774969
1268	0.07643791353524189	0.44002215504499903
1269	0.07647898113551586	0.44014034395543533
1270	0.07649819331816074	0.4401956240177474
1271	0.0765021468505205	0.4402069988299072
1272	0.07653579295841245	0.44030379104179607
1273	0.07655244290234818	0.4403516812803954
1274	0.0765760333678262	0.4404195256271164
1275	0.07659003295723547	0.4404597824181713
1276	0.0766184022467192	0.4405413489987373
1277	0.0766471941561565	0.44062411524590916
1278	0.07667784854361234	0.440712218354323
1279	0.07669251302877543	0.4407543590047149
1280	0.07671034061642476	0.44080558389013813
1281	0.07672482390481282	0.4408471950537976
1282	0.07675145028968113	0.44092368365466456
1283	0.07677435552864062	0.4409894720463215
1284	0.07681071669779425	0.44109388838789965
1285	0.07684567661405733	0.4411942575278862
1286	0.07688947720757479	0.44131997583964716
1287	0.0769243869553238	0.44142014962980786
1288	0.07693689588600384	0.44145603857097476
1289	0.0769894160565346	0.4416066905481684
1290	0.07699744342227213	0.44162971219321756
1291	0.07702152190134913	0.44169875955439925
1292	0.07705959683341655	0.44180792107151345
1293	0.07708519605603674	0.4418812993440207
1294	0.07709155707601094	0.4418995308458582
1295	0.0771240791355308	0.4419927315023902
1296	0.07714283158986997	0.44204646274199116
1297	0.0771794301023454	0.44215130932501784
1298	0.0772009956443204	0.44221307815782246
1299	0.0772300791209824	0.4422963664793523
1300	0.07726134506951904	0.44238588740340784
1301	0.07729196804042766	0.44247354979162895
1302	0.07731033872600836	0.4425261300255671
1303	0.07733057295347721	0.44258403682504605
1304	0.07735061256058991	0.4426413791888201
1305	0.07736144199663234	0.4426723640031534
1306	0.07737787538452498	0.4427193785119058
1307	0.07743218021541677	0.44287470446346555
1308	0.07745619610087973	0.4429433787767418
1309	0.07750203413908692	0.4430744247972017
1310	0.07753434656453789	0.44316677925948555
1311	0.07754997825100106	0.4432114503976726
1312	0.07756215312488178	0.443246239780358
1313	0.0776146865692431	0.44339632141974294
1314	0.07763394021723015	0.44345131402293064
1315	0.07766270699375705	0.44353346548470396
1316	0.07770586608340337	0.4436566896329933
1317	0.0777223016842404	0.44370360615999904
1318	0.07775002287395685	0.44378272692080173
1319	0.07778664446640335	0.4438872292493147
1320	0.07779314712250442	0.44390578247074436
1321	0.07782788434647248	0.44400488074706623
1322	0.07785917889498668	0.44409413883169996
1323	0.0778850294550172	0.44416785608392984
1324	0.07789956806697447	0.44420931002457387
1325	0.07791602856728799	0.44425623917610896
1326	0.07794955112643184	0.44435179720713286
1327	0.07800384720499474	0.4445065277978882
1328	0.07801287917284679	0.44453226148028596
1329	0.07806032276308128	0.4446674122473884
1330	0.07808101747963553	0.4447263516413407
1331	0.07809114228392801	0.4447551846500531
1332	0.07810251953215222	0.4447875820878204
1333	0.07813817437467309	0.4448890962371754
1334	0.07816924385683782	0.44497753636387083
1335	0.07819984105566084	0.44506461494766014
1336	0.07822163368723414	0.4451266256461977
1337	0.07823080124997464	0.44515270926602013
1338	0.07825438729258809	0.4452198094321212
1339	0.07826451803462184	0.44524862737591236
1340	0.07829041469498882	0.4453222846289818
1341	0.07831721365551153	0.4453984954478551
1342	0.07834652612754925	0.4454818392553138
1343	0.07838431372856301	0.44558925729630566
1344	0.07840279122513644	0.4456417734722348
1345	0.07842631734260938	0.4457086297293568
1346	0.0784373193398966	0.4457398916407638
1347	0.0784575625595083	0.44579740653600963
1348	0.07847399211601942	0.4458440806235486
1349	0.07849252135600136	0.44589671375807155
1350	0.07851472464789425	0.4459597750197327
1351	0.07855965454422117	0.4460873565711196
1352	0.07858228223698042	0.44615159565776025
1353	0.07859004273949598	0.44617362527438326
1354	0.07864716443321504	0.44633574227370315
1355	0.07864991548530124	0.44634354854457214
1356	0.07866379114819176	0.4463829194672106
1357	0.07870944261421199	0.4465124268219358
1358	0.07872466632457997	0.4465556061850257
1359	0.07876352187452058	0.44666579416056273
1360	0.07883148581097314	0.4468584634258423
1361	0.07884476231783043	0.44689609096528443
1362	0.07884939787806676	0.44690922806684763
1363	0.07889411248574231	0.44703592870790543
1364	0.0789512683940985	0.4471978300069888
1365	0.07896289930238132	0.44723076884067475
1366	0.07898735605814146	0.4473000226736907
1367	0.07900108987396891	0.44733890781574687
1368	0.07906126357833713	0.4475092403734322
1369	0.07909147829808508	0.44759474415908845
1370	0.07910441419240721	0.44763134608956495
1371	0.07912695841844397	0.4476951275071399
1372	0.07918964877278614	0.44787244134497917
1373	0.0792054386343698	0.44791709043410677
1374	0.07922342977733796	0.4479679586761611
1375	0.07924260509457784	0.4480221686998202
1376	0.07928543392116837	0.44814322524348366
1377	0.07931210051470028	0.4482185823927475
1378	0.0793303581630208	0.4482701693907806
1379	0.07936063995990307	0.44835571754271053
1380	0.07940391736519561	0.4484779508532242
1381	0.07941609439806276	0.4485123378304118
1382	0.07943880033245476	0.4485764505519978
1383	0.079456392072337	0.4486261164795516
1384	0.07948172657220548	0.4486976325159159
1385	0.07950266477705338	0.4487567297744621
1386	0.0795146807016779	0.44879064073409325
1387	0.07955097320146434	0.44889304871699925
1388	0.07956348191655718	0.44892833964000256
1389	0.07961189550704742	0.44906490309229585
1390	0.07964028098451784	0.44914495259738446
1391	0.07964989779937243	0.4491720696128752
1392	0.07971324621041857	0.4493506554130032
1393	0.07974606801533164	0.4494431556083605
1394	0.0797611503178778	0.44948565499008397
1395	0.07980560626270304	0.44961090096398304
1396	0.07980980358315494	0.4496227242951095
1397	0.07986768252521105	0.44978573040452724
1398	0.07988428972127376	0.4498324908169706
1399	0.07990527610705334	0.44989157463860924
1400	0.07992017594112116	0.44993351803507153
1401	0.07995292854181937	0.45002570366391004
1402	0.07996786785103299	0.4500677456456067
1403	0.08000343295795716	0.4501678166404144
1404	0.08001762162483839	0.45020773366511374
1405	0.08005628276926945	0.4503164812382286
1406	0.08007527876083045	0.45036990428261525
1407	0.08009436034252526	0.4504235616557219
1408	0.08011399223573652	0.45047875983344177
1409	0.08015842713162531	0.4506036706100789
1410	0.08019546919871186	0.45070777297418907
1411	0.08023247347827586	0.45081174513816397
1412	0.08024208123971875	0.4508387364663378
1413	0.0802698204000881	0.45091665572767986
1414	0.08029241851560623	0.450980123850225
1415	0.08031947025098901	0.4510560884792512
1416	0.08032347776098388	0.45106734097649887
1417	0.0803555576245094	0.4511574063885291
1418	0.08038671460997289	0.4512448635778571
1419	0.0804051622221828	0.4512966377594975
1420	0.08042831039389253	0.4513615959039571
1421	0.08045166927060096	0.45142713585129524
1422	0.08047612067273646	0.4514957309965148
1423	0.08050822596772544	0.4515857822942858
1424	0.08053765117277434	0.45166830050987605
1425	0.08055989794459799	0.45173067796734157
1426	0.08059095597762805	0.45181774681121856
1427	0.080601138124928	0.45184628803829585
1428	0.0806317415431099	0.4519320605775338
1429	0.08065458281474971	0.4519960674550574
1430	0.08069566301403909	0.45211116150265446
1431	0.08070111714258876	0.45212644008539665
1432	0.08072866792136567	0.4522036098509349
1433	0.08076391614062858	0.4523023209587504
1434	0.08079644692656292	0.45239340290071983
1435	0.08080623356412768	0.4524208006166937
1436	0.08085890918355207	0.45256823765419674
1437	0.08086541798827511	0.4525864522148194
1438	0.08088727520341163	0.45264761316186697
1439	0.08093799822373743	0.45278951468934503
1440	0.08094402956280199	0.45280638486326824
1441	0.0809735040674991	0.45288881854771773
1442	0.08100118048398924	0.45296620971935175
1443	0.08102275674935058	0.45302653395376236
1444	0.08106920332332804	0.45315636485929256
1445	0.08108391187153602	0.45319747152908235
1446	0.08109894329219831	0.45323947669383335
1447	0.08117753310047741	0.45345903182503183
1448	0.08119827419087775	0.4535169581608258
1449	0.0812155042502598	0.45356507315900524
1450	0.0812208174945357	0.45357990938170284
1451	0.08123976766076685	0.45363282016025847
1452	0.0812708522134063	0.453719598009869
1453	0.08130225709957213	0.4538072532741477
1454	0.08132055506819597	0.4538583175620151
1455	0.08133698773532398	0.45390417144187234
1456	0.08134461078939251	0.45392544131593804
1457	0.08136248558493704	0.4539753117295402
1458	0.08137387955664253	0.4540070978822168
1459	0.08139024584329442	0.4540527515783074
1460	0.0814217481615198	0.4541406142596272
1461	0.0814381220566397	0.4541862757514646
1462	0.08146626431523457	0.45426474467516204
1463	0.08148645724134643	0.45432104016232744
1464	0.08150296224884612	0.4543670489885804
1465	0.08152798607888341	0.4544367957247509
1466	0.08153746577750709	0.4544632148653127
1467	0.08157298144511659	0.4545621804580178
1468	0.08159852212641493	0.45463333710175097
1469	0.08162073727861277	0.4546952197265557
1470	0.0816326657781415	0.45472844433186105
1471	0.08166628503487017	0.45482207142642816
1472	0.08169473735959765	0.4549012939497105
1473	0.08171724386040646	0.45496395117600313
1474	0.08173241640993394	0.4550061860970889
1475	0.08176193907642482	0.4550883553492365
1476	0.08177964576734428	0.45513763055426126
1477	0.0818301114969374	0.4552780402490165
1478	0.08186393935492559	0.4553721345210979
1479	0.08190868672285939	0.4554965722213926
1480	0.0819155642522591	0.4555156948897889
1481	0.08197776102720417	0.45568859384714244
1482	0.08198847577668314	0.45571837283555544
1483	0.0820093458753871	0.4557763705124368
1484	0.08201318949721315	0.45578705107244505
1485	0.08204274099181458	0.45586915966714275
1486	0.08205470009239116	0.4559023837306406
1487	0.08207943108775169	0.455971082234791
1488	0.0821162708172139	0.4560733975570743
1489	0.08213802394540977	0.4561338019448793
1490	0.0821555882614667	0.45618256894474246
1491	0.08217702915568076	0.4562420921271364
1492	0.08221395964929996	0.4563445985894087
1493	0.08222372050923918	0.4563716875626679
1494	0.08226595661737822	0.4564888854293844
1495	0.08230368889119924	0.4565935604963359
1496	0.08230643991500054	0.4566011913162492
1497	0.08234689024610306	0.4567133781674282
1498	0.08236592449371273	0.4567661591115959
1499	0.08239637602086453	0.4568505868760101
1500	0.08241316093706766	0.4568971168856239
1501	0.08242058028087655	0.4569176827786556
1502	0.08244782063580713	0.456993183166828
1503	0.0824747236863758	0.4570677364288075
1504	0.08249591008051793	0.45712643923477253
1505	0.08251883796913957	0.45718995884404695
1506	0.08254416861701956	0.457260124817903
1507	0.0825599102750297	0.4573037238357567
1508	0.08257995822083035	0.45735924378328746
1509	0.08259455013186351	0.4573996497773806
1510	0.08261922259804606	0.45746796139556795
1511	0.08264204327322744	0.4575311368081512
1512	0.08265482447000186	0.4575665157095841
1513	0.0826932732776769	0.4576729271720412
1514	0.08272669743207331	0.45776541223469036
1515	0.08274514422354512	0.4578164467415629
1516	0.08277147857108581	0.4578892929395436
1517	0.08278109303760271	0.4579158856349855
1518	0.08281187002136198	0.4580010014481255
1519	0.08284240315705399	0.4580854272553627
1520	0.08284698073139289	0.4580980831601328
1521	0.08285703249704877	0.45812587267567134
1522	0.08291305229523292	0.45828071639703544
1523	0.08294403052586855	0.45836632053008197
1524	0.0829859215240351	0.45848205519330565
1525	0.08299529057739989	0.45850793561692993
1526	0.08301804787282667	0.4585707927097486
1527	0.08303485471023284	0.45861720872961564
1528	0.08305148816746208	0.45866314129469976
1529	0.08311025702831175	0.4588253921111365
1530	0.08311725713609479	0.4588447143926792
1531	0.08312155104482408	0.4588565663951816
1532	0.08314946239567506	0.4589335995562234
1533	0.08320286445934838	0.4590809490810819
1534	0.0832293368458408	0.45915397542386727
1535	0.08323573444919923	0.45917162201748235
1536	0.08329518396583832	0.4593355699823808
1537	0.0833078367180084	0.4593704557834612
1538	0.08334556948001245	0.45947447573227235
1539	0.08335630062852067	0.45950405456989524
1540	0.08338152447432504	0.4595735729064696
1541	0.08341235747204946	0.459658536100073
1542	0.08342499049338219	0.45969334303047443
1543	0.08344521821269206	0.459749069643564
1544	0.08347179448369388	0.45982227601434617
1545	0.08348766212201436	0.4598659790813334
1546	0.08352960415860837	0.4599814769490963
1547	0.08353699899834269	0.4600018374790982
1548	0.08356664790148872	0.4600834620296451
1549	0.08358584177435474	0.46013629576587123
1550	0.0836056453793023	0.4601908015144332
1551	0.08361076489042477	0.46020489096886613
1552	0.08363449116728072	0.460270182646072
1553	0.08366495857391504	0.46035401146904614
1554	0.08370687167977796	0.46046930735184005
1555	0.08373272692685682	0.46054041637954085
1556	0.08375314146023542	0.4605965541948771
1557	0.08376563225812357	0.460630899198992
1558	0.08378640240293059	0.4606880036296765
1559	0.08380827323763829	0.4607481265939252
1560	0.0838396641361612	0.46083440652222096
1561	0.08385091653539534	0.4608653305412851
1562	0.08388039718481194	0.4609463398838195
1563	0.08390545891034001	0.4610151953511697
1564	0.08391986534112443	0.4610547714319506
1565	0.08395980431711723	0.46116447051808923
1566	0.08400709507346177	0.4612943287679518
1567	0.08402270191287896	0.46133717641173844
1568	0.08404050611998881	0.46138605193809845
1569	0.08406311899193215	0.46144812059083823
1570	0.08408232816289037	0.46150084008080683
1571	0.08408873940307285	0.4615184343624788
1572	0.08412240426170571	0.4616108093833148
1573	0.0841313053624188	0.46163523055657923
1574	0.08416956355217434	0.46174018150666785
1575	0.0841891854828239	0.46179399968903545
1576	0.08420259947555328	0.461830787398725
1577	0.08420919220924805	0.4618488668156142
1578	0.08425268031751029	0.461968107604835
1579	0.08425743279715146	0.46198113664473195
1580	0.08428270523069122	0.46205041547170467
1581	0.08430744563811152	0.4621182258055692
1582	0.08432704398470856	0.46217193533745676
1583	0.08436299645781056	0.4622704473485634
1584	0.08437916476256838	0.46231474266590705
1585	0.08439762538474671	0.462365312916645
1586	0.08440352264929647	0.46238146646910827
1587	0.08442192659587314	0.4624318741992275
1588	0.08446207268467931	0.46254181379239284
1589	0.08446661887376973	0.46255426183081827
1590	0.08447887719047026	0.46258782497683926
1591	0.08451653072718446	0.4626909047512615
1592	0.08453172792633042	0.46273250187845266
1593	0.08454534786862473	0.46276977862816854
1594	0.08456188896181255	0.4628150463090972
1595	0.08458969261358704	0.46289112603591825
1596	0.08460222006275911	0.4629254010769604
1597	0.08461359112167584	0.4629565100427818
1598	0.08465880888366448	0.4630801962081628
1599	0.08467837476254064	0.46313370539227233
1600	0.08468976215596821	0.4631648450334968
1601	0.08470242242433734	0.4631994629847102
1602	0.08472553270924019	0.46326264855356175
1603	0.08475842288132607	0.46335255834411687
1604	0.0847937492134434	0.4634491082833863
1605	0.08482002167452679	0.46352090016529257
1606	0.08483718200227416	0.4635677863139699
1607	0.0848657392336821	0.4636458010380925
1608	0.08489582718620205	0.4637279832987741
1609	0.08489750666192503	0.4637325701911107
1610	0.08492304191554574	0.4638023050924955
1611	0.08494957055129067	0.46387474174445814
1612	0.08496031642035695	0.4639040802071304
1613	0.08497101582208057	0.4639332899609659
1614	0.08501316061609468	0.4640483288886938
1615	0.08503110871737214	0.4640973115802807
1616	0.08506159252448517	0.46418049399079264
1617	0.08506612890713101	0.4641928713293845
1618	0.08510499250630227	0.46429889558318826
1619	0.08512038689412824	0.46434088650438826
1620	0.08514433875381458	0.4644062118975677
1621	0.08518390831246428	0.4645141122851361
1622	0.08521671880803804	0.464603562694328
1623	0.08522459161414839	0.46462502356105556
1624	0.08523582880215198	0.4646556538436336
1625	0.08526543380696908	0.4647363413830747
1626	0.08530752848713952	0.46485104503772
1627	0.08532666819466854	0.46490318940421604
1628	0.08536214779182161	0.4649998348254664
1629	0.08537820269939064	0.4650435613398804
1630	0.0853859648870959	0.46506470065447314
1631	0.08539932897019187	0.46510109375574027
1632	0.08542025274843922	0.46515806771705187
1633	0.08542292107811189	0.46516533288744055
1634	0.08547885301372224	0.46531759494813707
1635	0.08550105709315424	0.465378026725136
1636	0.08551743619619033	0.465422599914595
1637	0.08553607466500025	0.4654733164256626
1638	0.08554924190763263	0.46550914203647714
1639	0.08558547205185674	0.4656077032728053
1640	0.08559769016405534	0.465640936974761
1641	0.08563350152718335	0.4657383315009235
1642	0.08567083490915756	0.4658398437130209
1643	0.08568452757290963	0.46587706952912816
1644	0.08570237447720361	0.4659255848842701
1645	0.08572983819682348	0.4660002329014985
1646	0.08577065103638343	0.46611114253425334
1647	0.08577898845114255	0.46613379636419
1648	0.08582211064886924	0.4662509473618291
1649	0.08583399438693833	0.46628322699406083
1650	0.085856505745699	0.4663443681592931
1651	0.0858696430417169	0.46638004553524975
1652	0.08589731453885026	0.4664551849798151
1653	0.08591602843071215	0.4665059939983837
1654	0.08594444686600032	0.4665831406876607
1655	0.0859821072314858	0.46668535652426374
1656	0.0860048176886053	0.46674698526515324
1657	0.0860263026415466	0.4668052808995318
1658	0.0860399622824697	0.4668423401431838
1659	0.08606027322955052	0.4668974392523053
1660	0.08607165829449043	0.46692832157276454
1661	0.08609576820949182	0.46699371367815706
1662	0.08610796414719474	0.46702678861711927
1663	0.08613390743350464	0.4670971380751057
1664	0.08614650467261148	0.46713129372521023
1665	0.08617205885324132	0.4672005726378358
1666	0.08619067259826134	0.46725102914822364
1667	0.0862197408268223	0.4673298138608365
1668	0.08625928663121774	0.46743697502013526
1669	0.08627232247711711	0.4674722941516359
1670	0.08629057744424405	0.46752174940993485
1671	0.08633207348145101	0.46763414851945867
1672	0.08634528302901313	0.46766992316845657
1673	0.08637254256134715	0.4677437399243889
1674	0.08641115814010673	0.4678482880615917
1675	0.08643147823162715	0.4679032934648933
1676	0.08648143635004783	0.4680384999416298
1677	0.08652783857982577	0.46816404779603715
1678	0.08653026596582246	0.4681706145085687
1679	0.08654993009824319	0.4682238077230293
1680	0.08657580401385577	0.46829378974374425
1681	0.08658806974131632	0.46832696160180903
1682	0.08662070455536275	0.4684152088829836
1683	0.08664526126347086	0.46848160132625005
1684	0.08668115285542514	0.4685786222670955
1685	0.08668349730457171	0.4685849590040149
1686	0.08669383546728213	0.46861290067268324
1687	0.0867218842345891	0.46868870162878035
1688	0.08673270216286813	0.46871793348124213
1689	0.0867548402879027	0.4687777487176078
1690	0.08678487696331162	0.46885889293091443
1691	0.08680578341328724	0.46891536351121316
1692	0.08682373659987462	0.46896385158106646
1693	0.08685217508189125	0.46904064813856633
1694	0.08688080252620708	0.4691179422808723
1695	0.08691431871884298	0.4692084198707388
1696	0.0869597747108499	0.4693311013032055
1697	0.08699458346471048	0.46942502516809526
1698	0.08701003985545058	0.4694667248583184
1699	0.08701894042418737	0.46949073596098934
1700	0.08707334448265379	0.46963747533944533
1701	0.08708079391324733	0.4696575644779339
1702	0.08712075591880342	0.46976531674227634
1703	0.08717615705678196	0.46991465771552354
1704	0.08718924461305698	0.469949929995982
1705	0.08720451000894777	0.4699910684287015
1706	0.08723187043788219	0.47006479253278616
1707	0.08725222158979723	0.4701196222759926
1708	0.08727885572761764	0.4701913698784536
1709	0.08729887951833261	0.4702453031797345
1710	0.08731806326875025	0.47029696806389537
1711	0.08734459360528166	0.4703684091195014
1712	0.08735573414691139	0.4703984052048103
1713	0.08736874432886688	0.47043343290535655
1714	0.08742978578573005	0.4705977418259545
1715	0.0874315723008071	0.4706025498307934
1716	0.08744078916862306	0.47062735418393087
1717	0.0874643618185722	0.4706907867443855
1718	0.08747690135725596	0.4707245263937325
1719	0.08749261294078439	0.470766797527839
1720	0.08753477933585696	0.47088022509033167
1721	0.0875500805987649	0.47092137871714973
1722	0.0875965098873856	0.47104623095283316
1723	0.08762685519554815	0.47112781414221544
1724	0.08764165600940091	0.4711676009212599
1725	0.08768780543302279	0.47129163584088846
1726	0.08771147781373909	0.471355246978801
1727	0.08773890196961873	0.4714289289519932
1728	0.08775504828586769	0.47147230475361196
1729	0.08778286521503575	0.47154702337563553
1730	0.08780607896306372	0.4716093684026185
1731	0.08785216747874267	0.47173312364003
1732	0.08786729383015073	0.47177373330328004
1733	0.0878957851148898	0.4718502142653648
1734	0.08790509805767975	0.4718752109000277
1735	0.08792171213309005	0.47191980103255105
1736	0.08798490873007457	0.4720893744375887
1737	0.0879997343020425	0.47212914660015004
1738	0.0880154903948686	0.4721714113738439
1739	0.08803543220242946	0.4722248986525764
1740	0.08805832213045989	0.47228628581877574
1741	0.0880605691591932	0.4722923115643211
1742	0.08807036308332526	0.47231857454732545
1743	0.08808103404125624	0.47234718768574335
1744	0.08811007026186007	0.4724250367208096
1745	0.08812889959983021	0.4724755132183393
1746	0.08814778541599093	0.47252613570271024
1747	0.08820505156805508	0.47267960161184314
1748	0.08820948390536228	0.47269147762731173
1749	0.08821180770891301	0.4726977039130306
1750	0.08825769230262971	0.4728206280592562
1751	0.088268835696935	0.47285047622465104
1752	0.08829847603374118	0.472929860250042
1753	0.08831609610797354	0.4729770447765588
1754	0.08834056596141256	0.47304256441512554
1755	0.08834683638283894	0.4730593524194032
1756	0.08838318765157066	0.47315666512357923
1757	0.08840880688446495	0.47322523604084216
1758	0.0884378962824968	0.47330308295207313
1759	0.08845313001129047	0.473343845230681
1760	0.08848543972528852	0.47343028766591483
1761	0.08851808401533157	0.4735176092101724
1762	0.08854550734891738	0.4735909525609626
1763	0.08855393649411251	0.47361349391863183
1764	0.08859997256752676	0.47373658541226116
1765	0.08860741097954096	0.47375647127592635
1766	0.08864237041654785	0.47384992071780846
1767	0.08865530600523935	0.4738844939362524
1768	0.08867013466565461	0.47392412370426834
1769	0.08868010736442598	0.47395077399447083
1770	0.0887211848379156	0.4740605305505501
1771	0.08872620662430511	0.4740739467207601
1772	0.088788614818505	0.47424064435904845
1773	0.08879229688108169	0.4742504776334459
1774	0.0888184926891699	0.4743204299760065
1775	0.0888420070475774	0.4743832130865353
1776	0.08886116435376663	0.47443435676791396
1777	0.08887453758065444	0.47447005560017247
1778	0.0889072507209393	0.4745573695704423
1779	0.08894420570327735	0.47465598603351566
1780	0.08895874017021822	0.47469476646821507
1781	0.0889922598900851	0.4747841907168449
1782	0.08901285484885609	0.47483912580437276
1783	0.08901749806070795	0.47485151025102923
1784	0.08907830698100433	0.47501367094247676
1785	0.08910991680409178	0.4750979437963544
1786	0.08912006841400098	0.47512500515951556
1787	0.08914579477750104	0.4751935775743062
1788	0.08916613847119313	0.475247795729764
1789	0.08918683627024669	0.47530295126738903
1790	0.08919599300701067	0.4753273501164001
1791	0.08924608965569857	0.4754608144340203
1792	0.08928389312986806	0.4755615032580025
1793	0.08930215904723753	0.4756101465383511
1794	0.08930793390296433	0.4756255243052847
1795	0.08932976681592418	0.47568365831220477
1796	0.08936097051631801	0.47576673137343034
1797	0.08937718042484062	0.47580988100262067
1798	0.0893970071545912	0.47586265303435776
1799	0.08941548281007114	0.4759118236973721
1800	0.0894489380815602	0.47600084782240315
1801	0.08947160549501301	0.47606115610990063
1802	0.08949415945305952	0.4761211549593677
1803	0.08952447431225971	0.4762017877279248
1804	0.08956058733992536	0.47629782489845895
1805	0.08958017930194752	0.4763499186759343
1806	0.08958079482093022	0.47635155520935035
1807	0.08958964149539776	0.4763750760048045
1808	0.08960911315591709	0.47642684153066234
1809	0.08964933849756658	0.47653376303429607
1810	0.08966141168011592	0.47656584963706006
1811	0.08968353166284772	0.4766246317712982
1812	0.08969451782084431	0.4766538239377007
1813	0.08971932241733603	0.47671972756679803
1814	0.08973581335814608	0.47676353750306116
1815	0.08978275828717061	0.4768882296585262
1816	0.08980872511958579	0.47695718711616
1817	0.08982824586396793	0.4770090197941085
1818	0.08983548546835302	0.47702824140408867
1819	0.08985459410419903	0.47707897232757696
1820	0.0898814320976235	0.4771502145746864
1821	0.08989265134497004	0.47717999324594196
1822	0.08993190531143824	0.4772841684079433
1823	0.08994564730575402	0.47732063258476065
1824	0.08996000833884021	0.4773587363952755
1825	0.08996370662584892	0.47736854848568167
1826	0.08999209880769023	0.47744387033462915
1827	0.09000667322436474	0.4774825303074783
1828	0.09004947783920755	0.4775960553699121
1829	0.09005407738216199	0.477608252528485
1830	0.09008687784236394	0.47769522440530393
1831	0.09011347092235764	0.4777657255163857
1832	0.09014558260373169	0.4778508431690433
1833	0.09016033750457916	0.4778899485423797
1834	0.09018786635570668	0.4779629005606776
1835	0.09020257414661041	0.4780018719439991
1836	0.09021907304865724	0.4780455854718108
1837	0.09024348187484638	0.4781102488633013
1838	0.09024766310802164	0.47812132482821923
1839	0.09027206790928427	0.4781859673173974
1840	0.09029208003727127	0.47823896814423605
1841	0.0903316080826499	0.47834363836087446
1842	0.09034567848542968	0.4783808912435056
1843	0.09036241317049995	0.4784251943192638
1844	0.09040229143952387	0.47853075073075296
1845	0.09041796175663917	0.47857222315122516
1846	0.09043544130730728	0.47861847957533166
1847	0.09045286057177288	0.4786645720161073
1848	0.0904924078756392	0.47876920013127183
1849	0.09050163435363495	0.47879360682462163
1850	0.09052209189960825	0.478847718492486
1851	0.09053992486935919	0.4788948829811719
1852	0.09055776797934884	0.4789420696401248
1853	0.09057717957838143	0.47899339893775417
1854	0.09058575506345451	0.4790160729906646
1855	0.09062287548206122	0.4791142090380888
1856	0.09063992907753513	0.4791592872565216
1857	0.09066757729215176	0.47923236150114684
1858	0.09068634759367673	0.47928196506772314
1859	0.09070585647139215	0.47933351500154536
1860	0.09074165618688677	0.47942809715583773
1861	0.09076475280386541	0.4794891080689403
1862	0.09078121376059374	0.4795325858033553
1863	0.09082354795859589	0.47964438350046645
1864	0.09084869699046817	0.4797107856463971
1865	0.09087148537556788	0.47977094693123445
1866	0.09092869490357601	0.47992194672329647
1867	0.09094023401733309	0.47995239749717883
1868	0.0909543750819972	0.4799897119715647
1869	0.09097820199215051	0.4800525782318519
1870	0.0910017831375429	0.48011478794777696
1871	0.09105078146380446	0.4802440252793518
1872	0.09108136399518234	0.480324671730998
1873	0.09110098028615879	0.4803763929659933
1874	0.09112142397926476	0.480430289842995
1875	0.0911549830220003	0.4805187503593906
1876	0.09117514738411327	0.4805718951134002
1877	0.09119883835027297	0.4806343270005057
1878	0.09120667415323074	0.4806549746044428
1879	0.09121835573239709	0.48068575431117827
1880	0.09124525067927225	0.4807566121167911
1881	0.09129093789217986	0.48087695635815475
1882	0.09130859096349726	0.48092344807496984
1883	0.09133087379494023	0.480982126466
1884	0.0913494989373424	0.48103116740665974
1885	0.09138262014348801	0.48111836486659015
1886	0.09140154371455335	0.4811681774363252
1887	0.09142086051004326	0.4812190197737327
1888	0.09144606980626638	0.4812853632568906
1889	0.09145939334752488	0.48132042322094987
1890	0.09148324393115975	0.48138317798166397
1891	0.0914974044533914	0.4814204327462393
1892	0.09153370600090495	0.4815159249284089
1893	0.09155051516935149	0.4815601354771302
1894	0.09159551551775011	0.4816784729411239
1895	0.09163254494499716	0.48177582746530795
1896	0.09164210437815795	0.4818009570942762
1897	0.09165550034183342	0.48183616990566724
1898	0.09168356240740154	0.48190992589057335
1899	0.09170190151454145	0.48195812076666256
1900	0.09172079011403071	0.48200775466208984
1901	0.09175182711042695	0.48208930001059536
1902	0.09177643672242221	0.482153948506217
1903	0.09180400309313598	0.4822263540007907
1904	0.0918191299292488	0.48226608134555976
1905	0.09184021000728754	0.4823214381280128
1906	0.09185288575973437	0.48235472189450196
1907	0.09185819370561177	0.48236865872266427
1908	0.09189466154441797	0.4824643997568651
1909	0.09191664672530139	0.48252210948982827
1910	0.09193519779846807	0.4825707995349565
1911	0.09196273943916013	0.48264307759947267
1912	0.09197657352129868	0.4826793785673102
1913	0.09199404873286665	0.48272523004515905
1914	0.09200391362962279	0.48275111164818296
1915	0.0920321800216899	0.4828252638430591
1916	0.092069982687073	0.482924415074646
1917	0.09209813452315688	0.48299824027532107
1918	0.09213464872070952	0.48309397807464266
1919	0.09214109903894728	0.48311088840861055
1920	0.09217249837074472	0.48319319731921595
1921	0.09220326361898648	0.4832738304727107
1922	0.09221871959690464	0.4833143342269142
1923	0.09223816894285367	0.48336529813179385
1924	0.09228449931586638	0.483486677834958
1925	0.09229569797079011	0.48351601231830593
1926	0.0923060984827679	0.4835432545003675
1927	0.09232688936308686	0.4835977076950401
1928	0.09233328062625114	0.48361444575883217
1929	0.09240471596840576	0.4838014881975974
1930	0.0924142736392437	0.4838265080018585
1931	0.0924467647515887	0.4839115526563891
1932	0.09247008400831287	0.4839725810019214
1933	0.09249496670953587	0.48403769252010376
1934	0.09249539334904673	0.4840388088476921
1935	0.09252295080984982	0.48411090912556953
1936	0.09253369712030263	0.48413902244785684
1937	0.09256869323317093	0.4842305641388867
1938	0.09257936112953105	0.48425846543290124
1939	0.09260523677204476	0.484326135069775
1940	0.0926322767236667	0.48439683949139134
1941	0.09264534927347512	0.48443101806630373
1942	0.09266565881516005	0.4844841131913843
1943	0.09268516192029709	0.4845350945775639
1944	0.09270297528652391	0.4845816542762151
1945	0.09271840349376646	0.4846219761490075
1946	0.09275178576106395	0.4847092097716728
1947	0.09275933288785403	0.48472892953997787
1948	0.09277239057435481	0.4847630458680628
1949	0.09279498531485182	0.4848220743588131
1950	0.0928240685775728	0.48489804345932846
1951	0.09284488886776121	0.48495242133826355
1952	0.09285846808740565	0.4849878838971541
1953	0.09287070760335554	0.4850198455559642
1954	0.09289398110586153	0.4850806150050598
1955	0.09290518026049281	0.48510985440802246
1956	0.09293095489596177	0.48517714162781506
1957	0.09295127154325243	0.4852301736567224
1958	0.09295469019307394	0.48523909670192006
1959	0.0929973175952412	0.48535034504902974
1960	0.09303067795399154	0.4854373906232651
1961	0.0930543344656615	0.4854991069602768
1962	0.09307027252335026	0.4855406825704618
1963	0.09308818588334783	0.48558740665502714
1964	0.09311856245216736	0.48566662871734967
1965	0.09314028154056352	0.4857232641569614
1966	0.09315711921602386	0.4857671661130399
1967	0.09317251077915137	0.48580729405635914
1968	0.09320100791990164	0.4858815813129448
1969	0.09321449781348343	0.4859167432377717
1970	0.09323069525115266	0.48595895911870185
1971	0.09327441475232434	0.48607288829757267
1972	0.0932783847397041	0.4860832324133976
1973	0.0933150167306238	0.48617866957577255
1974	0.09334667196276533	0.4862611257238463
1975	0.09335997671150129	0.4862957780121925
1976	0.09339369396355857	0.4863835837173202
1977	0.09342156443278689	0.4864561513980472
1978	0.09344825418223533	0.48652563463619675
1979	0.09346155650861226	0.4865602617811162
1980	0.0934719723082308	0.48658737331867313
1981	0.09349706598012511	0.48665268404339895
1982	0.09353143325556697	0.48674211674390033
1983	0.09355448526871209	0.4868020949459677
1984	0.09356679991763987	0.48683413295898975
1985	0.09357638661533478	0.4868590724253594
1986	0.09360148454952184	0.4869243577937683
1987	0.09361895700916789	0.48696980242126
1988	0.09362789385296022	0.4869930448784514
1989	0.09366179254597377	0.48708119667311794
1990	0.09368375983322888	0.487138312947348
1991	0.09370613550494164	0.4871964841619612
1992	0.09372348283074775	0.48724157814105307
1993	0.09374052539056746	0.48728587582417116
1994	0.09375335190521866	0.48731921234330833
1995	0.09376264139080553	0.487343354587695
1996	0.09378224308835555	0.4873942930941377
1997	0.09382153131801721	0.4874963745394234
1998	0.09385026198723526	0.4875710110582941
1999	0.09386674340174639	0.4876138213126047
2000	0.09390952579215513	0.4877249304638833
2001	0.09391676423895097	0.487743726762255
2002	0.09393128829350032	0.48778143963859644
2003	0.09397990146699761	0.487907646448514
2004	0.09399910758575612	0.48795749930715243
2005	0.09401705137272674	0.4880040709599435
2006	0.09402378383144924	0.4880215433673478
2007	0.09406248015349747	0.48812195783379314
2008	0.094069278630291	0.4881395973104347
2009	0.09410335773291167	0.4882280100913897
2010	0.09415040408250214	0.4883500380193527
2011	0.09416718146146484	0.4883935474910483
2012	0.09419521385576066	0.4884662364126868
2013	0.09421371752778622	0.48851421111772697
2014	0.09423838891098851	0.4885781695979676
2015	0.0942514982785637	0.4886121511216232
2016	0.09427538622720327	0.48867406633102045
2017	0.09429215429703258	0.48871752283049136
2018	0.09432409565994684	0.48880029208158243
2019	0.09433682014742427	0.48883326098206825
2020	0.09436285551400729	0.48890071118413647
2021	0.09440125091646726	0.4890001657330801
2022	0.09441483541793842	0.4890353484475308
2023	0.09442428807626053	0.4890598285429404
2024	0.09445236258690623	0.48913252750220454
2025	0.09446421588163328	0.48916321837092414
2026	0.09450374606821482	0.4892655570744645
2027	0.09452334969477294	0.4893163004699179
2028	0.09456003253503771	0.48941123876089515
2029	0.09457485606851282	0.4894495980940462
2030	0.09460472850605492	0.48952689082695006
2031	0.09462243935839425	0.4895727105913631
2032	0.09468096299411126	0.489724086661942
2033	0.09468885730893178	0.48974450235803746
2034	0.09469693228419358	0.48976538438441525
2035	0.09472543056975777	0.4898390743314252
2036	0.09474901379479005	0.4899000466919221
2037	0.09477586868463317	0.4899694684155414
2038	0.0947898258762036	0.49000554482441977
2039	0.0948053154733825	0.49004557907065927
2040	0.09482915032704177	0.49010717598943204
2041	0.09484615121994895	0.4901511070283931
2042	0.094908651875558	0.49031257757815294
2043	0.09492697879493488	0.4903599151240269
2044	0.09494328288732039	0.49040202396495564
2045	0.09497757994318884	0.4904905917205303
2046	0.09498934481482259	0.4905209693115571
2047	0.09500852991629154	0.49057050233793575
2048	0.09502156544935275	0.4906041552566441
2049	0.0950603867600982	0.4907043638322378
2050	0.09508022501196327	0.49075556396543046
2051	0.09511048892490483	0.490833661182764
2052	0.09514123798661872	0.4909129976210875
2053	0.09515257009993111	0.49094223266254167
2054	0.09517949192036732	0.4910116796772913
2055	0.09518997922061892	0.49103872985884905
2056	0.09521794759493972	0.49111086216982064
2057	0.0952240033362034	0.49112647893695016
2058	0.09524309945087889	0.4911757214445463
2059	0.09527051048219345	0.49124639671964593
2060	0.09528110049542884	0.4912736987738505
2061	0.09530260394306933	0.4913291320246968
2062	0.09531163144734789	0.4913524019597552
2063	0.09535300563131816	0.49145903689316733
2064	0.09536832987699478	0.49149852666282995
2065	0.09538101845267376	0.4915312220494309
2066	0.09539516968483527	0.4915676837824414
2067	0.09541648055206972	0.4916225877607425
2068	0.0954421207483909	0.49168863742473595
2069	0.09545846511975843	0.49173073622555774
2070	0.09549054869951529	0.4918133646068072
2071	0.09552745028983069	0.49190838417954075
2072	0.09555499844942135	0.49197930721685146
2073	0.09557616155393085	0.4920337849168011
2074	0.09559094590944242	0.4920718389722799
2075	0.0956244214085866	0.49215799205082333
2076	0.09564481434114037	0.49221046823602127
2077	0.09567947368135021	0.4922996426725412
2078	0.09569329193054292	0.4923351909112587
2079	0.09575068245512086	0.4924828038690063
2080	0.09578729464986564	0.4925769502112257
2081	0.09579840932484822	0.49260552745582126
2082	0.09582249406749527	0.4926674467080882
2083	0.09584193790413552	0.49271742901936955
2084	0.09585298682815109	0.49274582911572967
2085	0.09588780629481101	0.4928353181848607
2086	0.0959098888127477	0.4928920637642393
2087	0.0959442417414303	0.4929803277076008
2088	0.09598085673109116	0.4930743862329627
2089	0.09601016672988401	0.49314966638262536
2090	0.09602034246975392	0.49317579918676563
2091	0.09606049839305565	0.49327891202191043
2092	0.09607369970097568	0.4933128057826326
2093	0.09609261224923941	0.4933613588370539
2094	0.09610328682173286	0.4933887609193701
2095	0.09611266657292537	0.49341283788414647
2096	0.0961496485661687	0.4935077558378804
2097	0.09615737508671203	0.4935275844137995
2098	0.0961699994877525	0.493559980710284
2099	0.0962033817383932	0.49364563483074997
2100	0.09622861800964129	0.49371037766013753
2101	0.09623831488397258	0.49373525241666316
2102	0.09628400753169089	0.4938524479110642
2103	0.09629141418142291	0.49387144235185193
2104	0.09630244678780289	0.49389973424687655
2105	0.09631817552170534	0.49394006603792917
2106	0.09635742327492972	0.4940406911964723
2107	0.09638187568063757	0.4941033730153439
2108	0.09642367209855572	0.49421049643705833
2109	0.09644408468135622	0.4942628050590547
2110	0.09646771338945907	0.49432334830724795
2111	0.09648526868388001	0.49436832499863104
2112	0.09651053101920803	0.49443303996082155
2113	0.09652039579004704	0.49445830841573707
2114	0.09654837559968854	0.49452997123243275
2115	0.09656216225732302	0.4945652782585053
2116	0.09658382146939547	0.4946207414616074
2117	0.09659677877118467	0.49465391852576474
2118	0.09662138548756619	0.49471691769500725
2119	0.09662909595672681	0.49473665671769274
2120	0.09665470608350518	0.49480221372704364
2121	0.09668066873820198	0.49486866427549764
2122	0.09668869868201327	0.49488921484218135
2123	0.09670413237173776	0.49492871098764873
2124	0.09675302569249868	0.4950538124166209
2125	0.09678002515989523	0.4951228813518042
2126	0.09678893439142772	0.4951456704700405
2127	0.09679569209439319	0.4951629554468014
2128	0.09683476816759261	0.49526289311492105
2129	0.09685549552682667	0.49531589547566934
2130	0.0968768772639218	0.4953705652172453
2131	0.09692332661325886	0.4954893081188029
2132	0.0969503095114081	0.49555827400976576
2133	0.09695253526899422	0.49556396241995676
2134	0.09696379368954185	0.4955927347750105
2135	0.09697789637914563	0.49562877367225766
2136	0.09701559443711896	0.49572509679082316
2137	0.09706009585213225	0.49583877923109493
2138	0.0970690469525741	0.49586164238795694
2139	0.09708522164774701	0.4959029535838596
2140	0.09711123877041027	0.4959693957441311
2141	0.09712917381041086	0.49601519281353934
2142	0.09714492974393724	0.4960554220525399
2143	0.09716476691173415	0.49610606716787203
2144	0.09719314666632879	0.4961785128751277
2145	0.0972375538400607	0.49629185095478884
2146	0.09725667696595941	0.49634064992495025
2147	0.0972880160269929	0.4964206115149766
2148	0.09729720621429226	0.4964440578285613
2149	0.0973119802733953	0.496481747582113
2150	0.09734157091590305	0.49655722696916355
2151	0.09734625306842318	0.4965691690854284
2152	0.0973632180577434	0.4966124369225642
2153	0.09739215232346084	0.49668622273770685
2154	0.0974067238839274	0.49672337779826053
2155	0.09744927997918659	0.4968318728704129
2156	0.09748163983349746	0.4969143571768502
2157	0.09749947918835104	0.4969598233079082
2158	0.09751595804876317	0.49700181832996604
2159	0.09753738912677208	0.4970564283641005
2160	0.09756438135913434	0.49712520062998433
2161	0.09758298210005442	0.4971725870646779
2162	0.09762762910380914	0.49728630939357915
2163	0.09764923844642343	0.4973413421530436
2164	0.09768130977866123	0.4974230073571204
2165	0.09770534637902112	0.4974842044409078
2166	0.0977339033826876	0.49755690066920694
2167	0.09774545537250277	0.49758630501210005
2168	0.09776759046855653	0.4976426426552683
2169	0.09778842203839408	0.49769565677406113
2170	0.09779358069366863	0.4977087841280572
2171	0.09783715690110158	0.49781965973750064
2172	0.09784644405804646	0.49784328685292856
2173	0.09785940713621068	0.4978762638699698
2174	0.09790336237626918	0.497988066171177
2175	0.09792111746336567	0.49803321998630906
2176	0.09794164147155358	0.4980854104769747
2177	0.09795724257671187	0.4981250788617746
2178	0.09796709911204311	0.4981501391013729
2179	0.0979768333425313	0.49817488714366004
2180	0.09799870564170667	0.49823049019670934
2181	0.09802131707577301	0.4982879657319243
2182	0.09804476342957909	0.49834755653185775
2183	0.09805924991656999	0.4983843715462035
2184	0.09807609314158808	0.49842717240224643
2185	0.09808572719465876	0.49845165214935033
2186	0.09811116110480815	0.49851627293145
2187	0.09812186763780403	0.4985434728710923
2188	0.09814625605348438	0.4986054260845827
2189	0.09817428785121533	0.49867662497269294
2190	0.09819815221434149	0.4987372308462113
2191	0.0982195269639084	0.49879150785204857
2192	0.09823121656994584	0.4988211888275508
2193	0.09824656038093509	0.4988601454822984
2194	0.09826505104405053	0.49890708769014874
2195	0.09827565477945988	0.49893400537850974
2196	0.09829101673521039	0.4989729992810721
2197	0.09831162631248494	0.4990253086574492
2198	0.09832698446698762	0.49906428577939255
2199	0.09834564338444804	0.4991116357395166
2200	0.09836832664002884	0.4991691920463476
2201	0.09841854088872483	0.4992965816687384
2202	0.09844000890733864	0.49935103443621315
2203	0.09845920298627177	0.49939971441966563
2204	0.09847470687387751	0.499439031883311
2205	0.0984877176405452	0.4994720244673589
2206	0.09852321305081063	0.4995620223256589
2207	0.09853401216388821	0.4995894000307596
2208	0.09857542994677587	0.4996943876938994
2209	0.09859774126199694	0.49975093428073847
2210	0.09862921578945584	0.49983069355924564
2211	0.09863599975517917	0.49984788307028405
2212	0.09869055150563194	0.4999860872144674
2213	0.0987085628919579	0.5000317097770784
2214	0.09874176000921825	0.500115786656426
2215	0.09875321137029065	0.5001447857365305
2216	0.0987779597052122	0.5002074519278451
2217	0.09879640973795573	0.5002541648432914
2218	0.09882885810764148	0.5003363090199261
2219	0.09883277876057386	0.5003462333760297
2220	0.09885289939635063	0.5003971616820099
2221	0.09889249995555242	0.5004973814194503
2222	0.09891866800373919	0.5005635956081375
2223	0.09893974563147562	0.5006169229090555
2224	0.09894630627224686	0.5006335204519836
2225	0.09896856020172981	0.5006898158162035
2226	0.09899076316802638	0.5007459759526
2227	0.09900597762538856	0.5007844557326488
2228	0.0990282967028212	0.500840898876127
2229	0.09907083391849397	0.500948454447266
2230	0.09909029884756093	0.5009976639211365
2231	0.09912102411901598	0.5010753309396221
2232	0.09912555003553855	0.5010867704866435
2233	0.09916988741596561	0.5011988222785293
2234	0.09918805898885855	0.5012447392095547
2235	0.09919325432162411	0.5012578662892879
2236	0.09923039714347376	0.5013517052766079
2237	0.09925386200319786	0.5014109787069031
2238	0.09929606637907319	0.5015175714776261
2239	0.0993145789824878	0.5015643203748535
2240	0.09933805379506791	0.5016235938111556
2241	0.09938031413396736	0.5017302826788679
2242	0.09939822328663372	0.5017754886108796
2243	0.09941745149585789	0.5018240195463463
2244	0.0994417760384008	0.5018854066215945
2245	0.09946098697509337	0.501933883346058
2246	0.09948174616784819	0.5019862616650049
2247	0.09950634144160604	0.5020483118751194
2248	0.09952283916631102	0.502089928878816
2249	0.09955737590081688	0.5021770397499736
2250	0.09957138594080898	0.5022123725058263
2251	0.09958635493622132	0.5022501209619284
2252	0.09961167133761335	0.502313956804068
2253	0.09964294684190972	0.5023928074505489
2254	0.09964727436864072	0.5024037168764915
2255	0.09965002245485059	0.5024106445080605
2256	0.0996824062653917	0.5024922734385125
2257	0.09970512444459916	0.5025495305794367
2258	0.09972949393156043	0.5026109422975443
2259	0.09974936899223794	0.5026610223938822
2260	0.09979758587474266	0.5027824959406187
2261	0.09981256390586926	0.5028202243549387
2262	0.09982914080751094	0.502861976891027
2263	0.09985207829628352	0.5029197442341844
2264	0.09986602428851127	0.5029548635330799
2265	0.09990398047157734	0.5030504337404773
2266	0.09994718873375398	0.5031592061099467
2267	0.09995914500869753	0.5031893006527792
2268	0.09996370583945882	0.5032007800179917
2269	0.09998276201737122	0.5032487405580629
2270	0.1000020089747457	0.5032971766122485
2271	0.10003508781094753	0.5033804104818013
2272	0.10004771521196834	0.5034121802631335
2273	0.10006165432083018	0.5034472478944679
2274	0.1001007454574944	0.5035455792859934
2275	0.1001049540895514	0.5035561647006307
2276	0.1001319064870437	0.5036239492204776
2277	0.10017028007821348	0.5037204419818716
2278	0.10018572093134166	0.5037592637444104
2279	0.10020087163612375	0.5037973531012863
2280	0.10023706393710677	0.5038883300506692
2281	0.10026416339766482	0.5039564394833855
2282	0.10029862396389078	0.5040430363875453
2283	0.1003050318937249	0.5040591374101547
2284	0.10032427618345562	0.504107488896994
2285	0.10035784783221939	0.5041918269288006
2286	0.10036678505187062	0.5042142764575868
2287	0.10039257708645002	0.5042790582311282
2288	0.10041623208076136	0.5043384650917092
2289	0.10044559001177858	0.5044121845069622
2290	0.10045474642894878	0.5044351745811685
2291	0.10048030897518688	0.5044993518735185
2292	0.10051002076927153	0.5045739360038785
2293	0.10052439220046766	0.5046100079813561
2294	0.10056448240371257	0.5047106198863962
2295	0.10058182948991154	0.5047541485800648
2296	0.10059509164252896	0.5047874245004711
2297	0.10061269805572386	0.504831597168253
2298	0.10064390492499022	0.5049098824768363
2299	0.10067286347716015	0.5049825168185118
2300	0.10068191456312287	0.505005216766066
2301	0.10069832465223667	0.5050463703485778
2302	0.1007341385883802	0.5051361736822341
2303	0.10074348675204046	0.505159611546202
2304	0.10076435540595591	0.5052119298427358
2305	0.10078031180587296	0.5052519293269369
2306	0.10080113344731505	0.5053041202310915
2307	0.10082325332309806	0.5053595593460618
2308	0.10083787906681761	0.5053962125541617
2309	0.10084449511097897	0.5054127919826858
2310	0.10086985694824054	0.50547634225948
2311	0.1008988009108103	0.5055488586652334
2312	0.10091421840366735	0.5055874815136945
2313	0.10094666365377321	0.505668751498445
2314	0.10094911422830104	0.5056748892517725
2315	0.10099853541742267	0.5057986545596045
2316	0.10102709152805905	0.5058701537228487
2317	0.10104124023972214	0.5059055757084605
2318	0.1010694029048832	0.5059760749256328
2319	0.10110363189640072	0.5060617466728398
2320	0.10110932941423915	0.5060760055830061
2321	0.10112253694005234	0.5061090578922411
2322	0.10115069426942426	0.5061795154182959
2323	0.10117511563688215	0.5062406165802456
2324	0.10119719339084107	0.5062958477803748
2325	0.10123634200833781	0.5063937697940715
2326	0.10125630692316011	0.5064437005297788
2327	0.10127195761144651	0.5064828382708144
2328	0.10129307499311409	0.506535641801767
2329	0.101305716395507	0.5065672487063024
2330	0.10134021036753663	0.5066534828793415
2331	0.10135976963159263	0.5067023740899755
2332	0.10137252359497742	0.5067342519260817
2333	0.10137686520906382	0.506745103096264
2334	0.10140481460917099	0.506814952590777
2335	0.10143638037410832	0.5068938283174
2336	0.1014675879460146	0.5069717969368718
2337	0.10148133309112085	0.5070061338373535
2338	0.10149925815672631	0.5070509091504681
2339	0.10152436600675818	0.5071136198106267
2340	0.10152696467687024	0.5071201099401703
2341	0.1015746467642924	0.507239180312578
2342	0.10158131873917609	0.5072558391521905
2343	0.10162050453433628	0.5073536686895219
2344	0.10163532044587503	0.5073906525302534
2345	0.10165352752815256	0.5074360978027362
2346	0.10166674336568071	0.5074690822708404
2347	0.10168289106507918	0.507509381254403
2348	0.10170962960585955	0.5075761042210999
2349	0.10174131954346038	0.5076551714756566
2350	0.10176585666617703	0.507716383804896
2351	0.10177101097288886	0.5077292412254266
2352	0.10180422757076764	0.50781209223562
2353	0.10182918389218637	0.5078743310321729
2354	0.1018423384754839	0.5079071342973432
2355	0.10185510239524745	0.5079389613493038
2356	0.10186274759024855	0.5079580238186847
2357	0.10189823950550304	0.5080465097148069
2358	0.10192747686539694	0.5081193906270443
2359	0.10194869591712433	0.5081722774976386
2360	0.10197289074932035	0.5082325745591888
2361	0.10198383049147512	0.5082598356487237
2362	0.10200062623256807	0.5083016866417762
2363	0.10203363524746965	0.5083839272188104
2364	0.10204502752193162	0.5084123075051905
2365	0.10205901005176682	0.5084471384368242
2366	0.10207375616489044	0.5084838688940909
2367	0.10210376162196858	0.5085586000022038
2368	0.10212959652411663	0.5086229351964452
2369	0.10215056362877663	0.5086751424085988
2370	0.10217247166894282	0.5087296867870504
2371	0.10220604612066454	0.5088132656468329
2372	0.10221989877059402	0.5088477458635271
2373	0.10223219187923457	0.5088783423160746
2374	0.1022564760452793	0.508938778036772
2375	0.10227698563217763	0.5089898144168452
2376	0.10229707882461958	0.5090398096722362
2377	0.1023126989939738	0.5090786718989038
2378	0.10232569255968303	0.5091109970024198
2379	0.10237166370259698	0.5092253465158366
2380	0.10238558978641936	0.509259981459957
2381	0.10238887602148591	0.5092681541656277
2382	0.10240541914315128	0.5093092941072122
2383	0.10245564477489578	0.5094341763912873
2384	0.10245794216123812	0.5094398879387619
2385	0.10250187831022411	0.5095491055713821
2386	0.1025471066066999	0.5096615108108139
2387	0.10257216952060039	0.5097237886390349
2388	0.10258874650950706	0.5097649759526219
2389	0.10262161831706391	0.5098466396567296
2390	0.10263693777445823	0.5098846934436954
2391	0.10264406574137759	0.5099023984639691
2392	0.1027033661166923	0.510049669703641
2393	0.10272160933588961	0.5100949678039102
2394	0.10277001484182478	0.5102151396791538
2395	0.10280226784414727	0.5102951955164089
2396	0.10281541270044632	0.5103278190311765
2397	0.10284412720216941	0.5103990767621935
2398	0.102849615594889	0.5104126955913915
2399	0.10286735137585955	0.5104567024527201
2400	0.10288906793227437	0.5105105814367988
2401	0.10291028512244534	0.5105632159972937
2402	0.10292058734848862	0.5105887712953837
2403	0.10293006336223003	0.5106122759943695
2404	0.10295127642496185	0.5106648898365594
2405	0.10297603411680514	0.5107262884146972
2406	0.10299019993542093	0.5107614160404056
2407	0.10300862936287868	0.5108071127154683
2408	0.10303430543026279	0.5108707709775552
2409	0.10304720463804483	0.5109027487831964
2410	0.1030586593119288	0.5109311438365643
2411	0.10307837669057496	0.5109800176579571
2412	0.10312741939556679	0.5111015604248718
2413	0.10313108619312643	0.5111106467052561
2414	0.10316134794768847	0.5111856288035439
2415	0.10319758842111154	0.5112754104070338
2416	0.10320868668642205	0.511302901929308
2417	0.10322189361960277	0.5113356149085422
2418	0.10324899133195677	0.5114027281714123
2419	0.10326781213228445	0.5114493367141435
2420	0.10329094178925612	0.5115066100559188
2421	0.10332347333869245	0.5115871533847303
2422	0.10334586064462685	0.5116425736944757
2423	0.10335901388343156	0.5116751320514112
2424	0.10338292080759273	0.5117343038200405
2425	0.1034233853377061	0.5118344415515454
2426	0.10343752679897131	0.51186943286178
2427	0.10345722905620272	0.5119181796916724
2428	0.10345956329384562	0.511923954696261
2429	0.10349781296905339	0.5120185767636196
2430	0.10350250603729584	0.5120301852740498
2431	0.10354156015221146	0.5121267771368196
2432	0.10354847824604778	0.5121438856385507
2433	0.10359125945050568	0.5122496712090924
2434	0.10359938085760476	0.5122697506376239
2435	0.1036276413062763	0.5123396158517315
2436	0.10366882985618757	0.512441424737378
2437	0.10367352524076869	0.5124530293938785
2438	0.10369387540146233	0.5125033218372355
2439	0.10371312334150826	0.5125508857624977
2440	0.10372965536089625	0.5125917348048497
2441	0.10375474203296575	0.5126537153605351
2442	0.10376847720738488	0.5126876470875951
2443	0.10379004866151909	0.5127409332283481
2444	0.10382810467274592	0.5128349262779066
2445	0.10384970012350749	0.5128882563739359
2446	0.10388925240310953	0.5129859165912419
2447	0.10389720749452293	0.5130055566004263
2448	0.10390472779713154	0.5130241224854453
2449	0.10394476706342153	0.5131229588493512
2450	0.10397316752267968	0.5131930534428915
2451	0.1039940391772331	0.5132445602445825
2452	0.10400602126193514	0.5132741271443343
2453	0.10401439477304913	0.5132947885447682
2454	0.10408424517462503	0.5134671100288883
2455	0.10409960087220944	0.5135049849006382
2456	0.10410478967421499	0.5135177824640851
2457	0.1041112195982352	0.5135336406649992
2458	0.10413511636504098	0.513592573264177
2459	0.10415442532982418	0.5136401867954887
2460	0.10419526250872144	0.5137408717183228
2461	0.10421208198683284	0.5137823347582898
2462	0.10426159950255888	0.513904384922266
2463	0.10427225772750016	0.5139306513932655
2464	0.10432045699646308	0.5140494184571158
2465	0.10434963545476982	0.514121303307339
2466	0.1043843827797278	0.5142068946608903
2467	0.10440394197133476	0.5142550675763251
2468	0.10443783211961626	0.5143385259499844
2469	0.10446144305411006	0.514396662578762
2470	0.10447253333590754	0.5144239676416182
2471	0.10449103309239813	0.5144695121334003
2472	0.10452684094223015	0.5145576559123642
2473	0.10453151287864691	0.5145691551300197
2474	0.10455222767776358	0.5146201381702583
2475	0.10459309341120865	0.5147207016649789
2476	0.10460583542028566	0.5147520535253268
2477	0.10462369723414072	0.5147959995100986
2478	0.10464183459113531	0.5148406195839527
2479	0.10465462623731388	0.5148720862426783
2480	0.10466320953159286	0.5148931995378196
2481	0.10468144636875823	0.5149380558654566
2482	0.10472204976632576	0.515037912183237
2483	0.10474995583310251	0.51510653061188
2484	0.10476131601929124	0.5151344616377297
2485	0.10478704266421036	0.5151977095442826
2486	0.10482798752339557	0.5152983548000407
2487	0.10485212241070475	0.5153576707912484
2488	0.10485731518208131	0.5153704321038818
2489	0.10489353381388614	0.515459431141853
2490	0.10489713185998524	0.5154682716815119
2491	0.10492193229717435	0.5155292031996033
2492	0.10493068566735236	0.515550707396768
2493	0.10495680013734981	0.5156148568675937
2494	0.10498239261943854	0.5156777163471881
2495	0.10500444841990059	0.5157318829898876
2496	0.10503287057648174	0.5158016763214149
2497	0.10504997623903184	0.5158436763646626
2498	0.10508506689073177	0.5159298247868278
2499	0.10510862632626079	0.5159876557166181
2500	0.10511665018686324	0.5160073502657484
2501	0.10515692651984822	0.5161061970869796
2502	0.10519645563654884	0.5162031916735211
2503	0.1052220217509622	0.5162659148329374
2504	0.10522344777361006	0.5162694131709291
2505	0.10524073658828319	0.516311824438519
2506	0.1052854479150131	0.5164214898401629
2507	0.10529750814554398	0.5164510665005483
2508	0.10530489052957731	0.5164691703158759
2509	0.10533028807201128	0.51653144784545
2510	0.10536707509660262	0.5166216403086556
2511	0.10538410906885974	0.5166633979594465
2512	0.10539668743615625	0.5166942308247516
2513	0.10540238877206821	0.5167082056830142
2514	0.10541827183737736	0.5167471355456157
2515	0.10547291287012336	0.5168810399380871
2516	0.10549430524076825	0.5169334550552551
2517	0.10551712170583641	0.5169893536007917
2518	0.10553615813257565	0.5170359867251211
2519	0.10554200857535898	0.517050317583807
2520	0.10556907377082793	0.5171166095326566
2521	0.1055759636067027	0.5171334837473825
2522	0.10562068746617949	0.5172430056290994
2523	0.10563398809836973	0.5172755723665615
2524	0.10564626927065734	0.5173056411252268
2525	0.10567168889864512	0.5173678720310056
2526	0.10570758912837429	0.5174557482086292
2527	0.10572908863446247	0.5175083673133078
2528	0.10574510393802679	0.5175475605943262
2529	0.10575385479936679	0.5175689747926038
2530	0.10576677227390079	0.5176005834744727
2531	0.10580486663869966	0.5176937880315313
2532	0.1058248133645035	0.5177425845081313
2533	0.10585091439782804	0.5178064295689563
2534	0.10586950113786092	0.517851889313413
2535	0.1058975513280734	0.5179204873601149
2536	0.10590608418614614	0.5179413530597272
2537	0.10592486668399465	0.5179872796046266
2538	0.10594553655031622	0.5180378163949573
2539	0.10598212706864721	0.5181272662975498
2540	0.10599694035554391	0.5181634747596894
2541	0.1060198958557295	0.5182195804254245
2542	0.10604650168492138	0.5182846002815094
2543	0.10606548283413383	0.5183309818075783
2544	0.10607874347140896	0.5183633824724059
2545	0.10614156474498287	0.518516850674305
2546	0.10616721673398974	0.518579503721894
2547	0.10616912298760206	0.5185841593003546
2548	0.10618443964860261	0.5186215651443927
2549	0.10619317399540393	0.5186428946700549
2550	0.10620854830440456	0.5186804370432605
2551	0.10622009657368475	0.5187086348608533
2552	0.10623468697139893	0.5187442585594352
2553	0.10624103195651649	0.5187597496177216
2554	0.10626599856309649	0.5188207002199494
2555	0.10629449742504264	0.5188902653137412
2556	0.1063383411408208	0.5189972686506655
2557	0.1063599785777484	0.5190500680424599
2558	0.10637186709526147	0.5190790759619839
2559	0.10639197645683479	0.5191281390075934
2560	0.10641742831844872	0.5191902300969512
2561	0.10643140479843242	0.5192243232606837
2562	0.10647064702928725	0.5193200358136817
2563	0.10647900546555751	0.5193404199212097
2564	0.10649973515263174	0.5193909709214525
2565	0.10650772950862049	0.5194104644835499
2566	0.10652031679491711	0.5194411560356846
2567	0.10654161193207104	0.5194930757924149
2568	0.1065621528758187	0.5195431518311283
2569	0.10661998264471312	0.5196841070597858
2570	0.10662426173196127	0.5196945354582373
2571	0.10666665979434932	0.5197978508341705
2572	0.10668621716053851	0.5198455012011935
2573	0.106697597547271	0.5198732268308123
2574	0.10671557129821384	0.519917012626532
2575	0.10676103686659395	0.5200277546906688
2576	0.10676569993260232	0.5200391113491434
2577	0.10679187473149737	0.5201028541288452
2578	0.10681753163799167	0.5201653281182419
2579	0.10685653861522217	0.5202602948563104
2580	0.10687641225077762	0.52030867272316
2581	0.10691912199686594	0.5204126247139302
2582	0.10692881824364392	0.5204362216849067
2583	0.10695121391682955	0.5204907201330028
2584	0.10697547915188672	0.5205497616011622
2585	0.10698866412721315	0.520581840094041
2586	0.10700200443002554	0.5206142944805557
2587	0.1070255322873229	0.5206715282942364
2588	0.10704833693947388	0.5207269968371027
2589	0.10708933473344757	0.5208267023303695
2590	0.10710875175759378	0.520873917332282
2591	0.10711407580189243	0.5208868626859716
2592	0.10715460647468898	0.5209854020146907
2593	0.10717750290407084	0.5210410602299811
2594	0.10720388438657678	0.5211051827812206
2595	0.10724374832346772	0.5212020606763227
2596	0.1072625760998719	0.521247809940749
2597	0.10726687717882817	0.521258260489271
2598	0.1073013485361853	0.5213420097177671
2599	0.1073265435050657	0.5214032131645358
2600	0.10736349158226621	0.521492954191345
2601	0.10738318693379553	0.5215407847709166
2602	0.1074042253318524	0.5215918721225519
2603	0.10743009849158575	0.5216546928223208
2604	0.10745422972068289	0.5217132772519238
2605	0.10746948008622909	0.5217502978323625
2606	0.10747999539461385	0.5217758224328394
2607	0.1074945347529574	0.5218111128563648
2608	0.10751329108036856	0.5218566353250348
2609	0.10752067299712542	0.5218745504873338
2610	0.10756252376245536	0.5219761064199994
2611	0.10757326192474467	0.5220021606815668
2612	0.10758907159536178	0.5220405176992837
2613	0.10761448901392248	0.5221021788817789
2614	0.1076355097799417	0.5221531685391488
2615	0.10767379962593773	0.5222460346699161
2616	0.10771196738163843	0.5223385882577496
2617	0.10774488991674497	0.5224184094562185
2618	0.10776057615457242	0.5224564366943604
2619	0.10777033335540841	0.5224800891151933
2620	0.10779089601731574	0.5225299315378216
2621	0.10783347620402496	0.522633127753958
2622	0.10786996234124346	0.5227215383845923
2623	0.10787657250293611	0.5227375540616245
2624	0.10789033551992995	0.5227708987268223
2625	0.10791014387798378	0.5228188861477437
2626	0.10794125958018018	0.5228942576728154
2627	0.10796621826341858	0.5229547072074439
2628	0.10797760051261399	0.5229822725145261
2629	0.10800507936580367	0.5230488142733333
2630	0.10801352870164202	0.5230692731660412
2631	0.10802354346895811	0.5230935214972736
2632	0.10804696857168913	0.52315023531566
2633	0.10808221275622697	0.5232355523788575
2634	0.10809925741961156	0.5232768081139713
2635	0.10811212450894392	0.5233079500905627
2636	0.10811459335619435	0.5233139251836609
2637	0.1081577448261496	0.5234183491639
2638	0.10818991224930856	0.5234961788554146
2639	0.10820581376367197	0.5235346485980267
2640	0.10823023884618312	0.5235937334799238
2641	0.108252108181927	0.5236466302899702
2642	0.10827023039083299	0.5236904596280809
2643	0.1082863965439917	0.523729555066171
2644	0.10830923804825605	0.5237847888742431
2645	0.10831731301721251	0.5238043138342371
2646	0.10836915305307662	0.5239296436891567
2647	0.10841167460053533	0.5240324225410623
2648	0.10842860109737155	0.5240733299755183
2649	0.10844949370196456	0.5241238181740218
2650	0.10846739512724651	0.5241670741445822
2651	0.10848869131521953	0.5242185283749736
2652	0.10849801323604986	0.5242410497022719
2653	0.10851700658384464	0.5242869337537929
2654	0.1085292497040169	0.5243165085047846
2655	0.10853776087628929	0.5243370672972453
2656	0.10858641922042822	0.5244545863728092
2657	0.10863483805909226	0.5245715008639122
2658	0.1086459320826939	0.5245982853657587
2659	0.1086743803827155	0.5246669623623055
2660	0.10868008380043105	0.52468072989232
2661	0.10872019090047867	0.5247775345721316
2662	0.10872473201165886	0.5247884941198735
2663	0.10876600944466493	0.5248881028561115
2664	0.10878759380515231	0.5249401816814231
2665	0.10880760446915272	0.524988458871043
2666	0.1088219705590076	0.5250231153754238
2667	0.10884232108640618	0.5250722047172441
2668	0.10888100501780261	0.5251655050644388
2669	0.10889201989522074	0.5251920684092999
2670	0.10890748507244363	0.5252293617759662
2671	0.10893444477337731	0.525294367180768
2672	0.10896339289443661	0.5253641581218855
2673	0.10899289913968774	0.5254352851032043
2674	0.10899654975998148	0.5254440845234805
2675	0.10900015296421078	0.5254527695080283
2676	0.10903727411255233	0.5255422361246457
2677	0.10905375709847374	0.525581957302565
2678	0.10907261012742621	0.5256273861988447
2679	0.10907719832896325	0.5256384414904378
2680	0.10911487288623156	0.5257292097086865
2681	0.10914413962310099	0.5257997103950036
2682	0.10915021692423704	0.5258143488295907
2683	0.10917147074956077	0.5258655398517507
2684	0.10917501582809046	0.5258740778859465
2685	0.10918998600309109	0.5259101308100727
2686	0.10921798303864574	0.5259775499089424
2687	0.10922705099174637	0.5259993844119556
2688	0.10924170628727757	0.5260346706244896
2689	0.10927103479083226	0.5261052790710301
2690	0.10929483276338003	0.5261625657865618
2691	0.10930483077095474	0.5261866312290203
2692	0.10935900089647244	0.5263170008797742
2693	0.10937879376831039	0.5263646277488212
2694	0.10940342335060753	0.5264238870016735
2695	0.10942015543625354	0.5264641409194236
2696	0.10944282134125743	0.5265186654641312
2697	0.10945363935948275	0.5265446870327536
2698	0.1094775412437312	0.5266021758619354
2699	0.10949160143060026	0.5266359905019141
2700	0.10951607760389055	0.5266948503290817
2701	0.10954517063434215	0.5267648041301038
2702	0.10956528607220568	0.5268131659987151
2703	0.10957885335753696	0.5268457821837583
2704	0.10960552002558452	0.5269098838170516
2705	0.10963239209559343	0.5269744713101651
2706	0.10964315727208088	0.5270003433805646
2707	0.10965638151468224	0.5270321236139911
2708	0.10967626825309237	0.5270799114156725
2709	0.10968403492517356	0.5270985735402492
2710	0.10972882696723811	0.5272061890723574
2711	0.10974244710753926	0.5272389079104721
2712	0.1097756629945007	0.5273186919114692
2713	0.10979876287313768	0.5273741703149487
2714	0.10983313072511658	0.527456699930387
2715	0.10984118274731614	0.5274760338744886
2716	0.10986076757548756	0.5275230566157956
2717	0.10988170505676588	0.5275733224120894
2718	0.10990810840327697	0.5276367035934565
2719	0.10993217903486267	0.527694478463696
2720	0.10994960706163366	0.5277363056571076
2721	0.10996483948466892	0.5277728606956948
2722	0.11000531412052429	0.5278699801440329
2723	0.11001279030142866	0.5278879173884614
2724	0.11003506142905956	0.5279413478314251
2725	0.11005843832449687	0.5279974252948324
2726	0.11007207106046489	0.528030125316348
2727	0.11011775135325538	0.5281396811213911
2728	0.1101539228246244	0.5282264156423514
2729	0.11016905286879664	0.5282626913117958
2730	0.11020487689712301	0.5283485727773235
2731	0.1102283126913172	0.5284047481959631
2732	0.11023676645043719	0.5284250103260187
2733	0.1102703163712924	0.5285054157531277
2734	0.1102936211908557	0.5285612606670819
2735	0.11032862686973538	0.5286451330509558
2736	0.11034307801284188	0.5286797536047592
2737	0.11037832439605368	0.5287641837372054
2738	0.11042099062931869	0.5288663695440556
2739	0.11044491840625792	0.528923668029486
2740	0.11045313953147756	0.5289433532574411
2741	0.11048796620385073	0.5290267365142673
2742	0.11048907508709242	0.5290293912260464
2743	0.11051877733873898	0.5291004946731471
2744	0.11052711911555636	0.5291204621169897
2745	0.11055342573888212	0.5291834265037453
2746	0.11056321392360845	0.5292068524195505
2747	0.11060090555402827	0.5292970495506559
2748	0.11063775053007893	0.5293852057601156
2749	0.11064866419101296	0.5294113152396557
2750	0.11068095967882285	0.5294885703488703
2751	0.1106888046598282	0.5295073348869921
2752	0.11071734469895443	0.5295755946631103
2753	0.1107373882526701	0.5296235279681939
2754	0.11075255629386449	0.5296597988092672
2755	0.1107818400738027	0.5297298171292801
2756	0.11079160827103114	0.529753171098069
2757	0.11082051461928187	0.5298222748469281
2758	0.11082584023958661	0.529835005334492
2759	0.11085354090695695	0.529901216726256
2760	0.11089983995400418	0.53001186434288
2761	0.1109245269687851	0.5300708530783333
2762	0.11094139294135232	0.5301111499400872
2763	0.1109698206797374	0.5301790637071241
2764	0.11099310917760509	0.5302346933647527
2765	0.11101973550608914	0.5302982890087313
2766	0.11104408352781675	0.530356436356842
2767	0.11108938004691943	0.5304645954335008
2768	0.11109879495053451	0.5304870735822786
2769	0.11112772631601153	0.5305561414617479
2770	0.11114630395695561	0.5306004871436116
2771	0.1111667490143219	0.5306492861508018
2772	0.1111921100706015	0.5307098126079773
2773	0.11121358199493107	0.5307610519038836
2774	0.11123922349612017	0.5308222347447501
2775	0.11124357337089824	0.530832613222798
2776	0.11126300838872541	0.5308789812529977
2777	0.11128824487492274	0.5309391843728949
2778	0.11130937206879277	0.5309895792855281
2779	0.11133371867689867	0.531047647569046
2780	0.11135731644761028	0.5311039237664639
2781	0.11138480733047974	0.5311694767773752
2782	0.11140376355483456	0.5312146738722423
2783	0.11141234452281921	0.5312351321053844
2784	0.11144006949124707	0.5313012269405073
2785	0.11144602878852378	0.5313154325114577
2786	0.11148815437968405	0.5314158392387491
2787	0.11150885580878085	0.5314651743306626
2788	0.1115308340742064	0.531517547333128
2789	0.11155365887062929	0.5315719321105968
2790	0.11158488597098833	0.5316463280951658
2791	0.11160473836441248	0.5316936193684167
2792	0.11164288683616215	0.5317844827417548
2793	0.11167498298512861	0.5318609184552245
2794	0.11172504413786033	0.53198011519352
2795	0.11174237083350835	0.5320213642271499
2796	0.11176211705061913	0.53206836942858
2797	0.11180605384668219	0.5321729445875564
2798	0.1118345563107151	0.5322407730866067
2799	0.11185767486700478	0.5322957829280948
2800	0.11186739268106612	0.532318904448846
2801	0.11189042292908433	0.5323736961321054
2802	0.11191686207018603	0.5324365910229641
2803	0.11192679921749647	0.5324602281376065
2804	0.11197420561135875	0.5325729774846373
2805	0.11198580406756144	0.5326005591244101
2806	0.1120105790556584	0.5326594703538308
2807	0.11206082068073135	0.5327789174513948
2808	0.1120885459080008	0.5328448214084442
2809	0.11210978325848768	0.5328952979141722
2810	0.11213179116748424	0.5329476008237388
2811	0.11213859902568674	0.5329637790038492
2812	0.11218018928094595	0.5330626033378927
2813	0.11218544045779386	0.5330750795748379
2814	0.11221864961991222	0.5331539742457978
2815	0.11223975193425685	0.533204100735152
2816	0.1122722888728294	0.5332813798259014
2817	0.11231322234003413	0.5333785857650711
2818	0.11235959088115743	0.5334886771427745
2819	0.11237750477710198	0.5335312034624421
2820	0.11239198931210936	0.533565586243979
2821	0.11241203452635151	0.5336131650781613
2822	0.1124267566641848	0.533648106485464
2823	0.11246301270162005	0.5337341465291788
2824	0.11246880848488587	0.5337478993511372
2825	0.11247777486010092	0.5337691749768844
2826	0.11250573109144035	0.533835504736024
2827	0.11255198228519302	0.5339452235568769
2828	0.11256331813860031	0.5339721114546468
2829	0.11257593147225672	0.534002027860137
2830	0.11261876928264761	0.5341036184113642
2831	0.11262850533772466	0.5341267049265849
2832	0.11265750433563583	0.5341954625748674
2833	0.1126718623508296	0.5342295026605548
2834	0.11268750428164742	0.5342665841942393
2835	0.11269361067892299	0.5342810596227227
2836	0.11274276760916428	0.5343975735634745
2837	0.11276190439298851	0.53444292554982
2838	0.11277971718554058	0.5344851363704137
2839	0.11282732328431223	0.5345979317747543
2840	0.1128313122673195	0.5346073819821833
2841	0.11286061629627596	0.5346768003592017
2842	0.1129117580376325	0.5347979285548821
2843	0.11292906608828282	0.5348389161150007
2844	0.11294097317445881	0.5348671117134669
2845	0.11296457268573498	0.5349229902080522
2846	0.11297748525792752	0.5349535618916801
2847	0.11299974267940202	0.5350062542511356
2848	0.11303331678185767	0.5350857279753156
2849	0.11304504427483412	0.5351134855052917
2850	0.11306230702412257	0.5351543416850952
2851	0.11307188661823088	0.5351770126040194
2852	0.11308386476281339	0.5352053585442197
2853	0.11312565501265241	0.5353042422342114
2854	0.11314390110119106	0.5353474102264331
2855	0.11316766282015779	0.5354036223013874
2856	0.11319313298025864	0.5354638694092193
2857	0.1132326466348403	0.5355573215810183
2858	0.11325853147849506	0.5356185319553407
2859	0.11328123801080399	0.5356722207584252
2860	0.11328918445053407	0.5356910085667388
2861	0.11332658557501285	0.535779427389972
2862	0.11334553765418853	0.5358242258350279
2863	0.11337605786270848	0.5358963608600452
2864	0.11340801494633601	0.5359718815586695
2865	0.11341454469801643	0.535987311301093
2866	0.11343937438339588	0.5360459795610815
2867	0.11345216234784278	0.5360761928084141
2868	0.11349417385125751	0.53617543852485
2869	0.11351318506657336	0.5362203435606381
2870	0.11353924710586112	0.5362818967343862
2871	0.11356462677328787	0.5363418314970931
2872	0.11360291452728216	0.5364322363798921
2873	0.11361713738703964	0.536465815455356
2874	0.11364550256488223	0.5365327771786509
2875	0.11368634659096334	0.5366291830619659
2876	0.11372354830772381	0.5367169767793618
2877	0.1137314335866448	0.5367355836983658
2878	0.11377551011281818	0.5368395793466911
2879	0.11378033458659252	0.5368509611502695
2880	0.1138019880922771	0.5369020427029836
2881	0.1138474015039782	0.5370091591158813
2882	0.11385567985669184	0.5370286829274038
2883	0.11388080899002302	0.5370879435670565
2884	0.11390787064296717	0.537151754249024
2885	0.11391294214400427	0.5371637118747005
2886	0.11393207718679302	0.5372088262348572
2887	0.11398624760131593	0.5373365223466826
2888	0.1140097373060456	0.5373918852800189
2889	0.11402255143693683	0.5374220845271949
2890	0.11402535329451954	0.5374286874793015
2891	0.11404456055840834	0.5374739497813221
2892	0.11409548966493359	0.5375939467920509
2893	0.11411726129634517	0.5376452360191473
2894	0.11413683948524735	0.5376913537950283
2895	0.11415306769386324	0.537729577463039
2896	0.11419197747308163	0.5378212138812992
2897	0.11421585367875108	0.5378774370023881
2898	0.114253539010423	0.5379661655685837
2899	0.11427178078410993	0.5380091098198274
2900	0.1143026942996725	0.5380818776904068
2901	0.11432106935247473	0.5381251263891469
2902	0.114340108703613	0.5381699349565894
2903	0.11438526054894702	0.5382761836190982
2904	0.11441095738857308	0.5383366425451023
2905	0.114425521217708	0.5383709049687806
2906	0.11443052603702705	0.5383826786518501
2907	0.11446518975617151	0.5384642169157582
2908	0.11448748275398933	0.5385166494379409
2909	0.11451827852091452	0.53858907184494
2910	0.11456429631262179	0.5386972737437455
2911	0.11458209584044103	0.5387391200475723
2912	0.11460447482448753	0.5387917279417528
2913	0.1146321511666818	0.5388567816147759
2914	0.11464230891481404	0.5388806555897517
2915	0.11472585934898914	0.5390769858666061
2916	0.11476718771429123	0.5391740745467288
2917	0.11479043720937844	0.5392286846249695
2918	0.11480587325619368	0.5392649388619107
2919	0.11481707882650426	0.5392912555631989
2920	0.11484902633671548	0.5393662784376543
2921	0.11487291247988843	0.5394223638515365
2922	0.11493166246907247	0.5395602858664714
2923	0.11493873233819331	0.5395768807797482
2924	0.11497206072954913	0.5396551047414991
2925	0.11498275639507462	0.5396802057800897
2926	0.11501217040820971	0.5397492298063321
2927	0.11505967503134545	0.5398606873006082
2928	0.11508587619385495	0.5399221518077072
2929	0.11511240185956596	0.5399843704301602
2930	0.11513645989427097	0.540040794776365
2931	0.11515394390124119	0.5400817970731185
2932	0.11516562566175995	0.5401091906039085
2933	0.11517578677784833	0.5401330171194388
2934	0.11523339134135094	0.5402680725774295
2935	0.11524126391557886	0.5402865274185675
2936	0.11528506965876402	0.5403892050677912
2937	0.11531027131400605	0.5404482671748454
2938	0.11531303289513532	0.5404547387700602
2939	0.11534717494738224	0.5405347421652792
2940	0.11538168286161393	0.5406155908365847
2941	0.11543549277419354	0.5407416380828216
2942	0.11546085126096213	0.5408010289874499
2943	0.11549107013420955	0.5408717946556792
2944	0.11551716162475245	0.5409328874931696
2945	0.11553668995415463	0.5409786082720414
2946	0.1155523521797531	0.5410152747278688
2947	0.11561214432538906	0.541155229821474
2948	0.11564374076435024	0.5412291727891437
2949	0.11568010578750507	0.5413142628434829
2950	0.11571124559604133	0.5413871158554596
2951	0.1157511752693626	0.5414805188170779
2952	0.1157637931422679	0.5415100310279286
2953	0.11576715787257219	0.5415179005954447
2954	0.11580026205732433	0.5415953199067473
2955	0.1158183363835457	0.5416375848739311
2956	0.11583753756917434	0.5416824812742816
2957	0.11586781148193112	0.5417532604759652
2958	0.11587541783221691	0.5417710423663298
2959	0.11591839568890039	0.5418715037068075
2960	0.11593772366435157	0.5419166770484617
2961	0.1159956351318014	0.5420520051840131
2962	0.11600704550461388	0.5420786650809996
2963	0.11603208514879125	0.5421371646508577
2964	0.11604433897935887	0.5421657907053096
2965	0.11608714308787453	0.5422657731082057
2966	0.11609768344821486	0.5422903905928002
2967	0.11612228514797832	0.542347844618935
2968	0.11614201159488406	0.5423939087384374
2969	0.11616966148350863	0.5424584686615742
2970	0.116173580389565	0.5424676183217473
2971	0.11621842130425425	0.5425722995984094
2972	0.1162208474917206	0.542577962965834
2973	0.11624559657447661	0.5426357305367461
2974	0.1162909545394946	0.5427415859529917
2975	0.11631167878573186	0.5427899448697978
2976	0.11632108384201177	0.5428118896428384
2977	0.11636696052892305	0.5429189207820585
2978	0.11640507263271041	0.5430078209656463
2979	0.11644311785650249	0.543096550631245
2980	0.11647000292056665	0.5431592436573385
2981	0.11647591749864027	0.5431730348348455
2982	0.11649001557203432	0.5432059062720072
2983	0.1165346346197223	0.5433099281045306
2984	0.11655709755958608	0.5433622891481769
2985	0.11659892140719952	0.5434597669671605
2986	0.11663164295075487	0.5435360180798692
2987	0.11666381130883942	0.5436109696769115
2988	0.1166760558908384	0.5436394965798717
2989	0.11668659418310498	0.5436640470435542
2990	0.11672568091489734	0.5437550955127298
2991	0.11675606418225092	0.543825859638326
2992	0.11677899295466912	0.5438792557823898
2993	0.11680094914857839	0.5439303820888337
2994	0.11682261457087945	0.5439808266061543
2995	0.11683259121704392	0.5440040540796344
2996	0.11687536139610673	0.5441036197125473
2997	0.11691112665964534	0.5441868644640394
2998	0.11693348875496021	0.5442389064596291
2999	0.11699122616694531	0.544373252353101
3000	0.11700313761500916	0.5444009642973839
3001	0.1170241304963114	0.5444498007323356
3002	0.11702857619208544	0.544460142339577
3003	0.11705714657523042	0.544526598268984
3004	0.11708523540489421	0.5445919261787974
3005	0.11713427813275756	0.5447059690696254
3006	0.11714531311866638	0.5447316262949429
3007	0.11716365530734586	0.5447742706779013
3008	0.11718380868655137	0.5448211221112341
3009	0.117217768653225	0.5449000612030335
3010	0.11723624212984186	0.5449429975346101
3011	0.11725892600611781	0.5449957151133143
3012	0.11729162379122389	0.5450716961548611
3013	0.11732125015291724	0.545140530872552
3014	0.1173593401739239	0.5452290175241731
3015	0.11737701332874827	0.5452700690249997
3016	0.11738181616299957	0.5452812245949898
3017	0.11741690534720908	0.5453627195158935
3018	0.11742924405302241	0.5453913733684487
3019	0.11745013924679709	0.5454398942953137
3020	0.11746139697442319	0.5454660341818708
3021	0.11748305228879358	0.545516313228322
3022	0.11753603714205624	0.5456393132825559
3023	0.11755807173667468	0.5456904566507225
3024	0.11760357989228046	0.5457960681284703
3025	0.11761310287409181	0.5458181656735412
3026	0.11764545202008957	0.5458932233718564
3027	0.11768392640058317	0.5459824796343168
3028	0.11773116706343932	0.546092052738908
3029	0.11774658653700396	0.5461278129224197
3030	0.11778120400562482	0.546208087746639
3031	0.11778547007526902	0.5462179795653839
3032	0.11779910165400412	0.5462495861717526
3033	0.11781359800248195	0.5462831958540187
3034	0.11787619243507938	0.5464282968720963
3035	0.11790825796633811	0.5465026134997885
3036	0.11792467974904904	0.5465406695056263
3037	0.11794004999734559	0.5465762862743213
3038	0.11797993201856347	0.5466686922235074
3039	0.11798630959501884	0.546683467508618
3040	0.11799442013812457	0.5467022570768659
3041	0.11801981545062638	0.546761085823601
3042	0.11803959415717853	0.5468068992066485
3043	0.11806293479225746	0.5468609581414086
3044	0.11808454835180836	0.5469110122545245
3045	0.11811730034368292	0.5469868527577988
3046	0.11812915344313843	0.5470142972003189
3047	0.11815436856843699	0.5470726752453501
3048	0.11818458485690164	0.5471426237764188
3049	0.11818915669974925	0.5471532064844054
3050	0.11821037126000786	0.5472023103707452
3051	0.1182383903897253	0.5472671575746125
3052	0.11825088096166851	0.547296063157911
3053	0.1182723509843181	0.5473457453482753
3054	0.11827990831222764	0.5473632321284375
3055	0.11832822725505306	0.5474750233555112
3056	0.11837761858818611	0.5475892720886054
3057	0.11838745560022655	0.5476120235615023
3058	0.1184040216030067	0.5476503360031705
3059	0.11844868990321766	0.547753627692817
3060	0.11848188829053276	0.5478303835569134
3061	0.11851876158459913	0.5479156233336817
3062	0.11853350868878965	0.5479497104155152
3063	0.11857014134303163	0.5480343755109464
3064	0.11859301272605895	0.5480872290353878
3065	0.11863518835853532	0.548184679425475
3066	0.11865703737682227	0.548235156631428
3067	0.11867177867940676	0.54826921044534
3068	0.11868865555758248	0.5483081950456286
3069	0.11871109297644378	0.5483600198775777
3070	0.11873313881198826	0.5484109354799104
3071	0.1187541811374959	0.5484595290330403
3072	0.11876923770649117	0.548494296891009
3073	0.11883049129068071	0.5486357178158623
3074	0.11886986536953555	0.5487266045766516
3075	0.11888830863220695	0.5487691717838561
3076	0.11892046587202844	0.5488433830706189
3077	0.11893121362512554	0.5488681840998291
3078	0.11895920126970302	0.5489327618652099
3079	0.11899058264903323	0.5490051611883502
3080	0.11901677810031291	0.5490655888550218
3081	0.11902741134086176	0.5490901157166099
3082	0.1190557468026132	0.5491554695537483
3083	0.11909183367998699	0.5492386902513934
3084	0.11911274989172184	0.5492869197899596
3085	0.11916094679249985	0.5493980382457255
3086	0.1191825921146712	0.5494479344486052
3087	0.1192038958077652	0.5494970387134614
3088	0.11922125993054365	0.5495370591613445
3089	0.11927320111139976	0.5496567546568017
3090	0.11929029232641512	0.5496961346901064
3091	0.1193195037006663	0.5497634343684954
3092	0.11932847012878814	0.5497840903449366
3093	0.11938197419976158	0.5499073316400447
3094	0.11939020873285137	0.5499262966138884
3095	0.11940613359847559	0.5499629713565632
3096	0.11941748363701808	0.5499891088438368
3097	0.1194600199596722	0.5500870527569729
3098	0.11947626914024291	0.550124463431761
3099	0.11950009282669792	0.550179308379425
3100	0.119549129138161	0.5502921785714182
3101	0.11956639874671786	0.5503319236846008
3102	0.11958756329020065	0.5503806288754493
3103	0.11962546451052884	0.5504678388007757
3104	0.11964441009283235	0.5505114270154688
3105	0.11965831806119376	0.550543422965011
3106	0.11967281707894127	0.5505767766724633
3107	0.11970153316376864	0.550642829521707
3108	0.11973489827214386	0.5507195661228355
3109	0.1197673228497491	0.5507941293488015
3110	0.11978222837841716	0.5508284025631792
3111	0.11981319607528117	0.5508996017087455
3112	0.11985406015710627	0.5509935399724434
3113	0.1198766161833432	0.551045384857998
3114	0.11991647235310696	0.551136982093138
3115	0.119934831559164	0.5511791700009706
3116	0.11995341043179553	0.5512218593970302
3117	0.11997384185987985	0.5512688016649068
3118	0.11998281911364643	0.5512894261080176
3119	0.12001276751717797	0.5513582243250607
3120	0.12002446795668326	0.5513851005335467
3121	0.12004433147656124	0.5514307245466472
3122	0.12006420367285783	0.5514763647114138
3123	0.12008552168452542	0.5515253212588807
3124	0.12010776763178385	0.551576404165749
3125	0.12015399233109864	0.5516825338577073
3126	0.12015954210459417	0.5516952744986611
3127	0.12018966966022301	0.5517644333355436
3128	0.12022526220959015	0.5518461260848831
3129	0.12026102116322475	0.5519281885921626
3130	0.12026945280463609	0.5519475364197483
3131	0.12030553994915952	0.5520303368156461
3132	0.12034538117107939	0.5521217363579317
3133	0.12037570885928674	0.5521913008103094
3134	0.12038423866860817	0.5522108645707783
3135	0.12039940007611159	0.5522456366906559
3136	0.12041167803527376	0.552273794125481
3137	0.12044593524293032	0.5523523496813292
3138	0.12049049336822087	0.5524545096642866
3139	0.12050898220862125	0.5524968941344938
3140	0.1205457120715363	0.5525810853240758
3141	0.12055794530892806	0.55260912316958
3142	0.12056496097498375	0.5526252020130625
3143	0.12060501286369124	0.5527169859152937
3144	0.1206465940558102	0.5528122582843042
3145	0.12065322511376884	0.552827450092185
3146	0.12068726488265932	0.5529054289092571
3147	0.1207070346698082	0.5529507127884038
3148	0.1207396534866152	0.5530254200318733
3149	0.12077278613996775	0.553101293790596
3150	0.1208084929821368	0.5531830507894109
3151	0.12083308737229721	0.5532393568779718
3152	0.12084899907994341	0.5532757818891749
3153	0.12087018025593478	0.5533242660236906
3154	0.12089041583086209	0.5533705816907478
3155	0.12093097013971679	0.553463391693765
3156	0.12094708377287186	0.5535002640060629
3157	0.1209816035850035	0.5535792463237931
3158	0.12100918181278479	0.5536423380012423
3159	0.12102365832839108	0.553675453555511
3160	0.12105059120676005	0.553737058221504
3161	0.12112456419661377	0.5539062243919168
3162	0.12114426672522864	0.5539512726839121
3163	0.12116347474896025	0.5539951868027742
3164	0.12117383046640622	0.5540188609960648
3165	0.12119474371375698	0.5540666676617353
3166	0.12122160594117484	0.5541280673551329
3167	0.1212413871411872	0.554173277410351
3168	0.12125198462623321	0.5541974965109022
3169	0.12128909091860401	0.5542822895200366
3170	0.12132174324257505	0.5543568938675136
3171	0.1213409994374068	0.5544008859027685
3172	0.12139066834444107	0.554514341655012
3173	0.12141195445417467	0.5545629571535983
3174	0.12143243611116711	0.554609731333843
3175	0.12145372239988306	0.5546583388802673
3176	0.12147595347542538	0.5547090993138896
3177	0.1214935072572417	0.5547491767550609
3178	0.1215476761722716	0.5548728327960843
3179	0.12156067085903811	0.5549024927870382
3180	0.12160603324756766	0.5550060186824779
3181	0.12163610498403904	0.5550746376588809
3182	0.12165758115694073	0.5551236377183189
3183	0.12168040834400337	0.5551757155117194
3184	0.12170365668959458	0.5552287491127379
3185	0.1217229453163925	0.5552727460480683
3186	0.12175525735622732	0.5553464412930363
3187	0.12176229021667072	0.5553624800978717
3188	0.12180039529979385	0.5554493726737055
3189	0.12183020534546633	0.5555173402617044
3190	0.12185826198453166	0.5555813024467625
3191	0.12188092779286436	0.5556329694966567
3192	0.12189228496283071	0.555658856529146
3193	0.12193240807559115	0.5557503017284119
3194	0.1219534988145302	0.555798363920828
3195	0.12200516380167503	0.5559160820468985
3196	0.12201774375604348	0.5559447415661509
3197	0.12203488010941586	0.5559837790486737
3198	0.1220525590744318	0.5560240497557498
3199	0.12210669517285748	0.5561473476032127
3200	0.12211562571582847	0.5561676847639624
3201	0.12214037070784074	0.556224031638984
3202	0.12215263171034331	0.5562519490796335
3203	0.12217733818144401	0.5563081997214329
3204	0.12221989400520698	0.556405075676168
3205	0.12226346741889565	0.5565042506436921
3206	0.12226381427418569	0.5565050400303766
3207	0.12232382285464463	0.5566415930284796
3208	0.12238402830140546	0.556778560351891
3209	0.12240067760015307	0.5568164315408957
3210	0.12242734946799368	0.5568770951156541
3211	0.12243698242019417	0.5568990030673703
3212	0.12246814782199142	0.55696987575849
3213	0.1224744297226018	0.5569841602259148
3214	0.12249233595112267	0.5570248753415692
3215	0.1225191457810563	0.5570858298699288
3216	0.1225475188839831	0.5571503313749314
3217	0.12258088899060159	0.557226183177663
3218	0.12260110051450805	0.5572721198901841
3219	0.12262525899259552	0.5573270222650176
3220	0.1226516854632018	0.5573870726692963
3221	0.12267864263081774	0.5574483223422
3222	0.12268866397874209	0.5574710902396436
3223	0.12271514645448037	0.5575312523506548
3224	0.12274991432899168	0.5576102271324256
3225	0.12275921587275698	0.5576313535735625
3226	0.12279115168996046	0.5577038827714064
3227	0.12280614552338552	0.5577379319017711
3228	0.12283000376684529	0.557792106719663
3229	0.12283853175340982	0.5578114699081469
3230	0.12286074212821993	0.5578618964382935
3231	0.12286633500866168	0.5578745938196078
3232	0.12289488238552453	0.5579393997377835
3233	0.12293742968429006	0.5580359731653399
3234	0.12296176226052304	0.5580911954889041
3235	0.12296490903301348	0.5580983366308052
3236	0.12301555924198891	0.5582132673344874
3237	0.12303269749164908	0.5582521504855912
3238	0.12306013513496775	0.5583143951970486
3239	0.12312141776210482	0.5584533951837484
3240	0.1231241264427658	0.5584595381587866
3241	0.12315175707096368	0.558522197373922
3242	0.12318219400468697	0.5585912124382222
3243	0.12322153445835884	0.5586804034029778
3244	0.12323950987346306	0.5587211517428888
3245	0.12327198755342465	0.5587947676287962
3246	0.12328749492747774	0.5588299141659204
3247	0.12332360506108066	0.5589117470618011
3248	0.12334944383765463	0.5589702956234401
3249	0.12335522311812108	0.5589833901627111
3250	0.12337448030121889	0.5590270203598765
3251	0.12341545634441962	0.5591198467434594
3252	0.12342234649771597	0.5591354540579788
3253	0.1234271603419714	0.5591463579373223
3254	0.12349000022804386	0.5592886775946277
3255	0.12351703515840702	0.5593498951141165
3256	0.12353630160164972	0.5593935176912924
3257	0.12355916369329642	0.5594452770286946
3258	0.12356750680733843	0.5594641644864039
3259	0.12361133419983329	0.5595633721274087
3260	0.12361689390608065	0.5595759558156908
3261	0.12365768673392562	0.5596682765416616
3262	0.12370892589347494	0.5597842174217831
3263	0.12373117504520896	0.5598345539838139
3264	0.12373987246772725	0.5598542298338632
3265	0.12376162215840411	0.5599034303100563
3266	0.1237735627245891	0.5599304395016037
3267	0.12380316496815144	0.5599973932433884
3268	0.12382723773092322	0.5600518346187705
3269	0.12386134743681752	0.5601289658232764
3270	0.12386966153180547	0.5601477646147378
3271	0.12390046305219414	0.560217403661747
3272	0.12391812088519294	0.560257322289521
3273	0.12393601435077231	0.5602977707048628
3274	0.1239703794550055	0.5603754452889522
3275	0.1239983257205003	0.5604386035956783
3276	0.12403223526163541	0.5605152292948141
3277	0.12405255766518451	0.5605611469955682
3278	0.12408508889244318	0.5606346422424281
3279	0.12410121701659482	0.5606710756745292
3280	0.12411104701256112	0.5606932804740083
3281	0.12411852753222043	0.5607101774949025
3282	0.1241602840477626	0.5608044878885059
3283	0.12421122771451588	0.5609195267159961
3284	0.1242414099635296	0.5609876718620472
3285	0.12425472780394416	0.5610177381019879
3286	0.12428333746550556	0.5610823215753825
3287	0.12428851008144969	0.5610939974493356
3288	0.12431168731989803	0.5611463112277617
3289	0.12433175991052786	0.5611916135069877
3290	0.12434340163567999	0.5612178863016464
3291	0.12437259808437706	0.5612837708088634
3292	0.12440238613443856	0.561350982350355
3293	0.12441786618293353	0.5613859072034413
3294	0.12445005769604091	0.5614585281763391
3295	0.1244595996889763	0.5614800521945658
3296	0.12448633677739614	0.5615403590558581
3297	0.12450864185623818	0.5615906643395518
3298	0.12451126863264264	0.5615965882870935
3299	0.12453482104133601	0.561649701258609
3300	0.12458077067551979	0.5617533076956563
3301	0.12460078598569319	0.5617984318952588
3302	0.12461085626226827	0.5618211338037538
3303	0.1246263520863605	0.5618560649930838
3304	0.12467759916846011	0.5619715723637371
3305	0.12469066576190856	0.5620010197613895
3306	0.12470350140558135	0.562029945179166
3307	0.12473316034547234	0.5620967765878983
3308	0.12475470679747233	0.5621453228934871
3309	0.12476790283248705	0.5621750528066959
3310	0.12478046409218982	0.5622033511468517
3311	0.12480553259663074	0.5622598218833751
3312	0.12485089319181338	0.5623619893220292
3313	0.12487156784210121	0.5624085494862361
3314	0.12491413647892732	0.562504403673412
3315	0.12493580557981818	0.5625531909302159
3316	0.12494035127022653	0.5625634248634442
3317	0.12498799767977362	0.5626706823350762
3318	0.1249943812962193	0.5626850510265763
3319	0.12501109407817693	0.5627226675903886
3320	0.12504210261455467	0.5627924538942312
3321	0.12506312705990003	0.5628397655661016
3322	0.12511322081453458	0.5629524763826557
3323	0.1251519762633409	0.5630396605604614
3324	0.12517230528127363	0.5630853872797963
3325	0.12518849015891578	0.5631217897951096
3326	0.12521169098510637	0.5631739682561204
3327	0.12525104717124058	0.563262468930293
3328	0.12526035814104924	0.5632834045731369
3329	0.12529850161841016	0.5633691617619824
3330	0.12535675911586577	0.5635001156960003
3331	0.125380625956227	0.5635537559118089
3332	0.12540797134087456	0.563615207806551
3333	0.1254214630648862	0.5636455246047727
3334	0.1254561769347654	0.5637235214771902
3335	0.1254652267882686	0.5637438533708108
3336	0.12548093741673486	0.5637791479827745
3337	0.12549287057429537	0.563805954865155
3338	0.1255388120677279	0.5639091468523731
3339	0.125549379852615	0.5639328811264791
3340	0.1255772538699071	0.5639954788172141
3341	0.12559357948422412	0.56403213861484
3342	0.12563094947143022	0.5641160453965774
3343	0.1256327130437057	0.5641200048346403
3344	0.12567843916630256	0.5642226559402741
3345	0.12568769680256828	0.5642434362426464
3346	0.12573753238628413	0.5643552873422849
3347	0.12574877099553025	0.5643805082397739
3348	0.12576006370388174	0.56440584940751
3349	0.12579182685633533	0.5644771207502665
3350	0.12581201746483966	0.5645224205107637
3351	0.12582673296008398	0.5645554339869959
3352	0.12586615743241777	0.5646438713023575
3353	0.12591191156468265	0.5647464900026324
3354	0.1259485566714914	0.5648286652696015
3355	0.12596770570976426	0.5648716015085568
3356	0.12597434047562026	0.5648864773112299
3357	0.12601703323153948	0.5649821893327215
3358	0.1260313354169107	0.5650142494857716
3359	0.12605618326916487	0.5650699447564218
3360	0.1260655099163601	0.5650908485724792
3361	0.1261005174402131	0.5651693040445709
3362	0.12610845971892395	0.5651871019947524
3363	0.12615198279328624	0.5652846234389525
3364	0.1261820894715095	0.565352073139714
3365	0.12619777257944148	0.5653872057093773
3366	0.12625048039763223	0.5655052633203879
3367	0.12631484506869267	0.5656493971176247
3368	0.12632974188159912	0.5656827507777217
3369	0.12634362504818325	0.5657138331340654
3370	0.12637603205985545	0.5657863809944431
3371	0.12641122326925255	0.5658651511566761
3372	0.12642409051388545	0.5658939497865211
3373	0.12644843338050266	0.5659484283982804
3374	0.12648305662009426	0.5660259051465204
3375	0.1265277390377421	0.5661258757406155
3376	0.12653230765012205	0.5661360963703262
3377	0.12656969754735944	0.5662197359060994
3378	0.12660625889381064	0.5663015100651373
3379	0.126627387124737	0.5663487606909867
3380	0.126650799840491	0.566401115675145
3381	0.12671428313783026	0.5665430512404179
3382	0.1267165641248351	0.5665481503953436
3383	0.12672496267292113	0.5665669249852272
3384	0.12679346559659252	0.5667200370729887
3385	0.12681074672564724	0.5667586558944533
3386	0.12683089809838688	0.5668036856397062
3387	0.1268448823554038	0.5668349324023706
3388	0.12687093344158182	0.5668931369877316
3389	0.12688663040453024	0.5669282050096315
3390	0.1269161113298854	0.5669940614254835
3391	0.1269318095256177	0.5670291259592357
3392	0.12695343003228993	0.5670774154110603
3393	0.12696258423618334	0.5670978601076192
3394	0.12697716603565956	0.567130425094808
3395	0.127024574099098	0.5672362868292222
3396	0.12705682495486217	0.5673082913794045
3397	0.12708123541324823	0.5673627850690103
3398	0.12710141299312605	0.5674078253674231
3399	0.12713362599100025	0.56747972365984
3400	0.1271560854923666	0.5675298470976036
3401	0.12719970416184118	0.567627179341484
3402	0.1272274985285977	0.5676891919709698
3403	0.1272568473630485	0.5677546654557805
3404	0.12729030268016925	0.5678292907688715
3405	0.1273146798695977	0.5678836602661412
3406	0.1273652551298375	0.5679964438516119
3407	0.1273984677554043	0.5680704963219475
3408	0.12742002972504732	0.5681185667610502
3409	0.12748359736069192	0.5682602613246917
3410	0.12751997871667806	0.5683413407910025
3411	0.12752968710222173	0.5683629749376594
3412	0.1275498274079406	0.5684078529281268
3413	0.12757206900697254	0.5684574090456407
3414	0.12759872899962094	0.5685168040165409
3415	0.1276417183580365	0.5686125656070106
3416	0.12765571676659565	0.5686437444914937
3417	0.12767868889861925	0.5686949069927677
3418	0.12770540791565413	0.568754408598588
3419	0.12772750091847448	0.5688036036544144
3420	0.12774433898514756	0.5688410945522501
3421	0.1277603336109026	0.5688767051934465
3422	0.12778426969202322	0.5689299926296247
3423	0.1278333075190349	0.5690391469666122
3424	0.12786463823952537	0.5691088757194256
3425	0.12787222166126602	0.5691257518811688
3426	0.1278995554429823	0.5691865763809372
3427	0.12793439594441675	0.5692640957880478
3428	0.12795922418442157	0.5693193316760213
3429	0.12799765162383944	0.56940481141383
3430	0.1280050626016654	0.5694212952527835
3431	0.12804913056201087	0.5695193033909991
3432	0.12805886661767524	0.5695409543238092
3433	0.1280821014293213	0.5695926203152021
3434	0.12809119486778522	0.5696128396255298
3435	0.12813290500584368	0.5697055731518214
3436	0.1281668934622849	0.569781128018641
3437	0.12819099545173146	0.5698346996267317
3438	0.1282113813795118	0.5698800075954711
3439	0.12822935310184	0.5699199469763184
3440	0.12825533634937722	0.5699776857881332
3441	0.1282708484541233	0.5700121533061825
3442	0.12828035424111603	0.5700332739029346
3443	0.12832468534825142	0.5701317614049538
3444	0.12833400870699052	0.5701524723320048
3445	0.1283504196268353	0.5701889257534692
3446	0.1283814330372329	0.5702578091864935
3447	0.12840411874210597	0.5703081908055823
3448	0.1284306773608857	0.5703671679429194
3449	0.1284497326256728	0.5704094790734234
3450	0.12850205126484984	0.5705256334977942
3451	0.12852710589465993	0.5705812497767372
3452	0.12853549939009476	0.5705998804496015
3453	0.12854834454083658	0.5706283910883172
3454	0.12856034609840505	0.5706550280305184
3455	0.1286029307869514	0.5707495328887819
3456	0.1286562782050456	0.5708679005527012
3457	0.1286832590151355	0.5709277564384313
3458	0.1287171395731596	0.571002910262187
3459	0.12873827672469063	0.5710497916628675
3460	0.12876925571099307	0.5711184949266103
3461	0.12877449733487026	0.5711301186556591
3462	0.12879813600324028	0.5711825363945595
3463	0.1288253089458231	0.5712427852934203
3464	0.12884702114262372	0.5712909218487429
3465	0.12888436610383194	0.5713737071992695
3466	0.12892154146944976	0.5714561046833233
3467	0.12896451907184173	0.5715513477531888
3468	0.12898839307020998	0.5716042482896985
3469	0.12900118521327963	0.5716325913904584
3470	0.12901646200961026	0.5716664378087508
3471	0.1290659645111176	0.5717760990266549
3472	0.12908698641128916	0.5718226617696718
3473	0.12911219825392048	0.5718785000826703
3474	0.12911610425922646	0.5718871504797349
3475	0.1291538972391409	0.5719708415822625
3476	0.1291775058462568	0.5720231157224073
3477	0.12918716878791314	0.5720445100146764
3478	0.12920814771981573	0.5720909557869689
3479	0.12925108760898335	0.5721860097059204
3480	0.12925934616435583	0.5722042894529267
3481	0.1292970280402762	0.5722876882959431
3482	0.1293290292941443	0.5723585050456937
3483	0.1293380725566006	0.5723785156254126
3484	0.12935699461853808	0.5724203833655637
3485	0.1293895675061951	0.5724924483176252
3486	0.1294293644537366	0.5725804836234816
3487	0.12943984046138865	0.5726036554754851
3488	0.1294604839653026	0.5726493140397387
3489	0.1294633799769563	0.5726557190436508
3490	0.12951422715854918	0.572768164241905
3491	0.1295339448233536	0.5728117626214351
3492	0.12954975751407966	0.572846724186333
3493	0.12958269595064983	0.5729195436058686
3494	0.12961094592576408	0.5729819905271828
3495	0.12964460704029676	0.5730563899545152
3496	0.1296865542827327	0.5731490902671762
3497	0.12970066840856953	0.5731802780735749
3498	0.12971412003960603	0.5732100003942497
3499	0.1297232159192251	0.5732300975037996
3500	0.12974178074188544	0.5732711138103709
3501	0.12977117276120884	0.5733360452510344
3502	0.129804679900312	0.5734100586482465
3503	0.1298454846211533	0.5735001786611466
3504	0.12986387363619806	0.5735407874280973
3505	0.1299049830579255	0.5736315596490354
3506	0.12992410212896768	0.5736737708821147
3507	0.129959879091045	0.5737527511931915
3508	0.12997639491146185	0.5737892074304006
3509	0.12999928355060275	0.5738397268958209
3510	0.1300175384362298	0.5738800156211757
3511	0.13003589965885828	0.5739205361804219
3512	0.13004727818453035	0.5739456455030065
3513	0.1300910868205603	0.574042309035936
3514	0.13010371593743486	0.5740701720957746
3515	0.13014165417065465	0.5741538654032416
3516	0.13017909162422944	0.5742364420125522
3517	0.1302095599436399	0.5743036378867179
3518	0.13024919448603622	0.574391037498559
3519	0.1302688227645277	0.5744343156261895
3520	0.1302835717067223	0.574466833225346
3521	0.13032654418479822	0.5745615659218448
3522	0.1303408709782368	0.5745931458225897
3523	0.13035990619569346	0.5746351016039714
3524	0.1304032730794887	0.5747306757041682
3525	0.13041397370659513	0.574754255835033
3526	0.13044908746076053	0.57483162646019
3527	0.1304707648636797	0.5748793858557967
3528	0.1304980893818554	0.5749395812562067
3529	0.1305328881028105	0.5750162330621659
3530	0.13054838818025644	0.5750503720891336
3531	0.13059462935979155	0.5751522065644704
3532	0.13059915031347516	0.5751621618512849
3533	0.13063346890655447	0.5752377268897331
3534	0.13066160681237016	0.5752996754608447
3535	0.13066813312979084	0.5753140428848458
3536	0.13068523281219122	0.5753516854429462
3537	0.13073131002503507	0.5754531057225135
3538	0.1307601961705875	0.5755166777315559
3539	0.13078120530525153	0.5755629097735299
3540	0.13083185817516307	0.5756743596212834
3541	0.1308535933322492	0.5757221761591776
3542	0.13088525186701896	0.5757918166550028
3543	0.1309003098232053	0.5758249372643411
3544	0.13091779688244642	0.5758633983975853
3545	0.13097091079469314	0.5759802016783914
3546	0.13099317538833027	0.5760291569009467
3547	0.13100620182331912	0.5760577973999829
3548	0.13102947321481495	0.5761089593719438
3549	0.13105379440419815	0.5761624244612302
3550	0.13106458023810813	0.576186133291587
3551	0.1311112025262798	0.5762886046358136
3552	0.13114270157058558	0.5763578262194737
3553	0.13120083494273638	0.5764855569711821
3554	0.13120835524533617	0.5765020785265215
3555	0.13125864150990635	0.5766125416097222
3556	0.13127847829028477	0.5766561109477041
3557	0.13129864476123188	0.576700401041134
3558	0.1313966345269155	0.5769155601447997
3559	0.13142341435976987	0.5769743474767965
3560	0.13142750393189997	0.5769833244154454
3561	0.13144742764899628	0.5770270565740271
3562	0.13146688996389258	0.5770697727641305
3563	0.1314860688749337	0.5771118638420574
3564	0.13151089176435032	0.5771663369434352
3565	0.1315366397688283	0.5772228347509989
3566	0.1315778961307762	0.5773133503944358
3567	0.13161394424331077	0.5773924276256418
3568	0.1316223240786823	0.5774108085673524
3569	0.13164447466793588	0.5774593924670909
3570	0.1316615950251172	0.5774969405285422
3571	0.1316982448576134	0.577577312080451
3572	0.1317219352011518	0.5776292580637729
3573	0.13173393308835915	0.5776555641337159
3574	0.1317604134639992	0.577713619667862
3575	0.13180189958371455	0.577804562043808
3576	0.13185911468028638	0.577929960679803
3577	0.13189392708788822	0.5780062459091428
3578	0.1319113418654729	0.5780444035339668
3579	0.13192584137620642	0.5780761715783621
3580	0.13192793994975818	0.5780807693528678
3581	0.1319564186507805	0.578143159855786
3582	0.13198729903307435	0.5782108043008133
3583	0.13200933680523463	0.5782590738926763
3584	0.13206899993902138	0.5783897345412046
3585	0.13207762213472168	0.5784086144755292
3586	0.1320993381328857	0.5784561630456272
3587	0.13212019290595334	0.57850182222944
3588	0.13216256624219336	0.5785945827929843
3589	0.13220134709143821	0.5786794659188497
3590	0.13221163933700772	0.5787019913899727
3591	0.13224584189397942	0.5787768403518313
3592	0.13226881741393312	0.5788271146029546
3593	0.13232285915849978	0.5789453496987165
3594	0.13233733644523624	0.5789770196937728
3595	0.13235300234488462	0.5790112879045425
3596	0.13236767367420646	0.5790433787137214
3597	0.13242069966721215	0.579159348402171
3598	0.1324657632225794	0.5792578857131686
3599	0.13248001146286426	0.5792890378517143
3600	0.1324994566329281	0.579331549776427
3601	0.13252874677617302	0.5793955793462253
3602	0.13256139041335346	0.5794669314679782
3603	0.1325730474844609	0.5794924092436284
3604	0.13260741896124328	0.5795675252624091
3605	0.13263309347177474	0.5796236284294558
3606	0.13267415577110875	0.5797133452431932
3607	0.13271930167145315	0.5798119682746989
3608	0.13274888186665684	0.5798765783029753
3609	0.13276086518228344	0.5799027506034596
3610	0.13279210808060465	0.5799709814666969
3611	0.13281066150156484	0.5800114961858664
3612	0.13285316028287916	0.5801042892260475
3613	0.13287951634136283	0.5801618283328572
3614	0.1329043290689359	0.5802159929092983
3615	0.13291531596287087	0.5802399749717211
3616	0.13295495952234568	0.5803265002259184
3617	0.13296599385536512	0.5803505812494102
3618	0.13298903205584248	0.5804008559608457
3619	0.1330303259203829	0.5804909578804209
3620	0.13306493267502162	0.5805664579654161
3621	0.13311270391078778	0.580670662310701
3622	0.13313433437235597	0.5807178391160268
3623	0.13314982963211525	0.5807516324721718
3624	0.13320711803157667	0.5808765547258753
3625	0.13321376917546987	0.5808910563733138
3626	0.13325420337862331	0.5809792082403797
3627	0.13328390484553607	0.5810439528144427
3628	0.13331513524253588	0.5811120224380155
3629	0.133342896273816	0.5811725235553861
3630	0.1333884199160446	0.581271722061751
3631	0.13339338622843294	0.5812825429039443
3632	0.13342586635205714	0.5813533072058382
3633	0.133449985783271	0.5814058505314261
3634	0.13348581369313986	0.581483891598113
3635	0.1335088969598303	0.5815341664818081
3636	0.13352965080632714	0.5815793642255667
3637	0.13354301094829554	0.581608458095283
3638	0.13356827327966603	0.5816634669298867
3639	0.13361971116893473	0.5817754570764906
3640	0.13363160924888146	0.5818013584077918
3641	0.13363942846921004	0.581818379704208
3642	0.13369082391420922	0.5819302476626417
3643	0.1337053231487508	0.5819618029861219
3644	0.1337157036463075	0.5819843934697457
3645	0.13372445462421303	0.5820034370416904
3646	0.1337841966834723	0.582133428976835
3647	0.13380354424101604	0.5821755208423982
3648	0.1338231016052114	0.5822180660631932
3649	0.1338283454785993	0.5822294730918666
3650	0.13383958115332023	0.5822539133688893
3651	0.1338560911302879	0.582289824652301
3652	0.13390932007630135	0.5824055892494567
3653	0.13394627443744514	0.5824859456496226
3654	0.1339650223629476	0.5825267083399869
3655	0.1339966060510824	0.5825953727468903
3656	0.13401098407187964	0.5826266285523181
3657	0.13406283213048323	0.5827393250544948
3658	0.1341038259216772	0.5828284133869487
3659	0.13413515708534365	0.5828964935697116
3660	0.13414848970412993	0.5829254619021101
3661	0.13417503545195925	0.5829831346604978
3662	0.13419174296344635	0.583019430138983
3663	0.13420774330540539	0.5830541872409869
3664	0.1342533795968227	0.5831533103188852
3665	0.13428115203296703	0.5832136244451666
3666	0.13431250066890016	0.5832816976049848
3667	0.1343173143067127	0.5832921496539938
3668	0.1343645013393973	0.5833945988763718
3669	0.13439913594280264	0.583469783685028
3670	0.13441078744202511	0.5834950745857023
3671	0.13443724101963972	0.5835524910071798
3672	0.13444663213662003	0.5835728726884903
3673	0.13452328573695396	0.5837392085305485
3674	0.13454421666712896	0.5837846197369293
3675	0.13455166370436358	0.5838007757849235
3676	0.13457806792183893	0.583858055071004
3677	0.1345865187514012	0.5838763864660509
3678	0.134611704444219	0.5839310154272113
3679	0.13463950524693705	0.5839913107519823
3680	0.1346553371832911	0.5840256448111681
3681	0.13467787213522364	0.5840745119393576
3682	0.13473021197957077	0.5841879953163769
3683	0.13475598682801754	0.584243872304717
3684	0.13480752683437774	0.5843555892492938
3685	0.1348147015069491	0.5843711392127652
3686	0.1348402084961407	0.584426418211265
3687	0.13487031063907312	0.5844916491465698
3688	0.13490886701759494	0.584575189663255
3689	0.1349197288081325	0.5845987218654207
3690	0.13492621000763275	0.5846127630122429
3691	0.13495978396843838	0.5846854936742043
3692	0.1349889615409158	0.5847486931730195
3693	0.13500857063541805	0.5847911632234188
3694	0.13502556210186442	0.584827961430982
3695	0.13505693670191055	0.5848959029279228
3696	0.1351002172954497	0.5849896138275118
3697	0.1351123451678883	0.5850158703367248
3698	0.13512914904935813	0.5850522483290342
3699	0.1351513838978711	0.5851003801093565
3700	0.1351902034038072	0.5851844032109825
3701	0.13524553939727255	0.5853041546669053
3702	0.13526850851722216	0.5853538544597393
3703	0.1352789660257186	0.5853764806595436
3704	0.13530151668021875	0.5854252690006808
3705	0.13533749969377323	0.5855031098317581
3706	0.13534231479546044	0.5855135253926435
3707	0.13539377562511254	0.5856248288982084
3708	0.13541014025640552	0.5856602191692569
3709	0.13542214628785348	0.5856861821405057
3710	0.13545555647160504	0.5857584254062729
3711	0.13547664374489402	0.5858040180996459
3712	0.13549233966963445	0.5858379518804928
3713	0.13552504013828306	0.5859086422969777
3714	0.13553774647126024	0.5859361079808308
3715	0.1355651943525135	0.5859954342238293
3716	0.13560622126386268	0.5860840991800471
3717	0.13561461479552636	0.5861022371359559
3718	0.1356471500126459	0.5861725386296394
3719	0.13566901284055566	0.5862197746865716
3720	0.13569459643523787	0.5862750448688507
3721	0.1357214039770734	0.586332953647268
3722	0.1357684622078751	0.5864345934747489
3723	0.13577522915429865	0.5864492077745795
3724	0.13580057487595282	0.5865039426657002
3725	0.13581997725016676	0.5865458392576395
3726	0.13584187227643443	0.586593114773691
3727	0.1358580855744785	0.5866281199053018
3728	0.13587883196241107	0.5866729091053959
3729	0.13590876943574365	0.5867375348348248
3730	0.13595632529522714	0.5868401785694201
3731	0.13597435155828982	0.5868790814479237
3732	0.13600836664373195	0.5869524831356927
3733	0.13601465496922804	0.5869660518068494
3734	0.1360413829578971	0.5870237207813264
3735	0.1360657724345903	0.5870763391809861
3736	0.13612341484707102	0.5872006794637693
3737	0.13614015229019755	0.587236778822176
3738	0.1361564213767903	0.5872718659013203
3739	0.13617515346764725	0.5873122622759359
3740	0.13622437546854727	0.5874183979111751
3741	0.1362531038416466	0.58748033501022
3742	0.13628244873027126	0.5875435945485056
3743	0.1362975707302651	0.5875761907773769
3744	0.13631998219560096	0.5876244964884859
3745	0.1363578180164191	0.5877060388724231
3746	0.1363754782273887	0.5877440956437587
3747	0.13641531176927796	0.5878299256625652
3748	0.13644237825206773	0.5878882391290993
3749	0.1364609582555204	0.5879282655263963
3750	0.13649920940788055	0.5880106603674211
3751	0.13651675798423488	0.5880484569905209
3752	0.13654841911005383	0.5881166434794596
3753	0.13657436418643454	0.5881725137948757
3754	0.1365873851955835	0.5882005513303046
3755	0.13660487533920315	0.5882382099427323
3756	0.13663372726098152	0.588300326711008
3757	0.1366404025863055	0.5883146974238024
3758	0.1366826968286199	0.5884057407709504
3759	0.13673503791616842	0.5885183916377171
3760	0.1367666408920929	0.5885863985593409
3761	0.13678970962862466	0.5886360355613125
3762	0.13681252482534528	0.5886851229050875
3763	0.13684491782098576	0.5887548100409088
3764	0.1368604105470682	0.5887881366671149
3765	0.136897723742797	0.5888683938783638
3766	0.13691967268574842	0.5889155989026708
3767	0.13694036330952314	0.5889600942281136
3768	0.13695078411953157	0.5889825029772205
3769	0.13697625216300685	0.5890372654773917
3770	0.13700473127940718	0.5890984964890653
3771	0.13705707259942293	0.5892110154080269
3772	0.1370838476023555	0.5892685657261131
3773	0.1371207497924026	0.5893478742579012
3774	0.1371279373702457	0.5893633202360644
3775	0.13715204953880397	0.5894151339049257
3776	0.13717325421091872	0.5894606960078981
3777	0.13720706839999652	0.5895333446715944
3778	0.13725747661908247	0.5896416284407828
3779	0.13727367367257853	0.5896764177123804
3780	0.13730005082090865	0.5897330681786268
3781	0.13731863382172071	0.5897729758087775
3782	0.13734871649657454	0.5898375736590117
3783	0.13741497547704432	0.589979829535054
3784	0.13744872627819166	0.5900522782230987
3785	0.1374857772883134	0.5901318008219169
3786	0.13750431388949202	0.5901715819154949
3787	0.13752692753682486	0.5902201090597586
3788	0.13757059206284328	0.5903137984792799
3789	0.1375851970858416	0.5903451326389347
3790	0.13763393283147995	0.5904496800882937
3791	0.13765547855787824	0.5904958938713417
3792	0.13768455840006288	0.5905582619688742
3793	0.13770544935498785	0.5906030631369313
3794	0.13775335684580262	0.5907057891020159
3795	0.13776875086089088	0.590738794032009
3796	0.137792473577542	0.590789652175519
3797	0.13779551980235805	0.5907961825327526
3798	0.13786046805843216	0.590935398457271
3799	0.13788199040114574	0.5909815241450742
3800	0.1378971446325114	0.591013999831922
3801	0.13790943344275178	0.5910403335791186
3802	0.13792837607092912	0.5910809235248908
3803	0.13798484367256666	0.5912019048184566
3804	0.13799570424033605	0.5912251706418769
3805	0.13803848350845013	0.5913168047270183
3806	0.1380587832858136	0.5913602823062621
3807	0.13808502844284817	0.591416488820489
3808	0.13811403222486843	0.5914785969812355
3809	0.13814916857788415	0.5915538285809941
3810	0.1381934044960934	0.5916485299556509
3811	0.13821530191163303	0.5916954028892158
3812	0.13824775740088704	0.5917648692808086
3813	0.13830259523207503	0.5918822233891546
3814	0.1383314056304232	0.5919438689231104
3815	0.13836570282271646	0.5920172461665788
3816	0.1383780925841399	0.5920437512473062
3817	0.1384076661453475	0.5921070123690986
3818	0.13844693105454617	0.5921909939146193
3819	0.13847325085133863	0.5922472812075321
3820	0.13851100646158782	0.5923280156937847
3821	0.13854013177141286	0.5923902881102943
3822	0.1385748937985976	0.5924646037451791
3823	0.13860642661094374	0.5925320077748727
3824	0.1386294670917658	0.5925812538862973
3825	0.13865175732826546	0.5926288925509127
3826	0.13870373793468393	0.5927399705607729
3827	0.13872970302955348	0.5927954479026031
3828	0.138748599862146	0.5928358198440766
3829	0.13876313718319988	0.592866876081482
3830	0.13877493755847556	0.5928920841556113
3831	0.13880538461283612	0.5929571204936046
3832	0.13885135263750872	0.5930552968407293
3833	0.13887888498397116	0.5931140913510404
3834	0.1389169987608865	0.5931954725754043
3835	0.13892659137389218	0.593215953137274
3836	0.13893685199963357	0.5932378591469017
3837	0.13895087053753802	0.5932677868353774
3838	0.1390029109242778	0.5933788728427517
3839	0.13904365941389024	0.5934658405217181
3840	0.1390588876755634	0.5934983382483907
3841	0.13909201443364633	0.5935690259456856
3842	0.1391213918821476	0.5936317061179425
3843	0.13913299609620047	0.5936564632227012
3844	0.13914725375098488	0.5936868799186713
3845	0.13918603203466456	0.5937696000366236
3846	0.13920958772535377	0.5938198423673852
3847	0.13923476070518861	0.5938735295431721
3848	0.1392639999466413	0.5939358828660802
3849	0.13927741603429014	0.5939644907761176
3850	0.13928242381977593	0.5939751688174837
3851	0.13933198883716802	0.5940808453632697
3852	0.13936799058595548	0.5941575921610168
3853	0.1393993571233831	0.594224449757899
3854	0.1394087534667392	0.5942444765463578
3855	0.13947306777439725	0.5943815339917092
3856	0.13947796042699742	0.5943919592189625
3857	0.13951261997850997	0.5944658062948458
3858	0.13956105158214577	0.5945689813124927
3859	0.1395748509020582	0.5945983750605631
3860	0.13960348000292488	0.5946593528940312
3861	0.13961512475523744	0.5946841535525781
3862	0.13966674369395435	0.5947940776317636
3863	0.13966952131686797	0.5947999920871351
3864	0.13970092635631778	0.594866859457743
3865	0.13974295132264028	0.5949563269387199
3866	0.13976107508551558	0.594994906694245
3867	0.13980058815657315	0.5950790088470189
3868	0.13982384600651762	0.5951285067886637
3869	0.13985728561083338	0.5951996665823821
3870	0.13988102721914628	0.5952501837851002
3871	0.1399275576002781	0.5953491783218706
3872	0.13996654646909734	0.5954321154313073
3873	0.1399764153502801	0.5954531066801791
3874	0.13999984016257797	0.5955029286223643
3875	0.14002488188939755	0.5955561849505719
3876	0.14008152507212412	0.5956766306402389
3877	0.14010132669522135	0.5957187309361535
3878	0.14010734869079325	0.5957315337307295
3879	0.14014057775364924	0.5958021739476064
3880	0.14018419015788783	0.5958948749496051
3881	0.14020900600480832	0.5959476162095155
3882	0.14023080209581598	0.5959939357152175
3883	0.1402670032086841	0.5960708597972818
3884	0.14029320442734275	0.5961265288189059
3885	0.14030327978554255	0.5961479342765076
3886	0.1403596783525098	0.5962677408523942
3887	0.14037239268742277	0.5962947463862098
3888	0.14044380999505235	0.5964464156329521
3889	0.1404731764787209	0.5965087701731968
3890	0.14049342213018573	0.5965517544419832
3891	0.1405490590827515	0.5966698633038727
3892	0.14059780388729426	0.5967733219635594
3893	0.1406476953846083	0.5968791958566696
3894	0.14064998149359093	0.5968840467194678
3895	0.14068577686312211	0.596959995274796
3896	0.1407261796737937	0.5970457080270429
3897	0.14074767515353784	0.5970913047095877
3898	0.14078683886952892	0.5971743706919556
3899	0.14081650660686215	0.5972372880756224
3900	0.14082659628405186	0.597258684088242
3901	0.14086973240222492	0.5973501492279315
3902	0.1409115595234777	0.5974388254193987
3903	0.14094457910572103	0.5975088197654043
3904	0.14095758493681007	0.597536387053092
3905	0.14096079483826998	0.5975431905961675
3906	0.14100218843842413	0.597630919415951
3907	0.14103431041043432	0.5976989892476045
3908	0.14105694635948934	0.5977469525446415
3909	0.14111053744971835	0.5978604913303939
3910	0.14113066207896777	0.5979031220651347
3911	0.14117334081403668	0.5979935199265217
3912	0.14119011332049747	0.5980290420450393
3913	0.14120662821271932	0.5980640165066052
3914	0.14125385823936704	0.5981640267477971
3915	0.1412657618649187	0.5981892302030463
3916	0.14129707715932063	0.5982555287653539
3917	0.14133248710046317	0.5983304873789033
3918	0.14136466894035	0.598398604343152
3919	0.14139000371618013	0.5984522231696653
3920	0.14142603621653535	0.5985284745159466
3921	0.1414694014940427	0.598620230478034
3922	0.14149236773784568	0.5986688187242952
3923	0.14154579308943413	0.5987818321469649
3924	0.14156044090763473	0.5988128137124618
3925	0.14157810346096655	0.598850169605465
3926	0.14165105909515072	0.5990044444048649
3927	0.14166656747231496	0.5990372338970765
3928	0.14175792859659597	0.5992303630711789
3929	0.14175883498367184	0.5992322787798583
3930	0.14179045462332263	0.5992991051341755
3931	0.14180654078384392	0.5993330994824536
3932	0.14186247666849647	0.5994512919214708
3933	0.14187358838318437	0.5994747681833174
3934	0.14192007672651857	0.599572976407199
3935	0.14193843605587317	0.59961175669122
3936	0.1419523603583675	0.5996411672263638
3937	0.1420074514963205	0.5997575150969634
3938	0.1420240273693751	0.5997925175360591
3939	0.14204231370192752	0.5998311294970669
3940	0.1420967187002498	0.599945992056307
3941	0.14214779795197138	0.6000538131205992
3942	0.1421561672934128	0.6000714777675299
3943	0.1421892896182507	0.6001413818918632
3944	0.1422028310587991	0.6001699585356649
3945	0.14222275612651322	0.6002120041409058
3946	0.1422407059502723	0.6002498790916951
3947	0.1422724335589567	0.6003168199553244
3948	0.14230931308272324	0.6003946212669717
3949	0.14232176126215967	0.6004208797611794
3950	0.1423344480250019	0.600447640347511
3951	0.1423939840044934	0.6005732055267956
3952	0.1424398246514128	0.6006698684900807
3953	0.14246216925052854	0.6007169803182452
3954	0.14249301955162447	0.6007820196779087
3955	0.14252144798191524	0.6008419469573058
3956	0.14253314697242647	0.6008666067544497
3957	0.14254613519932857	0.6008939828919043
3958	0.1425765582422637	0.6009581026525289
3959	0.14258027912768548	0.6009659443401175
3960	0.1426384228791788	0.6010884677813473
3961	0.14266872054490165	0.6011523026518074
3962	0.14269987460058642	0.6012179348027873
3963	0.1427064350705839	0.6012317548110455
3964	0.14271237806024098	0.6012442737871481
3965	0.1427594462486123	0.6013434142616167
3966	0.14277467347770909	0.6013754841176382
3967	0.1427939866963423	0.6014161569595857
3968	0.1428297804436579	0.601491529843267
3969	0.14286195819806594	0.6015592802686293
3970	0.14286702965362708	0.601569957548016
3971	0.14289729241157142	0.6016336678459147
3972	0.1429217445451377	0.6016851404710255
3973	0.14298115505507986	0.6018101833995442
3974	0.14301263604083198	0.6018764317631039
3975	0.1430470661915941	0.6019488779810305
3976	0.14309332665171598	0.602046203224509
3977	0.14310731303310595	0.6020756254283939
3978	0.14315601838426922	0.6021780723596416
3979	0.14317530978648804	0.6022186451144335
3980	0.14318879510984983	0.6022470051786029
3981	0.14323889967034056	0.6023523649667277
3982	0.14326443293913438	0.6024060491947633
3983	0.14327276422024074	0.6024235648511972
3984	0.14332125330559678	0.6025254980298488
3985	0.1433261447910532	0.6025357798948764
3986	0.14336279692626486	0.6026128168207391
3987	0.1433819017493783	0.6026529681988803
3988	0.14341212142266654	0.6027164734812035
3989	0.14343411448147045	0.6027626866971658
3990	0.14348603951088404	0.6028717808211398
3991	0.1435250395627083	0.6029537066772291
3992	0.14354358667094846	0.6029926639436233
3993	0.14355968422032586	0.6030264739949299
3994	0.1435738451645036	0.6030562149828238
3995	0.1435974151342948	0.6031057136691477
3996	0.1436095349486467	0.603131164597531
3997	0.1436592974455477	0.603235651786259
3998	0.14368267251550698	0.6032847265843162
3999	0.14372211861929496	0.6033675326681861
4000	0.14378416770468092	0.6034977644097198
4001	0.14380190604130505	0.6035349893577922
4002	0.1438364503229662	0.6036074759864974
4003	0.14385366192573024	0.603643589020803
4004	0.14386582300051334	0.6036691038376996
4005	0.14390483054927666	0.6037509372278751
4006	0.14392642972069528	0.6037962450561465
4007	0.14397019537975494	0.603888040329837
4008	0.1440283509890982	0.6040099958881593
4009	0.14404847977016982	0.6040522013294201
4010	0.14407024263484103	0.6040978297520491
4011	0.1441263040259346	0.6042153532257688
4012	0.14412840385396133	0.604219754725274
4013	0.14417445061344905	0.6043162663743756
4014	0.14423679760458907	0.6044469179160327
4015	0.14424896247074045	0.6044724067681952
4016	0.14425952023569305	0.6044945274154134
4017	0.14429684442568813	0.6045727226338752
4018	0.14431032190573226	0.6046009558450209
4019	0.14431236305915776	0.6046052316270025
4020	0.1443782044050348	0.6047431390170712
4021	0.14439941002016773	0.6047875483497223
4022	0.14445888817108152	0.6049120915928246
4023	0.1444632177034724	0.6049211563409492
4024	0.14451128203276356	0.6050217795726713
4025	0.14453693096756662	0.605075469068231
4026	0.14457130755193673	0.6051474201990941
4027	0.14458812383200964	0.6051826140171823
4028	0.14461270776639643	0.6052340606261001
4029	0.1446612153705509	0.6053355592881644
4030	0.14469548710543778	0.6054072601624052
4031	0.14469739544327484	0.6054112524008477
4032	0.14472206572363	0.6054628602017995
4033	0.14475796876491162	0.6055379579760054
4034	0.1447704864049672	0.6055641387189572
4035	0.14477788023925714	0.6055796024499891
4036	0.1448078798709212	0.6056423407079783
4037	0.14482453035330628	0.6056771590730827
4038	0.14485647334626534	0.6057439505015799
4039	0.14488659205447782	0.6058069206838377
4040	0.14491627822310926	0.6058689801368347
4041	0.1449447068142943	0.605928404644292
4042	0.14495074332522911	0.6059410220604038
4043	0.1449578599800864	0.6059558968381741
4044	0.14499941753082948	0.6060427504877494
4045	0.14500673727891636	0.6060580471846454
4046	0.14505366490301141	0.6061561066406721
4047	0.14506570746848826	0.6061812680976653
4048	0.14508810951507917	0.6062280716359382
4049	0.14516360682388454	0.6063857779967663
4050	0.14519003505038192	0.6064409742394752
4051	0.145196353672172	0.6064541701501427
4052	0.1452243398910291	0.6065126135646559
4053	0.14525276547178745	0.6065719687310471
4054	0.1453201008889391	0.606712547961956
4055	0.14533505530755442	0.6067437645657114
4056	0.1453695630500991	0.6068157916306958
4057	0.14539490016232023	0.6068686716476789
4058	0.14540014420235228	0.6068796156866704
4059	0.14541032703335416	0.6069008661620595
4060	0.1454472480414713	0.6069779101041346
4061	0.14545623341860583	0.6069966586238835
4062	0.14549867130477623	0.6070851999530611
4063	0.14554105254074123	0.6071736102029552
4064	0.14555930253452065	0.6072116770132028
4065	0.14559162016186572	0.6072790809896157
4066	0.14561697824284967	0.6073319643960123
4067	0.14564817752954143	0.6073970231187807
4068	0.14565770682578832	0.6074168928198659
4069	0.1456747332114426	0.6074523932141894
4070	0.14570482013330913	0.6075151200464598
4071	0.14573412888780907	0.607576218286657
4072	0.1457522145612514	0.607613917363267
4073	0.14576064438123615	0.6076314882862893
4074	0.1457946122213493	0.607702284923458
4075	0.14581566267784216	0.6077461546817156
4076	0.14583343439919177	0.6077831889962818
4077	0.1458560408408782	0.6078302950760599
4078	0.14590787799919036	0.6079382967606306
4079	0.14595229432725107	0.6080308220325342
4080	0.14598227441602374	0.6080932666898963
4081	0.146002891150957	0.6081362049683149
4082	0.14603747383289248	0.608208223185099
4083	0.1460621783241634	0.6082596649108161
4084	0.1460979236680699	0.6083340891083675
4085	0.14614185630631757	0.6084255473301892
4086	0.14615189066593187	0.6084464347614171
4087	0.14616770036622	0.6084793426342006
4088	0.14619774736257202	0.6085418805172387
4089	0.14625548068382532	0.6086620248993957
4090	0.14629253719694843	0.6087391278691943
4091	0.14634467172609078	0.6088475869246969
4092	0.14638286213684484	0.6089270248105223
4093	0.14640590138866272	0.6089749425479057
4094	0.1464717858085109	0.6091119501670839
4095	0.1464830434166549	0.609135357446037
4096	0.14650620018960195	0.609183503126964
4097	0.14654123897357418	0.6092563456860395
4098	0.14658710810102313	0.6093516904185063
4099	0.14659563372833306	0.6093694103597234
4100	0.1466329579529278	0.6094469801775635
4101	0.14664755129151322	0.6094773063913319
4102	0.14670427208737313	0.6095951627600277
4103	0.14670675564404573	0.6096003226565497
4104	0.14676881217757035	0.6097292386123206
4105	0.14678169159993532	0.6097559908494035
4106	0.14682274826225994	0.609841263049125
4107	0.14685520270035007	0.6099086605135428
4108	0.14686387474636184	0.6099266683123427
4109	0.1469183210204389	0.6100397157087415
4110	0.14692980781710085	0.6100635631947406
4111	0.14694480281666078	0.6100946925809793
4112	0.14702671315451726	0.6102647091428075
4113	0.14704437185826438	0.6103013560891882
4114	0.14706009774574394	0.6103339900273024
4115	0.14708341313009915	0.6103823702738852
4116	0.147106191150889	0.6104296317691931
4117	0.14711876716994712	0.6104557238410462
4118	0.14714240116003813	0.6105047554004568
4119	0.14714625094721695	0.6105127418747444
4120	0.1471759191427263	0.6105742857413687
4121	0.14723666849082118	0.6107002851685904
4122	0.1472444125752148	0.6107163452044896
4123	0.14728553562096275	0.6108016209799374
4124	0.14730018131177283	0.61083198848778
4125	0.14732599617917816	0.6108855113546113
4126	0.14737825273669994	0.6109938423499538
4127	0.14739580711667183	0.6110302293287109
4128	0.14742595323619115	0.6110927115964658
4129	0.14746528465757505	0.6111742221499363
4130	0.1475004182611917	0.6112470239422126
4131	0.14750964372077685	0.6112661389610423
4132	0.1475153363036374	0.6112779336121832
4133	0.1475451484046447	0.6113396985761924
4134	0.14758631513193637	0.6114249778948049
4135	0.14762775329312078	0.6115108074941751
4136	0.14765250986957337	0.6115620792878901
4137	0.14769192927961564	0.6116437094870355
4138	0.14772050059201067	0.6117028685030325
4139	0.14775123016607128	0.6117664899741414
4140	0.14775863731669145	0.6117818244987293
4141	0.14778713076205766	0.611840808975082
4142	0.14779991475443255	0.6118672713573357
4143	0.1478339941439139	0.6119378088174505
4144	0.14785347326005072	0.6119781230059633
4145	0.1478685251360048	0.612009272711703
4146	0.14790261561232546	0.6120798167481355
4147	0.1479465634162967	0.6121707467352476
4148	0.14800039874019835	0.6122821160436789
4149	0.14800446980650062	0.6122905370478458
4150	0.14802732630177026	0.6123378135777876
4151	0.14803475844765798	0.6123531854924007
4152	0.1480597365782505	0.6124048449568574
4153	0.14810340421917137	0.6124951473712221
4154	0.14813275937377415	0.6125558448244369
4155	0.14814146339024734	0.6125738409039966
4156	0.14819493722627444	0.6126843896892802
4157	0.14823504650524702	0.6127672962548463
4158	0.14826172169738921	0.6128224281229768
4159	0.14828388944640888	0.6128682403052018
4160	0.14830317884722552	0.6129081012663103
4161	0.14833354999550186	0.6129708570684244
4162	0.14834337362873457	0.6129911542337927
4163	0.14837773992024844	0.6130621550889005
4164	0.1484041295606969	0.6131166705794449
4165	0.1484340112864271	0.6131783941382444
4166	0.14847278839863573	0.6132584827058412
4167	0.1485348251254105	0.6133865889268999
4168	0.14855501754452854	0.613428280624994
4169	0.14859572927698309	0.6135123303517074
4170	0.14864941510102922	0.6136231476032816
4171	0.14868260953996504	0.6136916569179272
4172	0.14869836953001253	0.6137241809573987
4173	0.14872205894923268	0.6137730657920157
4174	0.1487535727848779	0.6138380908431594
4175	0.14882812619773217	0.6139918955254331
4176	0.1488359451351413	0.6140080238651194
4177	0.1488775339561211	0.6140938031644552
4178	0.14892878817897906	0.614199501422946
4179	0.1489613999239144	0.6142667450409156
4180	0.14902796927124554	0.6144039845165937
4181	0.1490586017033486	0.6144671260912634
4182	0.14906885891515387	0.6144882674778178
4183	0.14911380566467475	0.6145808997312622
4184	0.1491384621271211	0.6146317091262838
4185	0.14917563969372716	0.6147083127304087
4186	0.14917971510950268	0.6147167094594264
4187	0.14926126100189613	0.614884697359723
4188	0.14928266773397064	0.6149287885056036
4189	0.1493200345304455	0.6150057447977181
4190	0.14932950081758806	0.615025238928984
4191	0.14937077812203692	0.615110234960611
4192	0.14938602958619193	0.6151416369937277
4193	0.14941520695128396	0.6152017073224975
4194	0.1494290799745832	0.6152302670310218
4195	0.14947621865450514	0.6153272992011888
4196	0.14949544109513985	0.6153668630607162
4197	0.14951867889069959	0.6154146879763192
4198	0.1495666862687898	0.6155134785578006
4199	0.14960620682447404	0.6155947928819426
4200	0.1496522932502539	0.6156896030498231
4201	0.1496789192551689	0.6157443720912221
4202	0.14969626889846793	0.6157800572622496
4203	0.14972144925400094	0.6158318451554774
4204	0.14976359297830824	0.6159185115000072
4205	0.14978460734393062	0.6159617218775545
4206	0.14980856004234544	0.6160109704479728
4207	0.14984692715136247	0.6160898479400145
4208	0.14991460504125892	0.6162289597483858
4209	0.14993185967367317	0.6162644215976457
4210	0.14994713568602108	0.6162958152692624
4211	0.14996891411664437	0.6163405692696527
4212	0.1499912121323846	0.616386387634697
4213	0.15001072256349038	0.616426475226927
4214	0.15006081699674867	0.6165293910613894
4215	0.15006846304710822	0.6165450978755324
4216	0.15010155576093023	0.6166130736026754
4217	0.15015146764738047	0.6167155834119209
4218	0.1501666809167549	0.6167468252732409
4219	0.15017906926364655	0.616772264724909
4220	0.15018765158647066	0.6167898878966599
4221	0.15021725132118058	0.6168506649226438
4222	0.1502380236883542	0.61689331317194
4223	0.1502626216104311	0.6169438119478743
4224	0.1503074852218738	0.6170359049165286
4225	0.15032457143889352	0.617070974726153
4226	0.15033863832658448	0.617099845804771
4227	0.15039288948662263	0.6172111790028155
4228	0.15042654365937913	0.6172802333636885
4229	0.1504531465225411	0.6173348138094508
4230	0.1504978597743769	0.6174265400282052
4231	0.15052305783569314	0.6174782261474281
4232	0.15053007364073145	0.6174926161566205
4233	0.15054627953458843	0.6175258545329508
4234	0.15057818111701854	0.6175912796251061
4235	0.1506024905680175	0.6176411298057474
4236	0.15062683535177157	0.6176910484096223
4237	0.1506954416532025	0.617831702874736
4238	0.15070528850113551	0.6178518879426506
4239	0.15073775117077398	0.617918428546297
4240	0.15077147641311803	0.6179875495299058
4241	0.1508071657651252	0.6180606876017345
4242	0.1508257921615615	0.6180988551777886
4243	0.15084371758960194	0.6181355841656161
4244	0.1509075548047729	0.6182663681350152
4245	0.15093253084263217	0.6183175292758964
4246	0.1509535016695928	0.6183604828375658
4247	0.151002380247635	0.6184605869574067
4248	0.1510323805719038	0.6185220200840391
4249	0.15108914558463923	0.6186382438759229
4250	0.15111381436571733	0.6186887452817885
4251	0.15113373390484416	0.61872952113215
4252	0.15115899236339156	0.618781222035193
4253	0.15122707188017798	0.6189205507769081
4254	0.15124813285356467	0.6189636469477143
4255	0.15126598361381424	0.6190001718471211
4256	0.15127132357510029	0.6190110976603915
4257	0.15129371324161847	0.619056905877454
4258	0.1513532535852754	0.6191787061640314
4259	0.1514005702904014	0.6192754837560105
4260	0.15142506539460932	0.6193255780323116
4261	0.15143984970594468	0.6193558110675687
4262	0.1514898440550155	0.6194580355995002
4263	0.15149774009384226	0.619474179259151
4264	0.15151280376826953	0.619504976172013
4265	0.15155428404266422	0.6195897725627899
4266	0.15157023351022986	0.6196223743036795
4267	0.1516457956390113	0.6197768048628166
4268	0.15167698690850265	0.6198405409898529
4269	0.15170375846577402	0.6198952406668276
4270	0.15173832934064818	0.6199658687786445
4271	0.15174733435576124	0.6199842646553351
4272	0.15181335550945632	0.6201191191668096
4273	0.15183404271590492	0.6201613687277922
4274	0.15185217637878068	0.6201984008097755
4275	0.15186913728173831	0.6202330359115843
4276	0.15189979949859841	0.6202956449458287
4277	0.1519278756977922	0.6203529680610453
4278	0.1519481839432507	0.620394428060774
4279	0.15196231371925656	0.6204232728626524
4280	0.1519882629527862	0.6204762426443287
4281	0.15201018336602953	0.6205209849323685
4282	0.15205509534041708	0.6206126457796299
4283	0.15207025315944045	0.6206435783166759
4284	0.15211476460478449	0.6207344038427095
4285	0.15215800656382367	0.6208226262595649
4286	0.15219032482304543	0.6208885539151064
4287	0.1522063638838164	0.620921270209317
4288	0.1522280203372553	0.6209654420624136
4289	0.15225621663552508	0.6210229482826453
4290	0.15229037017023633	0.621092597128449
4291	0.15232611771676932	0.6211654882565264
4292	0.1523567847878011	0.6212280132120495
4293	0.152362325810957	0.6212393097470683
4294	0.15238239543071835	0.6212802241466955
4295	0.15241296738924948	0.6213425436837645
4296	0.15242496872260242	0.621367006143661
4297	0.15247519178517915	0.6214693659607374
4298	0.15250072049972224	0.6215213896697543
4299	0.15250360963740675	0.6215272770267389
4300	0.15254650783156112	0.6216146865088583
4301	0.15257898275570564	0.6216808493329676
4302	0.15260488406136824	0.621733614340638
4303	0.15267550761647974	0.6218774628140645
4304	0.1526806132793418	0.6218878609131828
4305	0.15272371144837715	0.6219756269249616
4306	0.15277643525593199	0.6220829779486292
4307	0.1527812797724085	0.6220928409466133
4308	0.15280770851656306	0.6221466447293994
4309	0.15283863332199907	0.6222095957114
4310	0.15283997605100658	0.6222123288457515
4311	0.1528907474452676	0.6223156655683196
4312	0.15292970397924743	0.622394943476496
4313	0.15297144798113424	0.6224798827730706
4314	0.15300330765111428	0.6225447019644649
4315	0.1530144337819409	0.622567336729652
4316	0.15303079780733292	0.6226006258615656
4317	0.15307094205692104	0.6226822832676113
4318	0.15308551472825427	0.6227119228849616
4319	0.1531549557040317	0.6228531407560078
4320	0.15315752649892667	0.6228583682099544
4321	0.1531929699646309	0.6229304344761433
4322	0.15320635601920898	0.6229576498197948
4323	0.1532398821430626	0.6230258069557201
4324	0.15325963635896364	0.6230659629174659
4325	0.15328260809667207	0.6231126561366432
4326	0.15334409873263774	0.6232376271039726
4327	0.1533872517580867	0.6233253145257572
4328	0.1533888087187119	0.6233284780562904
4329	0.15343112182144752	0.6234144463335182
4330	0.15344361562326195	0.623439827944156
4331	0.15348423288039473	0.6235223362328726
4332	0.15350282705163595	0.6235601040535634
4333	0.15355478878707793	0.6236656347601762
4334	0.15359415978937616	0.62374558266548
4335	0.15360716602610505	0.6237719912573929
4336	0.15366039539641943	0.6238800595045327
4337	0.15370018750746658	0.6239608347021368
4338	0.15371210069502825	0.6239850156043936
4339	0.15371788687562937	0.6239967598197143
4340	0.1537959159420696	0.6241551138938352
4341	0.15381441195521794	0.6241926442601385
4342	0.15387979423260012	0.6243252937306488
4343	0.15390659762306436	0.6243796650861325
4344	0.1539246023203037	0.6244161854115987
4345	0.15394296814051792	0.6244534360303056
4346	0.15396123708943274	0.6244904879646043
4347	0.1539922106921806	0.6245533016569512
4348	0.15403596528173186	0.6246420241071801
4349	0.15404499365722904	0.6246603296376492
4350	0.15410171662613142	0.6247753263228218
4351	0.15413413562206843	0.6248410411119277
4352	0.15414491626370935	0.6248628924349198
4353	0.15415440204819716	0.6248821185751314
4354	0.1541966783073248	0.6249677984747303
4355	0.15420944967178354	0.6249936794676043
4356	0.15424268383612968	0.6250610230179182
4357	0.15430538041154923	0.6251880475321462
4358	0.15434811903274762	0.6252746220416042
4359	0.15435981583273622	0.6252983138548937
4360	0.15438186366888546	0.6253429692026425
4361	0.15444401071523903	0.6254688237143735
4362	0.154482898988836	0.6255475638082546
4363	0.15449558304451808	0.6255732440528694
4364	0.15458786843542488	0.6257600540949391
4365	0.15461694249621852	0.6258188961330977
4366	0.15462538674097054	0.6258359851263646
4367	0.15466416877819172	0.6259144640659808
4368	0.154692202416626	0.6259711865275651
4369	0.15475129880134025	0.6260907436258623
4370	0.1547927878192823	0.626174665859433
4371	0.15481296871543934	0.6262154828582014
4372	0.15482580752733704	0.6262414486935469
4373	0.15483191544470215	0.6262538012636916
4374	0.15488645494643064	0.6263640904210831
4375	0.15490910702300917	0.6264098914842605
4376	0.1549392959502568	0.6264709263767873
4377	0.1549839765849322	0.6265612491729833
4378	0.15502552463697541	0.6266452277090457
4379	0.1550724357818736	0.6267400328116439
4380	0.15507318490633454	0.6267415466387783
4381	0.15508913610421515	0.6267737798755038
4382	0.15511736081974453	0.6268308106491626
4383	0.15512739305668435	0.6268510805064693
4384	0.15519516132797695	0.6269879872602875
4385	0.1552129614955833	0.6270239425412675
4386	0.155236353615875	0.6270711900995865
4387	0.15524125778438916	0.6270810951199868
4388	0.15528241327425613	0.6271642112960412
4389	0.15531547326184572	0.6272309701038835
4390	0.15532826927779317	0.6272568074915669
4391	0.15536528475580738	0.6273315422053016
4392	0.1553709319692492	0.6273429432172185
4393	0.15537962669975333	0.6273604963767666
4394	0.15543639653868854	0.6274750928093125
4395	0.15544391373432165	0.6274902655619785
4396	0.1554698457339499	0.6275426040497002
4397	0.15552319785174107	0.627650270764409
4398	0.15554925070865397	0.6277028397642875
4399	0.15557603393207542	0.6277568778959294
4400	0.1556104943492342	0.6278263987776067
4401	0.1556175390965195	0.6278406099922175
4402	0.15564401642883532	0.6278940192593582
4403	0.1556932421213434	0.6279933037521002
4404	0.15574821328183494	0.6281041578700984
4405	0.15575901591023714	0.6281259400081476
4406	0.15578393290154063	0.628176179099011
4407	0.1558181962024639	0.6282452562038082
4408	0.15586448771521008	0.628338570926718
4409	0.15589917658698815	0.6284084878906036
4410	0.15595842900820972	0.6285278957924642
4411	0.1559854299813831	0.6285823017341181
4412	0.15604735334662434	0.6287070571975076
4413	0.1560881695266352	0.628789275005345
4414	0.1560934179327912	0.6287998463182469
4415	0.15615781615943058	0.6289295424318979
4416	0.1561870656862015	0.6289884412773078
4417	0.15619894812760238	0.6290123669977803
4418	0.156203574862515	0.6290216828477361
4419	0.15623117756278432	0.6290772575361451
4420	0.15628941436348986	0.6291944941659329
4421	0.1563096234661385	0.6292351720491787
4422	0.15633091219459014	0.629278020212769
4423	0.15640377358807409	0.629424647427082
4424	0.15642319011494155	0.6294637157341433
4425	0.15643587177200327	0.6294892313919647
4426	0.15645823231001804	0.629534218563955
4427	0.15650738207522602	0.629633091691215
4428	0.15653216585005988	0.629682942589119
4429	0.15654750302859852	0.6297137903165112
4430	0.15655241270938675	0.62972366485746
4431	0.15660459777678915	0.6298286119266875
4432	0.15661680460706495	0.6298531580168588
4433	0.156669630703642	0.6299593722849642
4434	0.15667990451014743	0.6299800271322625
4435	0.15670474095088566	0.630029956450417
4436	0.15673800283317432	0.6300968174471564
4437	0.1567489079232867	0.630118736646509
4438	0.15678528952550175	0.6301918580464247
4439	0.15679576882110707	0.6302129182378572
4440	0.15681705323285677	0.6302556912544979
4441	0.15685633625130085	0.6303346265332916
4442	0.15688375081137404	0.6303897074816336
4443	0.15694159784323083	0.6305059171350245
4444	0.15694984205182522	0.6305224772889623
4445	0.15695885083602892	0.630540572749752
4446	0.15698535363882576	0.6305938044948894
4447	0.15702434418100072	0.630672110105143
4448	0.15708459222729895	0.6307930885390257
4449	0.15710669545090625	0.6308374661258458
4450	0.1571406411965547	0.6309056143721701
4451	0.15716363342016212	0.6309517685442425
4452	0.1571715747466744	0.630967709034434
4453	0.15720608314200565	0.6310369724752317
4454	0.15724606273900715	0.6311172079201968
4455	0.15728779547165628	0.6312009508704318
4456	0.15731056543153352	0.6312466375054313
4457	0.15736144675567584	0.631348716052898
4458	0.15740003088051757	0.6314261128522052
4459	0.15743002545863938	0.6314862731252563
4460	0.15745602088527183	0.6315384076448088
4461	0.15750832608176407	0.6316432940679949
4462	0.15754608460708305	0.6317189995583862
4463	0.15759875078370184	0.631824579600159
4464	0.1576199871050794	0.6318671471261905
4465	0.1576302351096607	0.6318876878973458
4466	0.15769678788694858	0.6320210679008644
4467	0.15778381428973054	0.6321954371269025
4468	0.15778931608899455	0.6322064591131762
4469	0.1578281889768717	0.6322843293327273
4470	0.15789559674338358	0.6324193379293817
4471	0.15791924678539354	0.6324666989204247
4472	0.1579412349948596	0.6325107287853309
4473	0.15797436594773795	0.6325770654336119
4474	0.15800839681958367	0.6326451967082535
4475	0.15802389765304986	0.6326762276140097
4476	0.15803963752168715	0.6327077354837111
4477	0.15807585419609968	0.6327802276058679
4478	0.1580903785956268	0.6328092976424582
4479	0.1581106164789933	0.6328498007743912
4480	0.15813363575149833	0.6328958672946338
4481	0.15816696090212895	0.6329625521555993
4482	0.1582473710572224	0.6331234269348067
4483	0.1582646162556136	0.6331579236900674
4484	0.1583063006871943	0.6332413001615056
4485	0.1583427652036615	0.6333142268491219
4486	0.1583581008412158	0.633344894629488
4487	0.15840170407454873	0.6334320830472463
4488	0.15844232922778398	0.6335133057394258
4489	0.15845638014831057	0.633541395605988
4490	0.15847453705488435	0.6335776921010021
4491	0.15852093255741606	0.6336704294101768
4492	0.1585502718477562	0.6337290670306324
4493	0.15859099250666245	0.6338104425090583
4494	0.15860939761151777	0.6338472195322541
4495	0.15865221326482887	0.6339327653825794
4496	0.15871973110749338	0.6340676428576506
4497	0.15872432773815964	0.6340768243048771
4498	0.1587626490588941	0.6341533632805083
4499	0.1587889464302774	0.6342058815399652
4500	0.15885068675535455	0.6343291655365694
4501	0.15886840947586311	0.6343645501017677
4502	0.15890634612898757	0.634440286465796
4503	0.15893137398576518	0.6344902468853574
4504	0.1589667914218557	0.6345609401833124
4505	0.1589875184305679	0.634602307695733
4506	0.15905223218879141	0.6347314477771958
4507	0.15907295049947293	0.6347727868232745
4508	0.159111604611703	0.634849905805707
4509	0.15912728887959357	0.6348811948831132
4510	0.15914721003988028	0.6349209340577151
4511	0.15918511110725034	0.6349965330849734
4512	0.15922478169895635	0.6350756520389177
4513	0.15925412981539952	0.6351341775247767
4514	0.15928293701315147	0.6351916190760399
4515	0.15930853069900885	0.6352426485273831
4516	0.15932509201144612	0.6352756667798392
4517	0.15935376595024528	0.6353328298915969
4518	0.15936802158579666	0.635361247389836
4519	0.15940655389543903	0.6354380521855282
4520	0.15945654101841905	0.63553767553707
4521	0.15947064743441688	0.6355657865211285
4522	0.15948813637528145	0.6356006364069833
4523	0.15950154667713834	0.6356273575707723
4524	0.15955754142582354	0.6357389197208355
4525	0.15957664910951264	0.6357769847800664
4526	0.15963133738422253	0.6358859185374407
4527	0.15965954103015878	0.6359420901811434
4528	0.15968106168676025	0.6359849483470273
4529	0.15971000155942575	0.6360425772523562
4530	0.15975701141458834	0.6361361783706841
4531	0.15976848024174212	0.636159011812789
4532	0.1598120656357608	0.6362457790849771
4533	0.15983738743288692	0.6362961828149616
4534	0.15985644201717547	0.636334108853797
4535	0.15991036112251783	0.6364414166128401
4536	0.159946365232975	0.6365130605552238
4537	0.15999824152112424	0.636616274085402
4538	0.1600289701342445	0.6366774041198041
4539	0.1600672884193479	0.6367536244630347
4540	0.1601102208244821	0.6368390120897661
4541	0.1601505651257876	0.6369192418419638
4542	0.1601804236193561	0.6369786127306957
4543	0.16020882569879255	0.637035082537851
4544	0.16023104322312112	0.6370792525507248
4545	0.16025132515771603	0.637119571800381
4546	0.1602831574300229	0.6371828472729258
4547	0.1603249652750336	0.6372659424191911
4548	0.16038491497479454	0.6373850764890419
4549	0.16039048512106302	0.6373961445414235
4550	0.16043032334329044	0.6374752987152235
4551	0.16048116241203916	0.6375762960914013
4552	0.16054083798317104	0.6376948277391176
4553	0.16059001263469486	0.6377924851961692
4554	0.16060057581205037	0.6378134609848964
4555	0.1606191907857012	0.6378504239182119
4556	0.16062572099063469	0.6378633901510421
4557	0.16066468493574979	0.637940750635179
4558	0.16070083679639388	0.6380125195117965
4559	0.16071770557923004	0.6380460047519257
4560	0.1607867905623148	0.6381831230034263
4561	0.1608165027181999	0.6382420859333107
4562	0.16084419778381698	0.6382970411001935
4563	0.1608811674715764	0.6383703924763126
4564	0.16092190286134356	0.6384512056046887
4565	0.16097532822829053	0.6385571783117915
4566	0.16100613765992816	0.6386182828384777
4567	0.1610407873702053	0.6386869968279062
4568	0.16107162346880877	0.6387481418112402
4569	0.16109729124581337	0.6387990340522002
4570	0.1611012227973001	0.6388068288945274
4571	0.16117876607524395	0.638960549689861
4572	0.16123893093636965	0.6390797942617145
4573	0.16124663593726202	0.6390950636868209
4574	0.16127839784057188	0.6391580041506495
4575	0.16131207758027769	0.6392247382941034
4576	0.1613908535828803	0.6393808004568886
4577	0.16139580650526875	0.6393906113573049
4578	0.16140780716686096	0.6394143820112307
4579	0.16143649938744656	0.6394712113665523
4580	0.1614796428066643	0.6395566540379213
4581	0.16152464116221243	0.6396457581273975
4582	0.16154942881006856	0.6396948364149169
4583	0.16155539517870565	0.6397066489604601
4584	0.16157167846391263	0.6397388863962425
4585	0.16163320922038021	0.6398606895211262
4586	0.1616586580385389	0.6399110599168659
4587	0.16168043587801337	0.6399541612613859
4588	0.1616840815745109	0.6399613763133485
4589	0.16170703942138331	0.6400068094000018
4590	0.1617476075991962	0.6400870850698842
4591	0.16180993646388084	0.6402104008308042
4592	0.16181857866667476	0.6402274972908891
4593	0.16184428351892524	0.6402783452833324
4594	0.16188063806128572	0.6403502530415386
4595	0.16192384603551227	0.6404357060999065
4596	0.16197045836619592	0.6405278792220184
4597	0.16199469072106373	0.6405757920282493
4598	0.16201824408038173	0.6406223588735886
4599	0.16205925739172755	0.6407034373406023
4600	0.16210687025416673	0.6407975494722012
4601	0.16214437699683176	0.6408716759996854
4602	0.1621730178492872	0.6409282746341073
4603	0.16222523109649023	0.641031443008617
4604	0.162255822843284	0.6410918816562938
4605	0.16227945881687414	0.6411385742147678
4606	0.16234749075017946	0.6412729514383124
4607	0.16237787464566514	0.6413329568584385
4608	0.1623915033231447	0.6413598704285625
4609	0.1624227018645478	0.6414214762733951
4610	0.16246654560449947	0.6415080418166713
4611	0.16251059000803117	0.6415949917923028
4612	0.16254903948214006	0.6416708869418007
4613	0.1625788431941868	0.6417297101063976
4614	0.162584883784729	0.6417416316772951
4615	0.16265712030065613	0.6418841788518383
4616	0.16270717025642611	0.641982925847206
4617	0.16272731641026086	0.6420226692907083
4618	0.16275160011552267	0.6420705718433108
4619	0.16277794670212165	0.6421225396376441
4620	0.16280553166246922	0.642176945577736
4621	0.16281633624951386	0.64219825425663
4622	0.16283208419184814	0.6422293108962001
4623	0.16288006114966183	0.642323917371976
4624	0.16291582462618193	0.6423944308385752
4625	0.1629628727359026	0.6424871819939942
4626	0.16299504348119292	0.6425505960439216
4627	0.16299927292279198	0.6425589325323605
4628	0.16303377700486418	0.6426269381515671
4629	0.16311954942364404	0.6427959596271582
4630	0.16314410608188576	0.6428443423216886
4631	0.16318745571270146	0.6429297429367069
4632	0.16320759010724845	0.6429694046919054
4633	0.16321859874998373	0.6429910890422034
4634	0.16326413411769986	0.6430807748810279
4635	0.16328004082161615	0.643112101560306
4636	0.16328794116144088	0.6431276599306516
4637	0.163312806989554	0.6431766264769843
4638	0.16336722084031896	0.6432837668871436
4639	0.16338004845585605	0.6433090217541351
4640	0.16344737154298947	0.6434415504474292
4641	0.16346314245255295	0.6434725922856448
4642	0.16348255952227134	0.6435108087942214
4643	0.16349548001118291	0.6435362375311496
4644	0.16353835505764117	0.6436206124551811
4645	0.16355508661383222	0.6436535359214097
4646	0.1635738549472451	0.6436904652455709
4647	0.16360794137045007	0.6437575296388548
4648	0.16362687700595982	0.6437947821253364
4649	0.1636721741313691	0.6438838873981089
4650	0.1637521658514652	0.6440412112939774
4651	0.16377207659588452	0.6440803648224539
4652	0.16379964109556647	0.6441345651672532
4653	0.16382326636973035	0.6441810161451368
4654	0.16383465587935758	0.6442034085028614
4655	0.163922719736415	0.6443765202756931
4656	0.16392742408014405	0.6443857665439912
4657	0.16394947512025387	0.6444291055357588
4658	0.16398127047410763	0.644491590816991
4659	0.16401201120531783	0.6445519977594119
4660	0.16405976722888443	0.6446458293020565
4661	0.1641041929581009	0.6447331051863899
4662	0.1641437747352435	0.6448108550079537
4663	0.16416099177135682	0.6448446712178434
4664	0.16418616504234165	0.6448941111828972
4665	0.16423659730098283	0.6449931480581055
4666	0.16433458571220286	0.6451855303609901
4667	0.16435380745475114	0.6452232620030647
4668	0.16441081839268898	0.6453351596052518
4669	0.1644172461307996	0.6453477743616842
4670	0.16448338975704252	0.6454775702037758
4671	0.1645626913764162	0.6456331520180265
4672	0.1645892326965427	0.6456852150498892
4673	0.16460702705640978	0.6457201178329001
4674	0.16464170102156617	0.6457881237325019
4675	0.1646748970427907	0.6458532242375519
4676	0.16472473850404695	0.6459509556880528
4677	0.16478217107575888	0.6460635538072055
4678	0.16480493908392685	0.6461081856751506
4679	0.16481644989374936	0.6461307490116395
4680	0.16488482939385518	0.6462647693597354
4681	0.16489701048167066	0.646288640756969
4682	0.16494158882310028	0.6463759938530291
4683	0.16498453945618977	0.6464601462225642
4684	0.1649940992415983	0.6464788750403461
4685	0.16501281941683837	0.6465155486384536
4686	0.16504678093306316	0.6465820753445498
4687	0.16507112596535276	0.646629760252396
4688	0.16509368669654517	0.6466739470891009
4689	0.16512920517115667	0.6467435064931448
4690	0.1651658938836893	0.6468153498376361
4691	0.16518992476775987	0.6468624024675222
4692	0.16526209793109545	0.647003697427246
4693	0.1652660968969496	0.6470115253868148
4694	0.16530215864854392	0.6470821118430784
4695	0.16536489366339102	0.6472048895955256
4696	0.16541835809972463	0.6473095056583872
4697	0.1654372315409181	0.6473464320599521
4698	0.16548670985226122	0.647443227725444
4699	0.16551702920794742	0.6475025350936494
4700	0.16557951699908915	0.6476247496635682
4701	0.16558408725678397	0.6476336873378215
4702	0.16563616733562028	0.6477355273223985
4703	0.16565990336790698	0.6477819366328479
4704	0.16576051339992132	0.6479786150916871
4705	0.16576754947155448	0.6479923673885353
4706	0.16580227964394198	0.648060244690406
4707	0.16582102917193753	0.648096886165515
4708	0.16584435590509383	0.6481424698033639
4709	0.16589622739074156	0.6482438223160539
4710	0.1659402335199578	0.648329794162245
4711	0.1660026935359897	0.6484517985690074
4712	0.16601169130879193	0.6484693722082409
4713	0.16604082079116006	0.6485262620225847
4714	0.16607401788832113	0.6485910897957676
4715	0.1661112994961872	0.648663886137051
4716	0.16614896745340757	0.6487374285708571
4717	0.16616023781548914	0.6487594310600752
4718	0.16619035492973794	0.6488182233345549
4719	0.16621735100472984	0.6488709184328026
4720	0.16624511955496143	0.648925116902783
4721	0.1662863264247741	0.6490055358530595
4722	0.1662982333122075	0.6490287713700631
4723	0.1663078144186156	0.64904746767258
4724	0.16638177542726595	0.6491917749908338
4725	0.1663972360946027	0.6492219366623593
4726	0.1664129580874383	0.6492526067076829
4727	0.16646946470003243	0.6493628263448425
4728	0.1665384871373675	0.6494974334936506
4729	0.16660561497424575	0.6496283190502815
4730	0.16665871132076826	0.6497318273942407
4731	0.16666484754750704	0.6497437885605152
4732	0.16672511449511498	0.6498612534492867
4733	0.16674067565623274	0.6498915798933497
4734	0.16679104587993981	0.6499897344446883
4735	0.16682443027143282	0.6500547811800456
4736	0.1668671249903558	0.6501379588375747
4737	0.16690443118156528	0.6502106298791063
4738	0.16692222394869327	0.6502452866522308
4739	0.1669243894678288	0.6502495045269115
4740	0.16698701115834436	0.650371463651863
4741	0.16701883063925146	0.6504334250477941
4742	0.1670645108445342	0.6505223668185063
4743	0.1671258858499052	0.650641848051569
4744	0.16716470691856253	0.6507174112866971
4745	0.16719895907198676	0.6507840740751663
4746	0.16721087574868318	0.6508072651442831
4747	0.16723859472402633	0.6508612059029047
4748	0.16727002882507996	0.6509223708381423
4749	0.1673109149067232	0.6510019189773933
4750	0.16733222031506562	0.6510433670210058
4751	0.16737893597756642	0.6511342395371091
4752	0.16739390177312552	0.6511633487079779
4753	0.16740994645292925	0.651194554913755
4754	0.16742610201849342	0.6512259752766101
4755	0.16744115411120875	0.6512552481717444
4756	0.16749612800967828	0.6513621487182439
4757	0.1675425254871687	0.6514523581708197
4758	0.1675625250972687	0.6514912390589244
4759	0.16759031599614121	0.6515452630015531
4760	0.16760871704424632	0.6515810311382121
4761	0.1676224558646594	0.6516077355110208
4762	0.1676487109430929	0.6516587648980185
4763	0.16765867371517865	0.6516781275023138
4764	0.1677053342392649	0.6517688043725379
4765	0.16775491519593513	0.6518651427892502
4766	0.16776494262458724	0.6518846248817013
4767	0.1678169280576001	0.6519856170172218
4768	0.16785100410320583	0.6520518080867677
4769	0.1678730493272311	0.652094626288271
4770	0.1678910631992781	0.6521296123509498
4771	0.1679253143823798	0.6521961289101272
4772	0.16795278281362921	0.6522494683129716
4773	0.16802301008178747	0.652385818870214
4774	0.16807782977619243	0.6524922348741847
4775	0.16809886445692293	0.6525330627944115
4776	0.1681233257735658	0.6525805385381712
4777	0.16818200730593333	0.6526944165049648
4778	0.16818523521755563	0.6527006800459272
4779	0.16819576810693665	0.6527211179768176
4780	0.16825482817169946	0.6528357057825899
4781	0.1682754996233738	0.652875807595481
4782	0.16830827219010017	0.6529393800535951
4783	0.1683442387142577	0.6530091410499421
4784	0.16838529840524208	0.6530887716896397
4785	0.1684158626413273	0.6531480412751316
4786	0.16843846190836598	0.6531918618856989
4787	0.1684893460598849	0.6532905169182114
4788	0.16854135262871053	0.653391332719584
4789	0.16857088829301753	0.6534485812860727
4790	0.16859046416900456	0.6534865221700784
4791	0.168651421488344	0.6536046521802581
4792	0.16873597969421594	0.6537684833252446
4793	0.1687706691963123	0.6538356822051931
4794	0.16879404646781182	0.6538809636663366
4795	0.16883133054611374	0.6539531759375925
4796	0.16888214546505737	0.65405158207305
4797	0.16890922440522133	0.6541040160165761
4798	0.1689515740785599	0.654186010814041
4799	0.16901467607026677	0.6543081658951628
4800	0.1690330435351898	0.6543437180024508
4801	0.16905302357439653	0.6543823892188951
4802	0.16913265235693423	0.6545364874339452
4803	0.16914286351380994	0.6545562455166869
4804	0.16920093454605137	0.6546685987490182
4805	0.1692742096053505	0.6548103405426325
4806	0.1693210571208282	0.6549009453532434
4807	0.16937294990887616	0.6550012932752922
4808	0.16941101804747072	0.6550748979421172
4809	0.16942874631997326	0.6551091726977557
4810	0.16943542177924223	0.6551220781568928
4811	0.16946987284772747	0.6551886773018539
4812	0.16948533452453562	0.6552185648693487
4813	0.16954162888027285	0.6553273708753435
4814	0.16955251717510225	0.6553484137398966
4815	0.1695867422663828	0.6554145532107133
4816	0.16963936831723714	0.6555162392378389
4817	0.16971229249722813	0.6556571200028292
4818	0.16972648792790854	0.6556845403518281
4819	0.16975786275270946	0.6557451409015933
4820	0.16976934390447537	0.6557673153743049
4821	0.16983470443135457	0.655893537139948
4822	0.16988874864060707	0.6559978869198145
4823	0.16989986256490786	0.6560193438782107
4824	0.16994138335525913	0.6560994992629078
4825	0.1699680064637553	0.6561508897004472
4826	0.16998713074000504	0.6561878027000756
4827	0.170017053518032	0.6562455544188992
4828	0.1700477144973248	0.6563047256133654
4829	0.17009226947506162	0.6563907006802504
4830	0.1701135937211692	0.6564318448140113
4831	0.17015021269705333	0.65650249339623
4832	0.17016746333153804	0.6565357722189222
4833	0.1702425206309656	0.6566805483365844
4834	0.1702809525802748	0.656754666392644
4835	0.1703294835561175	0.6568482490091969
4836	0.17034939503833382	0.6568866406010411
4837	0.17038905178205171	0.6569630966085374
4838	0.17044432786467587	0.6570696509948482
4839	0.17049145937631227	0.6571604916397357
4840	0.17054096985734665	0.6572559039565564
4841	0.17059889514199422	0.6573675149761232
4842	0.1706086979420012	0.6573864012347571
4843	0.17068923447251497	0.657541543891645
4844	0.17074943464811523	0.6576574874276452
4845	0.17078948874687602	0.6577346189665575
4846	0.1708018398476832	0.6577584014597762
4847	0.17083900018876408	0.6578299498613028
4848	0.17087931577134133	0.657907564554633
4849	0.17088466979149172	0.6579178713104588
4850	0.17092915619867993	0.6580035036194958
4851	0.17101801356539711	0.6581745126597411
4852	0.17105046523585973	0.6582369559334065
4853	0.17106966534878326	0.6582738978652283
4854	0.17109038913561872	0.6583137690919066
4855	0.17113850499036076	0.6584063315764019
4856	0.1711566069032944	0.658441151615713
4857	0.17119340953749515	0.6585119378587742
4858	0.17124367259841766	0.6586086016164806
4859	0.1712718132451574	0.6586627143038718
4860	0.17129830775028185	0.6587136575019891
4861	0.17132354048769693	0.6587621709313655
4862	0.17135471456397147	0.6588221024737332
4863	0.17138125443535965	0.6588731205531932
4864	0.1714443886742263	0.6589944687801378
4865	0.1714805065022047	0.6590638796125013
4866	0.17151046648458185	0.6591214508205728
4867	0.1715826201457578	0.6592600809170399
4868	0.17164349416149746	0.6593770165648711
4869	0.1716895590751846	0.6594654909572674
4870	0.17172158878474952	0.6595270016956536
4871	0.171746680340702	0.6595751842052534
4872	0.1717480150984244	0.659577747199072
4873	0.1717827747012833	0.6596444888747638
4874	0.17179612718912018	0.6596701251001633
4875	0.17180900880366506	0.6596948563241184
4876	0.17185555638716116	0.6597842146239389
4877	0.17187823448982137	0.6598277458337555
4878	0.1719448060980118	0.6599555151868829
4879	0.17198265665946816	0.6600281498677343
4880	0.171995230099802	0.66005227634958
4881	0.17200096325887687	0.6600632770998961
4882	0.17206630658758668	0.6601886445260261
4883	0.17208420527750637	0.6602229807211614
4884	0.17212332830612373	0.6602980266982091
4885	0.17216794687564296	0.6603836038383228
4886	0.17222257067527308	0.6604883556273933
4887	0.17228060818638402	0.6605996356738808
4888	0.17234057255070453	0.660714590547045
4889	0.17239108706671846	0.6608114140400685
4890	0.17244409546920567	0.6609130024275177
4891	0.1724830326837239	0.6609876140249212
4892	0.17251214189934877	0.6610433876826347
4893	0.17254918334209818	0.6611143527934833
4894	0.1725755042937853	0.6611647746356861
4895	0.1725875437360761	0.661187836762482
4896	0.1726285539681987	0.6612663877849752
4897	0.1726785772325885	0.6613621897441474
4898	0.17275637846202793	0.6615111630499009
4899	0.1727803484957964	0.6615570539601915
4900	0.17279854058924699	0.6615918808113785
4901	0.1728744359588398	0.6617371547469634
4902	0.17291024611072953	0.6618056891165526
4903	0.17293822781668627	0.6618592362702632
4904	0.17295273170134742	0.6618869899048484
4905	0.17301056046357619	0.6619976354725833
4906	0.17301724309597688	0.6620104203688294
4907	0.17305612836878112	0.6620848089358475
4908	0.17311014115783174	0.662188122980642
4909	0.17312388318936692	0.6622144057547811
4910	0.17316242399314732	0.6622881126712381
4911	0.17317936015927005	0.662320499452941
4912	0.17321030586662087	0.6623796723843932
4913	0.17323800152094307	0.6624326262345646
4914	0.17324512336200737	0.662446242448538
4915	0.17333038574666068	0.6626092334684093
4916	0.17336903748138174	0.6626831084805322
4917	0.17340313181280534	0.6627482660979461
4918	0.1734332429891969	0.6628058061881186
4919	0.17346735324021967	0.66287098216162
4920	0.1735083386268563	0.6629492862874944
4921	0.1735341592558602	0.662998612823924
4922	0.1735846680132075	0.6630950918107146
4923	0.17360306021136285	0.6631302200666535
4924	0.17361758572584254	0.6631579618187987
4925	0.1737004844596458	0.6633162648914324
4926	0.17371776232252265	0.6633492538681817
4927	0.17376299961855757	0.6634356185923309
4928	0.17379502160174545	0.6634967465240474
4929	0.1738832163567677	0.6636650756008793
4930	0.17390249523133605	0.6637018656988254
4931	0.17390883246831348	0.6637139586756455
4932	0.17402448542844837	0.6639346137318892
4933	0.17404751516131675	0.6639785435585723
4934	0.1740748026034412	0.66403059131681
4935	0.17411102790225455	0.6640996807395882
4936	0.17411534502923437	0.6641079139483395
4937	0.17414349321880865	0.664161592962109
4938	0.17417965097424953	0.664230539971233
4939	0.17420355133827417	0.6642761101829632
4940	0.174233456344465	0.6643331248894914
4941	0.1742556342766249	0.6643754045597154
4942	0.17431154721598452	0.6644819841905839
4943	0.17435104201270119	0.6645572577307889
4944	0.17436950678025356	0.6645924469968678
4945	0.17438913245908894	0.6646298466293372
4946	0.17443722729983543	0.6647214895618815
4947	0.17446688687383274	0.6647779984806851
4948	0.17454800367754944	0.6649325217856346
4949	0.1745588616646698	0.6649532029631018
4950	0.17461537267151558	0.6650608289348414
4951	0.1746322771013315	0.6650930202644265
4952	0.1746554937772548	0.6651372295486074
4953	0.1746902701800546	0.6652034454127472
4954	0.17471967073948683	0.6652594202835845
4955	0.1747411651804057	0.6653003399450211
4956	0.1747910381638447	0.6653952750612598
4957	0.17483155956027147	0.6654723991046549
4958	0.17487212644463326	0.6655496007726592
4959	0.1748827177514135	0.6655697553090417
4960	0.1749314467624694	0.6656624754401648
4961	0.17494888639729259	0.6656956559270968
4962	0.17504816225483036	0.6658845057554016
4963	0.17507731696150458	0.6659399558067268
4964	0.17513496239741272	0.6660495794870384
4965	0.17515731257548908	0.6660920777169723
4966	0.17516992821046182	0.66611606479203
4967	0.17522140533233493	0.6662139332429428
4968	0.17525873394273897	0.6662848935116354
4969	0.17528018948264312	0.6663256762569633
4970	0.17539273197859162	0.6665395564494933
4971	0.17542127910065483	0.6665937976135374
4972	0.17544605701875815	0.6666408734968327
4973	0.17551065687050685	0.6667635919520006
4974	0.17552229579018896	0.6667856996672221
4975	0.17558145587022622	0.6668980608114725
4976	0.17559803545438044	0.6669295465724899
4977	0.1756607744507769	0.6670486787527785
4978	0.17570263630233926	0.667128156454671
4979	0.17571932752084798	0.6671598432797168
4980	0.17575040852769833	0.6672188438549342
4981	0.17583827732851473	0.6673856155685339
4982	0.17585873307533323	0.6674244338348778
4983	0.17590292144481187	0.6675082810926887
4984	0.17591833227683906	0.6675375206090495
4985	0.1759886039732567	0.66767083335082
4986	0.17603221299934016	0.6677535508411192
4987	0.17608045882769574	0.6678450514691527
4988	0.1761121328610441	0.6679051160423931
4989	0.1761137881303913	0.6679082548388225
4990	0.17619180816451263	0.6680561832189226
4991	0.17622798013737628	0.6681247552775581
4992	0.17628217822295705	0.6682274866909466
4993	0.17630165921182506	0.6682644086666459
4994	0.17632955533911054	0.6683172761544448
4995	0.17641365029727518	0.6684766238426441
4996	0.17643819874459016	0.6685231324101992
4997	0.1764845213450543	0.6686108846596022
4998	0.17650486004646704	0.6686494100930889
4999	0.17657041144059873	0.6687735620065762
5000	0.17661920762420172	0.6688659652097747
5001	0.17667600221335913	0.6689734985715063
5002	0.1766906677401169	0.6690012630812141
5003	0.17669874355301526	0.6690165515720148
5004	0.17673002929439038	0.6690757759671314
5005	0.17674578862186635	0.6691056066338592
5006	0.17677872211201165	0.669167941800837
5007	0.17682301646082021	0.6692517711820088
5008	0.1768458758013055	0.6692950295767609
5009	0.17688945636282682	0.6693774925018945
5010	0.17692462720634877	0.6694440351930385
5011	0.17702149856611885	0.669627280116668
5012	0.1770332795017936	0.6696495618867614
5013	0.177051953229901	0.6696848787609133
5014	0.1770982135774384	0.6697723610826776
5015	0.17721238969776484	0.6699882291217836
5016	0.17721750959413762	0.6699979074674514
5017	0.17724094180486508	0.6700422005321311
5018	0.17729745393982	0.670149011343063
5019	0.17731239032939336	0.6701772390352203
5020	0.17733930902583211	0.6702281086134231
5021	0.17741693711617093	0.6703747845985258
5022	0.1774208020957583	0.6703820865246827
5023	0.1774645233750132	0.6704646815659546
5024	0.17751148044090706	0.670553378087678
5025	0.17759671827113938	0.6707143526204931
5026	0.1776387742077074	0.6707937624508522
5027	0.17765341959285502	0.6708214135945085
5028	0.17771082217972717	0.6709297812648767
5029	0.17773369509726297	0.6709729571041647
5030	0.17784941326325665	0.6711913487999481
5031	0.17789795857511032	0.6712829458696002
5032	0.17792777573139468	0.6713391997750349
5033	0.1779985886632983	0.6714727786043062
5034	0.178071218908404	0.6716097579448275
5035	0.17811421217104761	0.6716908293055964
5036	0.1781287065509947	0.6717181588036477
5037	0.1781504121769536	0.6717590831983055
5038	0.17818220876278373	0.6718190288703187
5039	0.17822006108809263	0.6718903843726215
5040	0.17823409558448308	0.6719168389072073
5041	0.17839246640843964	0.6722152902088994
5042	0.1784195759153964	0.6722663650473516
5043	0.17845381847991024	0.6723308731593369
5044	0.17849826881607853	0.6724146020277088
5045	0.1785394361078207	0.6724921374917959
5046	0.17858018247911603	0.6725688713823585
5047	0.17864145865673628	0.6726842506880418
5048	0.17865590630300268	0.6727114518419164
5049	0.17872984400789677	0.6728506400633912
5050	0.1787539617363995	0.672896035620439
5051	0.17877449156403893	0.672934675443784
5052	0.17881060000030227	0.6730026308657377
5053	0.17885576270074569	0.6730876165915395
5054	0.17889141461599495	0.673154697647736
5055	0.17892613210664723	0.6732200141086082
5056	0.17896851935004707	0.6732997516249706
5057	0.1790040592951839	0.6733666009470429
5058	0.1791284886505566	0.6736005956872653
5059	0.1791576252048292	0.6736553764829745
5060	0.1791683873137163	0.6736756096258054
5061	0.17920928305398437	0.6737524895130138
5062	0.17931934708112776	0.6739593552750384
5063	0.17935297752252927	0.6740225511553788
5064	0.17935622423839168	0.6740286518341496
5065	0.17940775166021575	0.6741254660503767
5066	0.17946117732983477	0.6742258321806957
5067	0.17947889678249065	0.6742591168665663
5068	0.17950242422387286	0.6743033088921672
5069	0.17954947176102296	0.6743916704606858
5070	0.17959967621682052	0.6744859483776785
5071	0.17963108037683337	0.6745449149060119
5072	0.17968570882557977	0.6746474766148576
5073	0.179728421872445	0.6747276569953733
5074	0.1798148025353908	0.6748897805492974
5075	0.1798341660496709	0.6749261176192205
5076	0.17985924022172597	0.6749731682551261
5077	0.17987216137835788	0.6749974129850228
5078	0.1799336888961335	0.6751128487591666
5079	0.17999328123792682	0.6752246350104033
5080	0.18004751918989592	0.6753263611486494
5081	0.18009043452143403	0.6754068402577884
5082	0.18011465988032582	0.6754522658322776
5083	0.18016086217919422	0.6755388924467687
5084	0.18017695880155174	0.675569070065355
5085	0.18020351051706449	0.675618845733361
5086	0.18022293270591835	0.6756552535792095
5087	0.18024773191734444	0.675701738066127
5088	0.18029727393283704	0.6757945917339615
5089	0.18032097340643619	0.675839005743832
5090	0.18035788176580603	0.675908168060784
5091	0.18038604846281409	0.6759609446767716
5092	0.1804694239757302	0.6761171432302043
5093	0.18047532960127396	0.6761282056637142
5094	0.18056002200964869	0.6762868318033846
5095	0.1806255414931505	0.6764095221544546
5096	0.18068250022610963	0.6765161637517038
5097	0.18070734422502435	0.6765626729296814
5098	0.18073243936935046	0.6766096490185067
5099	0.180766183078701	0.6766728093837326
5100	0.18077535161947936	0.6766899697382693
5101	0.18081770197114402	0.6767692293820511
5102	0.18083482478302287	0.6768012724777943
5103	0.18087843362046466	0.6768828738439696
5104	0.18093256822307807	0.6769841574613388
5105	0.18097432273192243	0.6770622680818494
5106	0.1810154434380087	0.677139184234302
5107	0.1810616635115151	0.6772256283096711
5108	0.18110189392967743	0.6773008611238657
5109	0.18116223028531833	0.6774136773445292
5110	0.18116613260966719	0.677420973218641
5111	0.18123517060673539	0.677550035234323
5112	0.18131635043654887	0.6777017641685893
5113	0.18133600760505728	0.6777384992360576
5114	0.18141569131522872	0.6778873907535107
5115	0.18143123143422946	0.6779164241437833
5116	0.18147031401042432	0.6779894360872627
5117	0.18152137872374627	0.6780848205614639
5118	0.18156255636929625	0.6781617270759069
5119	0.18157881019252073	0.6781920815563881
5120	0.18160751354648044	0.6782456825743561
5121	0.1816474661484197	0.67832028353407
5122	0.18168295138718693	0.6783865359908136
5123	0.18170957785892455	0.6784362445023523
5124	0.18173584856174574	0.6784852852657178
5125	0.18177266235746928	0.6785540013558697
5126	0.18183754711147138	0.6786750973463034
5127	0.1818891041609233	0.6787713041149787
5128	0.18191379946097944	0.6788173813447713
5129	0.18194917027530114	0.6788833718210665
5130	0.18199906717111305	0.6789764523521987
5131	0.1820272697255257	0.6790290573706497
5132	0.18204711133125218	0.6790660646270947
5133	0.18212886026590966	0.6792185160894292
5134	0.18215768466547194	0.6792722618036063
5135	0.18222285070612057	0.6793937541405125
5136	0.1822531058670764	0.6794501529789725
5137	0.18226838305334545	0.6794786295006268
5138	0.18229511463765946	0.6795284540342345
5139	0.18233064963948553	0.6795946814486791
5140	0.18236265502922966	0.679654325118773
5141	0.18240371024031576	0.6797308259283515
5142	0.18241329825849031	0.6797486906578071
5143	0.18242845153263415	0.6797769238087037
5144	0.1824754569953201	0.6798644955951078
5145	0.18251381458843477	0.6799359479312923
5146	0.18257229581974357	0.6800448720332379
5147	0.18258520037287015	0.680068905033632
5148	0.18262289113575916	0.6801390941648507
5149	0.18269559811595865	0.6802744713303367
5150	0.18275859580914863	0.6803917484544054
5151	0.1828149094431884	0.6804965653596607
5152	0.1829171609106765	0.6806868453696319
5153	0.18293990150272793	0.6807291561640836
5154	0.18300961168275084	0.6808588414647506
5155	0.18302655950312177	0.6808903666018787
5156	0.1831235081384976	0.6810706755495683
5157	0.18315289310382582	0.6811253174565454
5158	0.1832092581562217	0.6812301170866929
5159	0.1832384705606827	0.6812844254134249
5160	0.1832643634199148	0.681332558806311
5161	0.18327180605563706	0.6813463936252115
5162	0.18332083120412118	0.6814375175010112
5163	0.18336668815295792	0.6815227415621141
5164	0.18338087590427063	0.6815491070056936
5165	0.1834583276105745	0.6816930194187644
5166	0.183494529871707	0.681760276140386
5167	0.18361840384746808	0.6819903595867677
5168	0.18363651619839352	0.6820239949519096
5169	0.1836574394854157	0.6820628482737863
5170	0.1837403006386055	0.6822166948619782
5171	0.18377417504696328	0.6822795787851055
5172	0.18381051482936814	0.6823470329468554
5173	0.18386165969900128	0.6824419571213609
5174	0.1838949543479543	0.6825037444371161
5175	0.1839526260280061	0.682610756758837
5176	0.1840145910336862	0.6827257168409024
5177	0.18403261613534125	0.6827591541325637
5178	0.1840929620875528	0.6828710863951697
5179	0.18412382412756456	0.6829283235414508
5180	0.18417740940973668	0.6830276921183873
5181	0.1842394995823207	0.683142814091676
5182	0.18429711939313118	0.6832496301725737
5183	0.18434068922050942	0.6833303891918047
5184	0.18434727689400737	0.6833425989684352
5185	0.18442037993727203	0.6834780755348231
5186	0.18444802231333784	0.6835292961485642
5187	0.1844671643168767	0.6835647635409277
5188	0.18453670205739156	0.6836935915373529
5189	0.1845660629403909	0.6837479792253337
5190	0.18460458717974418	0.6838193344246826
5191	0.1846669645102199	0.6839348549072322
5192	0.184680169926215	0.6839593083411221
5193	0.18474099037260028	0.6840719227222782
5194	0.1847970191109789	0.6841756484334022
5195	0.18481625473446278	0.6842112556168383
5196	0.18483539765335766	0.684246689354656
5197	0.18487778875762576	0.6843251491903195
5198	0.18490014644130418	0.6843665264233176
5199	0.18494444428960685	0.6844485008014315
5200	0.1849779532359639	0.6845105035001611
5201	0.18499362756345233	0.6845395042927808
5202	0.1850296505816388	0.6846061497740602
5203	0.18505896347489098	0.6846603761972033
5204	0.1850669789875755	0.6846752034836082
5205	0.18509743189466005	0.6847315330698054
5206	0.18515512196364076	0.684838231286787
5207	0.18518415403886185	0.6848919200411588
5208	0.1852046238488924	0.6849297721461769
5209	0.1852188761744218	0.6849561258464177
5210	0.1852446128313302	0.6850037124337941
5211	0.18526230068337388	0.6850364150180079
5212	0.18534886366439107	0.6851964364276911
5213	0.18535522574194052	0.6852081959695943
5214	0.1854096508295303	0.685308786009135
5215	0.18542759870497783	0.685341954560594
5216	0.18548006044771878	0.6854388972240651
5217	0.18552742865023925	0.6855264158925195
5218	0.18554839951823604	0.6855651586214457
5219	0.18559446761528794	0.6856502596577387
5220	0.18560095665739879	0.6856622459377609
5221	0.18564253309984663	0.6857390391857987
5222	0.18570294363683076	0.6858506043894018
5223	0.18574093869001887	0.6859207637441663
5224	0.18576686581291751	0.6859686350737302
5225	0.18579512125080305	0.6860208015543067
5226	0.18583003347566146	0.6860852526209116
5227	0.18585368167861693	0.6861289058637469
5228	0.18589792366106012	0.6862105665992886
5229	0.1859295458143301	0.6862689280176615
5230	0.185968349089061	0.686340536035624
5231	0.18602511981737643	0.6864452879439454
5232	0.18606796421691463	0.6865243327605549
5233	0.18608435142023066	0.6865545635586829
5234	0.18612910775487376	0.6866371224040622
5235	0.18619794848851806	0.6867640886642097
5236	0.18620236679514487	0.6867722367570012
5237	0.18627629520729458	0.6869085587149678
5238	0.18630628780363667	0.6869638565237242
5239	0.18631976094625205	0.686988695714048
5240	0.18634084192098693	0.6870275589608609
5241	0.18642260390745055	0.6871782682120606
5242	0.18644119028321524	0.6872125232726376
5243	0.18646293627565583	0.6872525994022165
5244	0.186525785779308	0.6873684128891091
5245	0.18659297295012123	0.6874921978681365
5246	0.18659744726313313	0.6875004405066398
5247	0.18665245331870586	0.687601765314288
5248	0.18667768877068328	0.6876482456968458
5249	0.18671602659255257	0.6877188529095555
5250	0.186749503891337	0.6877805025120397
5251	0.1868415508394778	0.687949981669599
5252	0.1868677107662376	0.6879981403665326
5253	0.18692755973792263	0.6881083056933204
5254	0.18697122381359452	0.6881886679973112
5255	0.18700068198519498	0.6882428794984382
5256	0.18705579377639814	0.688344289566118
5257	0.18715555262692088	0.6885278157770498
5258	0.18716993799638149	0.6885542764846136
5259	0.1872341906718283	0.688672451600554
5260	0.1872595383331645	0.688719066071042
5261	0.18733603397792872	0.6888597228040046
5262	0.18735984361332933	0.6889034970245492
5263	0.18740720987647572	0.6889905720391697
5264	0.18747971865088264	0.6891238460756599
5265	0.1874997773636112	0.6891607102432837
5266	0.18752827392675472	0.6892130782136525
5267	0.1875506541040393	0.6892542033474099
5268	0.18759852829289578	0.6893421672646584
5269	0.18766503543176113	0.6894643486939386
5270	0.1877086279846181	0.6895444215903219
5271	0.18774677086243732	0.6896144766350031
5272	0.18781813915519924	0.6897455359638516
5273	0.1878434013660075	0.6897919210237213
5274	0.187906196118363	0.6899072077283513
5275	0.18795274110745291	0.6899926485914554
5276	0.18802605408458656	0.6901272049780416
5277	0.18804636247929735	0.6901644737419993
5278	0.18810102012367208	0.6902647682202805
5279	0.18820728008714308	0.6904597090910571
5280	0.18822462815223048	0.6904915300279479
5281	0.18823767518088436	0.6905154607610199
5282	0.18827768429272262	0.6905888399143422
5283	0.1883346049565748	0.6906932224513044
5284	0.188367386105605	0.6907533301843126
5285	0.18839433252326543	0.690802735398499
5286	0.18840663464185414	0.6908252896821867
5287	0.1884788374981261	0.6909576490900411
5288	0.18851009715773864	0.6910149451921199
5289	0.18856559775010545	0.691116661007173
5290	0.1886007823114564	0.6911811359237062
5291	0.18861675325319596	0.6912104003303351
5292	0.18867075233100522	0.6913093365396203
5293	0.18875864880058102	0.6914703487101325
5294	0.18878361812487088	0.6915160816514891
5295	0.18884482079395476	0.6916281655300944
5296	0.18887971169770604	0.6916920550694616
5297	0.18893824465095452	0.6917992228594195
5298	0.18896663059585422	0.691851188614519
5299	0.18899356323994973	0.6919004902237067
5300	0.1890893468580347	0.6920757986744207
5301	0.18911707124691166	0.6921265330907933
5302	0.18913472359062927	0.6921588341683466
5303	0.18918752724782195	0.6922554477528624
5304	0.18923127896355976	0.6923354890038339
5305	0.1892508388218232	0.6923712696479924
5306	0.189272900351049	0.692411624353856
5307	0.1893652631030634	0.6925805477519493
5308	0.18939834574177927	0.6926410429849194
5309	0.18945071771552147	0.6927368000810363
5310	0.18947537199722234	0.6927818734721846
5311	0.1894927709893062	0.6928136808503771
5312	0.18951253527016412	0.6928498104796772
5313	0.18954779223227755	0.6929142564632941
5314	0.18964078643171534	0.6930842112392502
5315	0.18965872281049587	0.6931169866965872
5316	0.18968043935722875	0.6931566676465473
5317	0.1897238644095814	0.6932360080416383
5318	0.18973110691536382	0.6932492396872665
5319	0.18976383306295944	0.6933090253467517
5320	0.18981351384918616	0.6933997746819115
5321	0.1898402431646152	0.6934485948330125
5322	0.18988100285785037	0.6935230343579096
5323	0.18995985144301067	0.6936670130433589
5324	0.1899642950244351	0.6936751261993886
5325	0.19005729419078124	0.6938449036694855
5326	0.19009199181018785	0.6939082363287269
5327	0.19010906140244763	0.6939393908888302
5328	0.1901507683985802	0.6940155065144835
5329	0.19017405997895137	0.6940580102159171
5330	0.19021058750223688	0.6941246623210274
5331	0.19022043628129787	0.6941426323826295
5332	0.1903166917805378	0.6943182354792703
5333	0.19037074471570753	0.6944168271314882
5334	0.19044172065485448	0.6945462648071312
5335	0.19053150993010706	0.69470997750773
5336	0.19057930434328416	0.6947971052844834
5337	0.19064558882152843	0.6949179218127678
5338	0.19066202383175698	0.6949478746091887
5339	0.19083419282671435	0.6952615749362748
5340	0.1909295136700432	0.6954351933140495
5341	0.19094408092796053	0.6954617224514426
5342	0.1909864713951645	0.6955389160233745
5343	0.1911077351822858	0.6957596916063613
5344	0.19117797951105184	0.6958875479756833
5345	0.19120277167555907	0.6959326682330367
5346	0.19122354363392874	0.6959704697034111
5347	0.19131361099112357	0.6961343533975525
5348	0.1913229458412148	0.6961513365869132
5349	0.19136942668113627	0.6962358944888757
5350	0.19138508212185346	0.6962643725405862
5351	0.19142579778322116	0.6963384309690481
5352	0.1914369119200378	0.6963586452984418
5353	0.1914677697211741	0.6964147662171598
5354	0.19149947642434134	0.6964724263190084
5355	0.19156307382900706	0.6965880667443817
5356	0.19166192592390857	0.6967677733738016
5357	0.1916799906953315	0.696800608935491
5358	0.19173722400625798	0.6969046292593357
5359	0.19177181866582726	0.6969674967884113
5360	0.19180309112025018	0.6970243221236757
5361	0.1918697686458068	0.6971454667265086
5362	0.19191692002005756	0.6972311220847783
5363	0.19194698646844965	0.6972857354105996
5364	0.1919800307718309	0.6973457528410208
5365	0.19204876449098948	0.6974705754008569
5366	0.1920703481795749	0.6975097674383438
5367	0.19212555252361418	0.6976099984296005
5368	0.19214544643985804	0.6976461150092448
5369	0.19227858361012468	0.69788777190861
5370	0.19228607860719507	0.6979013735685974
5371	0.1923505657705175	0.6980183916788515
5372	0.19239560211174087	0.6981001027839501
5373	0.19242257122373696	0.6981490292664712
5374	0.1925108970976425	0.6983092431853184
5375	0.1925669817307213	0.6984109557798284
5376	0.19261091651352022	0.6984906236008027
5377	0.19264396290626157	0.6985505412988804
5378	0.19265546970835257	0.6985714035223342
5379	0.192742686000593	0.6987295093727669
5380	0.19275120568343	0.6987449519510303
5381	0.19276570744732674	0.6987712367249622
5382	0.19278790095165677	0.6988114610374889
5383	0.1928148502046294	0.6988603017289007
5384	0.1928768888190228	0.6989727226285094
5385	0.19291192435391488	0.6990362029432825
5386	0.19302301779872535	0.6992374532364073
5387	0.19305026344118528	0.6992868009816423
5388	0.19307301984520114	0.699328015077272
5389	0.19314084252002073	0.699450834236574
5390	0.19318680177594805	0.699534048970832
5391	0.1932064686672533	0.6995696552075312
5392	0.1932360656042521	0.6996232360381069
5393	0.19327800473494305	0.6996991535392427
5394	0.19328727720389716	0.6997159372929731
5395	0.19333776489203688	0.699807316130569
5396	0.1933749760012673	0.6998746577428699
5397	0.19348942994423562	0.7000817464947587
5398	0.1935237059582139	0.7001437523343704
5399	0.19358059229146582	0.7002466484734903
5400	0.19367273917509112	0.7004132919079872
5401	0.19371346337828158	0.7004869271393811
5402	0.19372625996296813	0.7005100636114083
5403	0.1937455886216156	0.7005450087504626
5404	0.1937798382989606	0.7006069259801924
5405	0.19381364232873347	0.7006680321943881
5406	0.1939034607304203	0.7008303674988186
5407	0.19395273117904963	0.7009194015811768
5408	0.19397420610219104	0.7009582042666429
5409	0.19401069625812772	0.7010241328039418
5410	0.19404357788575466	0.701083536327397
5411	0.19409448639467253	0.701175497053982
5412	0.1941773026180309	0.7013250698594466
5413	0.19418474752146425	0.7013385143951981
5414	0.19422480760406874	0.7014108533154844
5415	0.19428539581779325	0.7015202469544571
5416	0.19433590994658084	0.7016114385256788
5417	0.1943552341769056	0.701646320817922
5418	0.19439754655225336	0.7017226931033278
5419	0.19442797006475268	0.7017776012909208
5420	0.19444501490704635	0.7018083618506966
5421	0.19448537412156025	0.7018811921174616
5422	0.19451440089312905	0.7019335677395484
5423	0.19454387832694145	0.701986752532918
5424	0.19456422432705786	0.7020234595453948
5425	0.1946304465611586	0.702142920373556
5426	0.19465904839515102	0.7021945100345004
5427	0.19471869818558585	0.7023020892799026
5428	0.19482329559182152	0.7024906924167399
5429	0.1948466075626296	0.70253272012345
5430	0.19485399500417927	0.7025460379591559
5431	0.19489940282659013	0.7026278921377801
5432	0.1949226829717308	0.7026698542747694
5433	0.19500625946023492	0.702820479087723
5434	0.1950612316284185	0.7029195344801838
5435	0.19508172616509778	0.7029564604025771
5436	0.19517366194935407	0.7031220813513104
5437	0.19521971618805892	0.7032050327132706
5438	0.19526221203439392	0.7032815661380389
5439	0.19526886732499651	0.7032935513124033
5440	0.1952950564601139	0.7033407120107948
5441	0.19534336631862867	0.703427698824159
5442	0.19539156713119848	0.7035144785700194
5443	0.19542389739790586	0.7035726793160257
5444	0.19544108525365317	0.7036036188275051
5445	0.19559697971633824	0.7038841791902706
5446	0.19567521877711908	0.7040249424349707
5447	0.19575602473972026	0.704170294364252
5448	0.19582056321939592	0.7042863631676212
5449	0.19584175720867464	0.7043244751858965
5450	0.1958497935748886	0.7043389260145431
5451	0.19587819768585832	0.7043899993277438
5452	0.19592265499142042	0.7044699303898679
5453	0.19593892611084526	0.7044991824342327
5454	0.19600343215351262	0.7046151387569226
5455	0.19606381597793776	0.7047236676737771
5456	0.19609534259250885	0.7047803243757748
5457	0.19613133421668055	0.7048449996107733
5458	0.19613711696947386	0.7048553903888792
5459	0.19616943789450822	0.7049134636391974
5460	0.19622497495787586	0.7050132397655873
5461	0.1962463578284603	0.7050516517878107
5462	0.19624885380642174	0.7050561354067897
5463	0.19633403005428254	0.7052091236159092
5464	0.19635208429241394	0.7052415472379412
5465	0.19636305151849967	0.7052612425610683
5466	0.1963822579425043	0.7052957327952161
5467	0.19640901423963134	0.705343778020005
5468	0.19643362674575213	0.7053879708343982
5469	0.19646373864644598	0.7054420342830421
5470	0.19652150464520388	0.705545736800711
5471	0.19658392594084104	0.7056577794559299
5472	0.19658931205765154	0.7056674463937956
5473	0.19661340730258003	0.705710690629219
5474	0.19661929549625648	0.7057212578895401
5475	0.1966417147032826	0.7057614911229002
5476	0.19668276010198857	0.7058351447480881
5477	0.19677449879981293	0.7059997368256372
5478	0.1968025837287393	0.7060501174519603
5479	0.1968174631134637	0.7060768076319627
5480	0.1968318883035703	0.7061026821285648
5481	0.1968833829342458	0.7061950404332217
5482	0.19692406613979385	0.7062679993430452
5483	0.19694423095720137	0.7063041589678181
5484	0.19699738174867423	0.7063994602934464
5485	0.19701158421551898	0.7064249236625705
5486	0.19703879607161212	0.7064737087878102
5487	0.19709660760007353	0.7065773414996772
5488	0.1971493054643837	0.7066717942372406
5489	0.19716310725513425	0.7066965297175823
5490	0.19722044990484297	0.7067992895748169
5491	0.19724729950326741	0.706847399776505
5492	0.19729588549819166	0.7069344498139153
5493	0.19732368881233886	0.7069842593376402
5494	0.19740912260831153	0.7071372916800116
5495	0.19747862660344434	0.7072617655161141
5496	0.19751675484878334	0.7073300396100133
5497	0.1975762678329001	0.70743659297818
5498	0.19762408335064055	0.7075221913169687
5499	0.19767209551827414	0.7076081312756052
5500	0.1977500942142883	0.7077477237352942
5501	0.19782477023275624	0.7078813438826294
5502	0.19788805745266247	0.7079945659522331
5503	0.1978998357510065	0.7080156355590879
5504	0.19796570987114054	0.7081334629092041
5505	0.198008474278698	0.7082099440149127
5506	0.19804561782432717	0.7082763659065815
5507	0.19813603760738321	0.7084380329203189
5508	0.19820277547295587	0.7085573339373525
5509	0.19825311804746584	0.7086473133423825
5510	0.19834634007323454	0.7088139028385864
5511	0.19838497153202	0.708882926501656
5512	0.19843214388734634	0.7089672012565285
5513	0.19845125085042423	0.7090013335392277
5514	0.19848262768905675	0.7090573809087392
5515	0.19856682109847074	0.7092077508168196
5516	0.19860004580464152	0.7092670815585381
5517	0.1987033729477016	0.7094515654317687
5518	0.19871241827129252	0.7094677129834109
5519	0.1987279448757343	0.7094954299461167
5520	0.1987719876414945	0.7095740459905548
5521	0.19886866158228897	0.7097465777981655
5522	0.19887971618545777	0.7097663040277138
5523	0.1989131536948243	0.7098259677793333
5524	0.19894188491379658	0.7098772299220029
5525	0.1989718329945692	0.7099306592453624
5526	0.1989977612569271	0.7099769137038012
5527	0.19906026122006085	0.7100883974889939
5528	0.19909109547351841	0.7101433913829942
5529	0.1991210421410287	0.7101967981622586
5530	0.19912933960448043	0.7102115951182332
5531	0.1991325684313881	0.7102173530367232
5532	0.19914323866878705	0.7102363807786629
5533	0.19917220841378933	0.7102880386173875
5534	0.1991878844039734	0.710315989929802
5535	0.1992404446509028	0.7104097002510497
5536	0.19925420122037854	0.7104342249697375
5537	0.19933034209411205	0.710569950880752
5538	0.19934517620392853	0.7105963906000434
5539	0.1993884971249325	0.7106735984322637
5540	0.19944076784753173	0.7107667457019905
5541	0.1994882816254624	0.7108514054296586
5542	0.19950615317230178	0.7108832462214303
5543	0.19951131083252935	0.7108924350872643
5544	0.19955371041414788	0.7109679695030049
5545	0.19963411231353015	0.711111182621683
5546	0.19969109892774425	0.7112126706054646
5547	0.19971897701337074	0.711262313668885
5548	0.19976853311559353	0.7113505506562898
5549	0.1998474643681668	0.7114910688951079
5550	0.19994296771963618	0.7116610527019895
5551	0.200006808610713	0.711774658722251
5552	0.20008890156374476	0.711920717972511
5553	0.20010839641887013	0.7119553986897063
5554	0.20014394745837125	0.7120186384909449
5555	0.20016330501723886	0.712053070232787
5556	0.2002023020529663	0.7121224301153796
5557	0.20025924554455107	0.7122236973189573
5558	0.20030121587298086	0.7122983273226055
5559	0.20033191779244466	0.7123529153285699
5560	0.20037727494575402	0.7124335526830914
5561	0.200417147220059	0.712504431312089
5562	0.2004386788718157	0.712542703948631
5563	0.20045788173147389	0.7125768354094807
5564	0.20048011606542057	0.7126163530175504
5565	0.20050208769311686	0.7126554015589665
5566	0.20051915810502086	0.7126857380568739
5567	0.20054571974307348	0.7127329392169752
5568	0.20057859469635322	0.7127913550783004
5569	0.2006003139905124	0.7128299457017646
5570	0.2006805979275605	0.7129725752632288
5571	0.20072252251702155	0.7130470456451068
5572	0.20077094166565	0.713133042594092
5573	0.200806939803025	0.7131969719416457
5574	0.20084583533815448	0.7132660403581609
5575	0.2009053975244588	0.7133717944442987
5576	0.20092863666419958	0.7134130518411709
5577	0.20095848662546234	0.7134660421999984
5578	0.20103778295151115	0.7136067918069048
5579	0.2011019188232367	0.7137206115658482
5580	0.20121208021128026	0.7139160688972698
5581	0.20122432128230983	0.7139377847017806
5582	0.2012606437015263	0.7140022172147731
5583	0.2012680084239304	0.7140152808220549
5584	0.20129838861539992	0.7140691669379087
5585	0.20134018229690898	0.7141432908061359
5586	0.20140644996013535	0.7142608051372817
5587	0.2014534428527432	0.7143441272544656
5588	0.2014626821478826	0.7143605081126342
5589	0.20152626657185296	0.7144732302741956
5590	0.2015446294923484	0.7145057806620273
5591	0.20157827639583314	0.7145654198193871
5592	0.20161722762276413	0.7146344546774352
5593	0.2016805369762571	0.7147466462166571
5594	0.20174031255789693	0.7148525593401257
5595	0.20175551725796326	0.714879497223366
5596	0.20180535428761698	0.7149677854429661
5597	0.20189061253253313	0.7151187984373982
5598	0.20190248055210575	0.715139817045117
5599	0.20193085495987206	0.7151900664423751
5600	0.20197987031043013	0.7152768614119093
5601	0.20198726524574442	0.7152899552358143
5602	0.2019995245142323	0.715311661551179
5603	0.2020447236961565	0.7153916857333846
5604	0.2020915699769637	0.7154746166231268
5605	0.2021411278108672	0.7155623372507808
5606	0.2021592496461197	0.715594411406877
5607	0.2021940968292173	0.7156560840115429
5608	0.20221333886690704	0.7156901363255007
5609	0.202303625065032	0.7158498926766752
5610	0.20232202247628414	0.7158824414890507
5611	0.20239592862597183	0.7160131817896295
5612	0.20247206350113192	0.7161478397567556
5613	0.2025332561060946	0.7162560513304203
5614	0.2025531506973621	0.71629122893963
5615	0.20263418616661696	0.7164344979811235
5616	0.20266176753207452	0.7164832547326939
5617	0.20272256470562922	0.7165907167638124
5618	0.20279386885836298	0.7167167298737882
5619	0.20279999288255335	0.7167275515950762
5620	0.20285888721754505	0.7168316150315944
5621	0.20292060115235777	0.7169406443576198
5622	0.20303456010851986	0.7171419308199344
5623	0.20311373154169887	0.7172817385959452
5624	0.2031296510066154	0.7173098472758778
5625	0.20318119051858063	0.7174008420039002
5626	0.20318681292957008	0.7174107678598916
5627	0.20335887321449547	0.7177144582872995
5628	0.20339923844328078	0.7177856852526596
5629	0.2035244836005269	0.7180066431748254
5630	0.20353692265738318	0.7180285844883153
5631	0.20359914805648074	0.7181383341108994
5632	0.20365291619683215	0.7182331537949158
5633	0.2037646309534911	0.718430121859227
5634	0.20378079256825965	0.718458612477522
5635	0.20381249932805104	0.7185145036837753
5636	0.20383707618097296	0.7185578236298522
5637	0.2038541383503213	0.7185878964187552
5638	0.20386191944386056	0.718601610504544
5639	0.20390558760560923	0.718678570270228
5640	0.2039745302965437	0.7188000565122011
5641	0.20403752332306144	0.7189110407012806
5642	0.204064873448421	0.7189592221531603
5643	0.20409430141540225	0.7190110604366746
5644	0.20414000419666667	0.7190915599057243
5645	0.2041694277780704	0.7191433809262546
5646	0.20419658244629077	0.7191912026076275
5647	0.20424668576918245	0.7192794304772967
5648	0.20425796862146076	0.7192992971680472
5649	0.20431003673835185	0.7193909708825431
5650	0.2043344417591696	0.7194339355543713
5651	0.20436039126280528	0.7194796164505679
5652	0.20438118399884814	0.7195162174013524
5653	0.20438569427810704	0.7195241564912056
5654	0.2044470833408511	0.7196322061212468
5655	0.20445277636593778	0.7196422254759269
5656	0.20449759286758085	0.7197210947393536
5657	0.20451514609499197	0.7197519830172613
5658	0.2045762579987711	0.7198595108199738
5659	0.20458017628528108	0.7198664045874424
5660	0.2046062770169172	0.7199123240918
5661	0.20462405732143887	0.7199436036362598
5662	0.20471186052786994	0.720098049252267
5663	0.20473982546641453	0.7201472325530317
5664	0.20476841103449178	0.7201975039137752
5665	0.2048240059128895	0.7202952645379349
5666	0.20483613867686065	0.7203165975916038
5667	0.20490781185056803	0.7204426077321449
5668	0.20494926263656116	0.7205154731880661
5669	0.20496196598406735	0.7205378026575514
5670	0.2049855385194647	0.720579235746001
5671	0.2050074332490548	0.7206177176466382
5672	0.20505310933316487	0.7206979907415758
5673	0.20507674632575731	0.7207395278882971
5674	0.20508138088659036	0.7207476718938336
5675	0.20513630335591	0.7208441764906128
5676	0.20519220830950494	0.7209423941496446
5677	0.2052137202533234	0.7209801842439872
5678	0.2052626494209057	0.7210661308797469
5679	0.20529658477110768	0.7211257340770489
5680	0.20533791458193235	0.721198318066543
5681	0.2053718547651967	0.7212579188269442
5682	0.20540654634910704	0.7213188339972905
5683	0.20548771832863996	0.721461344290464
5684	0.20550951078699584	0.7214995996168674
5685	0.20556340397879502	0.7215941971059157
5686	0.20564463854232892	0.7217367628507295
5687	0.20569121474629248	0.7218184908639912
5688	0.20575782002227064	0.7219353481359682
5689	0.20578122903939317	0.7219764141724374
5690	0.20580189741185267	0.7220126704015297
5691	0.20581342764303961	0.7220328958137201
5692	0.2058970941329919	0.7221796399318169
5693	0.20591073742086333	0.7222035663052061
5694	0.2059831606264376	0.7223305623513522
5695	0.20602383072321068	0.7224018686752226
5696	0.20608915841648984	0.7225163920948109
5697	0.20620792705759433	0.722724554258546
5698	0.20625836587438515	0.7228129386941875
5699	0.20632694358305018	0.7229330907553774
5700	0.20635165253787716	0.7229763773615879
5701	0.20646555902868896	0.7231758919756831
5702	0.20654304258048495	0.7233115779969322
5703	0.206572461583451	0.7233630886833322
5704	0.2065799220201359	0.723376150820845
5705	0.20661362901568192	0.72343516391834
5706	0.20665592259253324	0.7235092033106894
5707	0.20671041776923318	0.7236045917284295
5708	0.20674120184310635	0.7236584706479625
5709	0.2067588208024908	0.7236893059083076
5710	0.20684860779847533	0.7238464233550149
5711	0.20689414859094496	0.7239261017388537
5712	0.206918213673293	0.7239682025783545
5713	0.20696992082328838	0.7240586537605819
5714	0.20700642175955605	0.7241224979499569
5715	0.20702189843384985	0.7241495666720075
5716	0.20702772999724608	0.7241597658209866
5717	0.20706508560874903	0.7242250957425239
5718	0.20710678347796557	0.7242980127267463
5719	0.20712525507813268	0.7243303116325781
5720	0.20713185989985655	0.7243418602832669
5721	0.2071520531928926	0.7243771674807555
5722	0.2071680161241874	0.7244050768353203
5723	0.20723251666355955	0.7245178376822144
5724	0.20725729892660666	0.7245611577536882
5725	0.20726446269861667	0.7245736797399257
5726	0.20730790831795418	0.7246496163052032
5727	0.20736900049503115	0.7247563830030403
5728	0.20738334411018286	0.724781448096793
5729	0.20741829099194575	0.7248425132336924
5730	0.20751609140849916	0.7250133794214896
5731	0.20752792834845757	0.7250340568961994
5732	0.2076015867961774	0.7251627146283319
5733	0.20764275079050384	0.7252346050092223
5734	0.20774259007053708	0.7254089385675119
5735	0.207764435196923	0.7254470776736366
5736	0.20776835103269078	0.7254539140655981
5737	0.20792553518135762	0.725728278030457
5738	0.20798216833980207	0.72582710544542
5739	0.20806316387228316	0.7259684229220068
5740	0.20810949567593223	0.7260492482673311
5741	0.20813283573252794	0.7260899613433524
5742	0.20821512867090342	0.726233490285117
5743	0.2082912926893012	0.7263663043700095
5744	0.2083141156208014	0.7264060980505395
5745	0.2083267504556186	0.7264281269991486
5746	0.2083511919258899	0.7264707390273601
5747	0.20838132589546066	0.726523272097738
5748	0.20846855920984741	0.7266753260338127
5749	0.20850380326549584	0.726736749932357
5750	0.20853195584039574	0.7267858109564026
5751	0.20854496164930786	0.7268084748449191
5752	0.20861838665584415	0.7269364118138131
5753	0.20864681724913106	0.7269859437120182
5754	0.20871578451231945	0.7271060847451247
5755	0.20874125784327635	0.7271504542902407
5756	0.20877386648429522	0.7272072481948711
5757	0.2088549562980088	0.7273484616914356
5758	0.2088927766827672	0.7274143144581836
5759	0.20894171750992663	0.7274995212659028
5760	0.20898921000788923	0.7275821969680483
5761	0.20902887380196172	0.7276512371383463
5762	0.20908202391737743	0.7277437417966083
5763	0.2091278531340496	0.7278234954205136
5764	0.20917231478978646	0.727900860815415
5765	0.20924130140361014	0.7280208845287921
5766	0.20926512593347324	0.7280623301265091
5767	0.20931804002051657	0.7281543720239225
5768	0.20934283453773384	0.7281974970730001
5769	0.20937282216965297	0.7282496510829409
5770	0.20939548518597315	0.7282890637606791
5771	0.20941429437244347	0.728321772720915
5772	0.20948359012569712	0.7284422645707228
5773	0.20953642929630092	0.7285341282298831
5774	0.2095881972438517	0.7286241182796075
5775	0.20971580036923892	0.7288458878469196
5776	0.20973057460190225	0.7288715605646161
5777	0.20978402263199777	0.728964427967347
5778	0.20988561586957555	0.7291409163658875
5779	0.20990710074018695	0.7291782345434646
5780	0.20995830541027377	0.7292671668713043
5781	0.2099681171913629	0.7292842067454549
5782	0.2100283701635828	0.7293888378430138
5783	0.21006893096004522	0.7294592644333843
5784	0.21009892237296487	0.7295113348016762
5785	0.21012222398653332	0.7295517879361492
5786	0.21017823031831528	0.7296490094398617
5787	0.21021879226555462	0.7297194129178934
5788	0.2102871444362618	0.7298380365946333
5789	0.21033651031645123	0.729923697995661
5790	0.21036092389109187	0.7299660575688918
5791	0.21039328836965437	0.7300222088297019
5792	0.21047453920063358	0.7301631572079192
5793	0.21048400551124544	0.7301795769457968
5794	0.21055781598780599	0.73030759184748
5795	0.21059426175616083	0.7303707941311789
5796	0.21060104057078047	0.7303825489822704
5797	0.2106132931445121	0.7304037951637973
5798	0.21072250146486501	0.7305931370447012
5799	0.21076360514568057	0.7306643885784094
5800	0.21082207385780222	0.7307657297073168
5801	0.21091867648280152	0.7309331358082276
5802	0.21092551733567313	0.7309449891101292
5803	0.21094782814500984	0.7309836462230032
5804	0.21097413115028418	0.731029217840295
5805	0.2109990896783121	0.7310724574392468
5806	0.21106594115141875	0.7311882622046819
5807	0.21110201741908183	0.7312507484026665
5808	0.21112097590518591	0.7312835834652517
5809	0.21119370941490348	0.7314095402564965
5810	0.21121873479121897	0.7314528731210069
5811	0.21126135027827994	0.7315266583568749
5812	0.21130923316765154	0.7316095547916946
5813	0.21132384366144835	0.7316348470894765
5814	0.21139749537888197	0.7317623326295211
5815	0.21141220894174567	0.7317877980299579
5816	0.2114193249270591	0.7318001136559825
5817	0.21148353571554343	0.7319112338079401
5818	0.21162180455152937	0.7321504580531627
5819	0.21166982051823605	0.7322335140459013
5820	0.2116819286752427	0.7322544567375543
5821	0.21171254460872724	0.7323074084546133
5822	0.21174323654390195	0.7323604877773945
5823	0.21175621114745483	0.7323829251916555
5824	0.2117792769714725	0.7324228119925574
5825	0.2118634021556157	0.7325682678822136
5826	0.2118705949175864	0.7325807031220972
5827	0.21192589362349235	0.7326762994974805
5828	0.2119462303949633	0.732711453090002
5829	0.21196356066206143	0.7327414083895203
5830	0.21201570385814344	0.7328315303174062
5831	0.21202275339701165	0.7328437135692126
5832	0.2121091525814657	0.7329930151160072
5833	0.21213872721318183	0.7330441143793207
5834	0.21216726546245476	0.7330934195967612
5835	0.212214476755625	0.7331749787456925
5836	0.21224129154335666	0.7332212981832787
5837	0.21224355470816209	0.7332252074042436
5838	0.21228591844240038	0.7332983794918999
5839	0.21237049494794089	0.7334444410838239
5840	0.21239519393092773	0.7334870901464859
5841	0.21240914927031287	0.7335111864853782
5842	0.212461988361601	0.7336024152639022
5843	0.21250901436661246	0.7336835979789349
5844	0.2125343185913886	0.7337272778720131
5845	0.2127208023356097	0.7340491040359636
5846	0.21274159415973057	0.7340849769895645
5847	0.21275914975505972	0.7341152649851672
5848	0.21277783997520003	0.734147509132148
5849	0.21278786689988335	0.7341648068804962
5850	0.212814315781578	0.7342104326839018
5851	0.21287164180106677	0.7343093135495663
5852	0.21288595005520317	0.7343339915847363
5853	0.2129312672025994	0.7344121464628348
5854	0.21301285402233483	0.7345528317969034
5855	0.2130336548970114	0.7345886957556206
5856	0.21307435137401554	0.7346588577785493
5857	0.21313275674717969	0.7347595387955405
5858	0.2131450227765367	0.7347806816093985
5859	0.21317640127699372	0.7348347656014789
5860	0.21321116673378362	0.73489468270454
5861	0.21331343330175362	0.7350709074030477
5862	0.21339247424403376	0.7352070810024274
5863	0.2134251962947585	0.7352634479415554
5864	0.21351484011294805	0.735417846073314
5865	0.21353004917574936	0.7354440382036241
5866	0.2135972993944955	0.7355598412932843
5867	0.21366194344813796	0.7356711394530987
5868	0.21369585466120558	0.7357295179143074
5869	0.21374074833416223	0.7358067956552923
5870	0.21376000089552413	0.735839933572621
5871	0.2138003441427011	0.7359093683865515
5872	0.2138631997528397	0.7360175362038552
5873	0.21389691607893552	0.736075551863615
5874	0.2139085757232504	0.7360956135417507
5875	0.21393782313731638	0.736145934472726
5876	0.21394709323026603	0.7361618831890744
5877	0.21396038811583526	0.7361847557502482
5878	0.21396681608539173	0.7361958141935848
5879	0.2140068016248869	0.7362646001207351
5880	0.2140816886815476	0.7363934087982593
5881	0.21416977486750752	0.7365448916645865
5882	0.2141929651008667	0.7365847670054955
5883	0.2142499090220012	0.7366826722693119
5884	0.21427199702258587	0.7367206452794453
5885	0.21431818808726638	0.7368000492092008
5886	0.21435411061260357	0.7368617952739692
5887	0.21439464613187198	0.7369314642517364
5888	0.21446214636631078	0.7370474632583062
5889	0.21448106932223737	0.7370799790408318
5890	0.21453455924796325	0.7371718843441921
5891	0.2145552777159495	0.7372074793164239
5892	0.2145639965066647	0.7372224579561878
5893	0.21457614268220174	0.7372433242403944
5894	0.21461956281023561	0.7373179121696575
5895	0.21468281336861295	0.7374265516933187
5896	0.2147009625868457	0.7374577219401481
5897	0.21474593833708255	0.7375349595479677
5898	0.21489975026216693	0.7377990422284738
5899	0.2149122237008915	0.7378204539741737
5900	0.21494367798911418	0.7378744452449326
5901	0.21498255173674993	0.737941166556405
5902	0.2150903531006399	0.7381261608582992
5903	0.21513552109897668	0.7382036583625194
5904	0.21516669617463308	0.7382571426061354
5905	0.21521608703327313	0.738341870081524
5906	0.21530641840790504	0.7384968037578123
5907	0.21535710293482221	0.738583722110797
5908	0.2154003457294877	0.738657870631299
5909	0.2154251514363692	0.7387004016752288
5910	0.21550773466897513	0.7388419785090264
5911	0.21554896370394228	0.7389126494875774
5912	0.21556200181741628	0.7389349968028338
5913	0.21565185542625173	0.7390889874366458
5914	0.21566687322499076	0.7391147217304889
5915	0.21568274354190325	0.7391419159140623
5916	0.21571541567748434	0.7391978972828381
5917	0.2157283757143051	0.7392201022051205
5918	0.21577204351344445	0.7392949149910226
5919	0.21588104453309237	0.7394816252888928
5920	0.2159606210396857	0.739617903911152
5921	0.21598765602001574	0.7396641969104084
5922	0.2161010508165764	0.739858335471311
5923	0.21611776441432468	0.7398869458262276
5924	0.21619279695489613	0.7400153729819999
5925	0.2162273567256363	0.7400745186612385
5926	0.21626028016569732	0.7401308595239132
5927	0.2162739243071513	0.7401542070634106
5928	0.21635912237181046	0.7402999793682444
5929	0.21641533615637518	0.7403961443932567
5930	0.21643026990080386	0.7404216894776627
5931	0.21646711763269247	0.7404847160098754
5932	0.2165020542234882	0.7405444686597509
5933	0.21657705093755908	0.7406727205443657
5934	0.21661756512877856	0.740741994626904
5935	0.2166650909906153	0.7408232495124994
5936	0.2168013456808475	0.7410561545393554
5937	0.21681101636071473	0.7410726821971882
5938	0.21684469721437527	0.7411302415216494
5939	0.21686519876326454	0.741165275716527
5940	0.2169021105689258	0.7412283485026643
5941	0.21692867066300314	0.7412737295549126
5942	0.21695951326694754	0.7413264242941385
5943	0.2170394309648117	0.741462946646926
5944	0.21715849131881276	0.7416662892772281
5945	0.2172324245402199	0.7417925314317368
5946	0.2172501426775585	0.7418227822425629
5947	0.21727994306149387	0.7418736587239475
5948	0.2173474642174889	0.7419889208031837
5949	0.21740296739955317	0.7420836541774036
5950	0.2175368264275941	0.7423120763374819
5951	0.21761384702189746	0.742443475371036
5952	0.21762049932585847	0.7424548232746624
5953	0.21770011936724665	0.7425906305123687
5954	0.21775428427557703	0.7426830049492197
5955	0.2177645378911421	0.7427004904751668
5956	0.21781760460823263	0.7427909787529668
5957	0.21784067916099564	0.7428303215686337
5958	0.2178710414209239	0.7428820869725128
5959	0.21796687986396873	0.7430454607605872
5960	0.21799347692798443	0.7430907938516825
5961	0.21800796235303685	0.7431154822215947
5962	0.2180956299040139	0.7432648817334978
5963	0.21822430968328765	0.7434841182615096
5964	0.21824888829170833	0.7435259863982916
5965	0.21829272267937666	0.7436006497110265
5966	0.21834429409555786	0.7436884819425037
5967	0.21835104489275642	0.7436999785821018
5968	0.21836904015645364	0.7437306237331353
5969	0.21838362833566913	0.7437554658408392
5970	0.21841941622385433	0.743816405269425
5971	0.21845948259495002	0.7438846241532059
5972	0.21850495570557799	0.7439620412268453
5973	0.21852273605552253	0.7439923097310742
5974	0.21853954587101582	0.7440209249067248
5975	0.21864036722575125	0.744192528969555
5976	0.21865501074561394	0.7442174498379115
5977	0.21869379100180095	0.7442834434405676
5978	0.21870731714276304	0.7443064599310355
5979	0.21874350222960467	0.744368030070359
5980	0.21876489512234887	0.7444044283997813
5981	0.2187714759753477	0.7444156248471624
5982	0.21878186198242938	0.7444332949162544
5983	0.21879241988967213	0.7444512570150889
5984	0.21884842699508936	0.7445465342923343
5985	0.21895486529127725	0.7447275697063224
5986	0.21902152996118235	0.7448409337988154
5987	0.2191080766491201	0.7449880817730721
5988	0.21923216691676203	0.7451990112070261
5989	0.21924531355770988	0.7452213544541547
5990	0.2192550405413448	0.7452378854244277
5991	0.21934432492651196	0.7453896067571633
5992	0.21936794862357045	0.7454297454390444
5993	0.2193941321806861	0.7454742310169511
5994	0.21944233559251625	0.7455561211464315
5995	0.21948349240295031	0.7456260330739879
5996	0.21952651658124367	0.7456991100399928
5997	0.2195321595608007	0.7457086941618971
5998	0.21957781100348708	0.7457862247345958
5999	0.21960547458595306	0.7458332023159644
6000	0.2196123440135237	0.7458448673418637
6001	0.2196846738217529	0.7459676800537848
6002	0.21969570378506134	0.7459864066511426
6003	0.21977488365173364	0.7461208238976113
6004	0.21978945854111315	0.7461455638679009
6005	0.21981005054082586	0.7461805161114683
6006	0.2198340015484735	0.7462211677750137
6007	0.21985209377164805	0.7462518739488634
6008	0.21989326180577512	0.7463217397482642
6009	0.2199198570814312	0.7463668708089329
6010	0.21996096938822132	0.7464366312894956
6011	0.22002640045070743	0.7465476430532209
6012	0.22005692115718803	0.7465994195021862
6013	0.22005742605714787	0.746600276002856
6014	0.2201138641811484	0.7466960101445215
6015	0.22013095466995805	0.7467249977599804
6016	0.22014625178640207	0.7467509426363429
6017	0.22024418769926085	0.74691702677985
6018	0.22031731287599834	0.7470410116789054
6019	0.2203555224243885	0.7471057883907801
6020	0.22037074267945547	0.7471315897507551
6021	0.22039717866401323	0.7471764018855703
6022	0.22042314776361804	0.7472204199782299
6023	0.22055524968913398	0.7474442949938982
6024	0.22056534401064085	0.7474613992267513
6025	0.22065722272507413	0.747617064302669
6026	0.22067602664751093	0.7476489187636922
6027	0.2206936500090501	0.7476787720838449
6028	0.22073684558700873	0.7477519387484168
6029	0.2208311593194247	0.747911666827809
6030	0.22092307089657506	0.748067293845891
6031	0.22097030657633474	0.7481472619053958
6032	0.22098197565004113	0.7481670158497697
6033	0.22102465761544496	0.7482392654004195
6034	0.221053008376269	0.7482872520650613
6035	0.22106445006467415	0.7483066174626498
6036	0.2210837346030499	0.748339255982716
6037	0.22109685489890724	0.7483614608880034
6038	0.221114581562836	0.7483914606051598
6039	0.22123231790531558	0.7485906811778192
6040	0.22127986855321852	0.7486711261592269
6041	0.22133182490975264	0.7487590147257762
6042	0.22140029916485124	0.7488748289584618
6043	0.22143299323397994	0.7489301198991459
6044	0.2214839584829077	0.7490163022096671
6045	0.22152148102319483	0.7490797465428867
6046	0.22154842290832077	0.7491252974456555
6047	0.22155536876904663	0.7491370404297212
6048	0.22169839158509452	0.749378800320087
6049	0.22171882308915186	0.7494133305283259
6050	0.2217373412181143	0.7494446256677053
6051	0.22183773436591625	0.7496142646431008
6052	0.22186697659861804	0.749663669385935
6053	0.22192531170817079	0.7497622168100566
6054	0.22198846889874124	0.7498688957335066
6055	0.22200143072303008	0.7498907876971671
6056	0.22207954948640568	0.7500227133976634
6057	0.22211127527347957	0.7500762847670088
6058	0.22213626254517838	0.7501184749547992
6059	0.22218388312928708	0.7501988741775385
6060	0.222190982719084	0.7502108598842677
6061	0.2222830580830374	0.7503662864960514
6062	0.22231992330847575	0.7504285073321929
6063	0.2224070826611876	0.7505755936855768
6064	0.22249186375352065	0.7507186389401639
6065	0.22249867634972686	0.7507301321779754
6066	0.2225883500387148	0.7508814004007455
6067	0.22263594236406625	0.750961670284342
6068	0.22266697907493713	0.7510140126144925
6069	0.22270664100974102	0.7510808957747844
6070	0.2227478502307323	0.7511503818637677
6071	0.22276495535029375	0.7511792222553196
6072	0.22277879528598793	0.7512025565150658
6073	0.22282080449859754	0.7512733799978838
6074	0.22286937301773618	0.7513552535183734
6075	0.2228792782931217	0.751371950065563
6076	0.22289734459507923	0.7514024020608413
6077	0.2229277615365092	0.7514536691210846
6078	0.2229668142369453	0.7515194864282562
6079	0.22298956497098968	0.7515578266267757
6080	0.22303796385512994	0.7516393833280068
6081	0.22306716617301228	0.7516885877177167
6082	0.22310962472391827	0.7517601224266495
6083	0.22321255333774653	0.7519335096240989
6084	0.22322113696347334	0.7519479672647482
6085	0.22327114442714288	0.752032190706541
6086	0.2232894804652755	0.7520630702182285
6087	0.22333879734917989	0.7521461179268161
6088	0.2233907684770582	0.7522336253566586
6089	0.22342726156925977	0.7522950652501115
6090	0.22346907736355948	0.7523654602944243
6091	0.2234931045629462	0.7524059060448015
6092	0.2235361355760861	0.7524783360873275
6093	0.2235810880499163	0.7525539928983139
6094	0.22359284901602544	0.7525737858192908
6095	0.22361506204517367	0.7526111674447429
6096	0.22362092005281037	0.7526210253967346
6097	0.22367075428447714	0.7527048820439093
6098	0.2237629604051013	0.7528600137375034
6099	0.22376707649806454	0.7528669380907312
6100	0.22381388056377777	0.7529456703863747
6101	0.22382458441908032	0.7529636749112247
6102	0.22383727756214314	0.7529850249791221
6103	0.22387793081423035	0.753053400319894
6104	0.22389734371508377	0.7530860489915355
6105	0.22393130174019957	0.7531431562911419
6106	0.22394934580610565	0.7531734992822585
6107	0.22408102365081844	0.753394892402611
6108	0.22415928176100441	0.7535264388243135
6109	0.22419715691690864	0.7535900960720996
6110	0.2242268195639669	0.7536399466991714
6111	0.22424068589611398	0.7536632491307972
6112	0.22435956668683993	0.7538629992586261
6113	0.22436926177901811	0.7538792871584915
6114	0.22441333895622612	0.7539533330391159
6115	0.2244262894246206	0.7539750873341007
6116	0.22443925081747151	0.7539968593516214
6117	0.2245719481575839	0.7542197227608043
6118	0.22457659651480386	0.7542275284208184
6119	0.22463713699120735	0.7543291824170772
6120	0.22470968913069003	0.754450987249857
6121	0.22472716421559438	0.754480322519725
6122	0.22478456676432151	0.7545766756427383
6123	0.22484104133902505	0.7546714591085066
6124	0.2249242115913461	0.7548110252925961
6125	0.2249610706422308	0.7548728694090693
6126	0.22499780242814793	0.7549344949534194
6127	0.22502544134224517	0.7549808619149704
6128	0.22511394093481119	0.7551293094197281
6129	0.22518376137207183	0.7552464042803636
6130	0.2251967596315049	0.7552682014716402
6131	0.2252371143197414	0.7553358695134783
6132	0.22526104899734878	0.7553760010884216
6133	0.22531013328668337	0.7554582946647146
6134	0.22535542839983927	0.7555342274442056
6135	0.22539472462497695	0.7556000974992245
6136	0.22547241868266174	0.7557303147870083
6137	0.22566269831183527	0.7560491337337207
6138	0.22568838427399787	0.7560921609974306
6139	0.22570797614910196	0.7561249782418015
6140	0.22574320278093185	0.7561839808023005
6141	0.22575876905749928	0.756210051944032
6142	0.22579665082074837	0.7562734943712494
6143	0.22580859467837153	0.7562934962257056
6144	0.22583857495483267	0.7563437005493943
6145	0.22592685498688472	0.75649151303522
6146	0.22593944734997135	0.7565125948208974
6147	0.2260833017654602	0.7567533902230045
6148	0.22613354480027298	0.75683747311294
6149	0.22616701041239795	0.7568934734120812
6150	0.2262239745805063	0.7569887859257252
6151	0.2262425172771171	0.7570198089987691
6152	0.22628216829590153	0.7570861433287919
6153	0.2263746233293065	0.7572407937743463
6154	0.22637714032761458	0.7572450035405973
6155	0.2264282456912725	0.7573304739581336
6156	0.22646217609047575	0.7573872150299998
6157	0.2264763673893659	0.7574109455711187
6158	0.22649506208832018	0.7574422055157737
6159	0.22654512809750316	0.7575259159787274
6160	0.22656971103787532	0.7575670153160243
6161	0.22666059485405965	0.7577189413566565
6162	0.22672123703915625	0.7578202969966041
6163	0.2268006847206682	0.7579530631037134
6164	0.22681535755802223	0.7579775805388422
6165	0.2268657045767463	0.7580617013725273
6166	0.22692447123444923	0.7581598781067166
6167	0.2269332127136387	0.758174480707611
6168	0.22695171998465277	0.7582053960909275
6169	0.22709548445875544	0.7584455038620579
6170	0.22711714407564676	0.7584816720126509
6171	0.22713327931368665	0.7585086141992948
6172	0.2271480377310714	0.7585332565698752
6173	0.22719744381724852	0.7586157448938221
6174	0.22735258310327805	0.7588747069201826
6175	0.22736295383854557	0.7588920148364428
6176	0.2273916974620204	0.7589399835503179
6177	0.22742728648463645	0.7589993719884036
6178	0.22753197658900304	0.7591740444793502
6179	0.22755109258696535	0.7592059346446471
6180	0.22757308191853234	0.7592426165773483
6181	0.22762311927102644	0.7593260807596351
6182	0.22768072450654955	0.759422157095787
6183	0.22773037009730174	0.7595049482646592
6184	0.2277557238919416	0.7595472258856544
6185	0.22791351038107158	0.7598102830291037
6186	0.22794563540612764	0.7598638297983892
6187	0.22803575024638656	0.7600140152608527
6188	0.2280571219323073	0.7600496289754968
6189	0.22810016609064807	0.760121352569856
6190	0.22825007655710045	0.7603710924806991
6191	0.22833475942293677	0.7605121317147971
6192	0.22834333596657594	0.7605264144815876
6193	0.22839854273579963	0.7606183454955173
6194	0.22841742435621698	0.7606497848600228
6195	0.22846288957727212	0.7607254826531944
6196	0.22848901366020297	0.7607689748097392
6197	0.22849728202793276	0.7607827397182444
6198	0.22852709947270725	0.7608323767579608
6199	0.22857013358365896	0.7609040098459666
6200	0.2286902631216828	0.7611039376289881
6201	0.22876494030265895	0.761228194028312
6202	0.22878797865767325	0.7612665237737741
6203	0.22879828318588333	0.7612836671658555
6204	0.22885496291429552	0.7613779569457104
6205	0.22892094089228948	0.7614877001590364
6206	0.22893970679485132	0.7615189111768711
6207	0.228986273230673	0.7615963538777837
6208	0.22903328332129166	0.7616745264157067
6209	0.22908332625124267	0.7617577334120238
6210	0.22911667634857558	0.7618131799834275
6211	0.22918070720890255	0.7619196238846111
6212	0.22919986811708262	0.761951473788125
6213	0.22922116745215662	0.7619868766940324
6214	0.22926766106665553	0.762064150813623
6215	0.22930773490221304	0.7621307487345054
6216	0.22936653183852082	0.7622284516771861
6217	0.22943142340132822	0.7623362675322869
6218	0.2294630464268324	0.7623888029440405
6219	0.22947110256315845	0.7624021860449756
6220	0.22948854644337846	0.7624311635491777
6221	0.2295566660279129	0.7625443122038016
6222	0.22958633333312586	0.7625935852316005
6223	0.22960466473642718	0.7626240294033556
6224	0.22965150501086778	0.7627018146200142
6225	0.22974327493797464	0.7628541891906171
6226	0.2298236159953185	0.7629875623110597
6227	0.2298334726398569	0.7630039235899552
6228	0.22989784162416912	0.7631107625736461
6229	0.22992604114996584	0.7631575631473838
6230	0.2299919053153264	0.7632668616342252
6231	0.23000293509998967	0.7632851635135484
6232	0.23001116437229246	0.7632988181768443
6233	0.23003635056318783	0.7633406075907487
6234	0.23004582106229876	0.7633563206337599
6235	0.2301125647327326	0.7634670496778463
6236	0.23014326102709767	0.7635179700346184
6237	0.23024689948246535	0.7636898649583436
6238	0.23028276458208918	0.763749341864697
6239	0.23032015208607173	0.7638113385206546
6240	0.23034618912347934	0.7638545106490855
6241	0.23049602453867812	0.7641029060143484
6242	0.23052531022432135	0.7641514460418998
6243	0.23059284921870857	0.7642633778739623
6244	0.23073051844655032	0.7644914852288026
6245	0.2307384641571936	0.7645046485846433
6246	0.23080987257389132	0.7646229380159462
6247	0.23085815663648526	0.7647029111357604
6248	0.23090772046228392	0.7647849952352257
6249	0.23094289742556348	0.7648432474866242
6250	0.23102886075136647	0.7649855821346998
6251	0.2310766757680505	0.7650647408724082
6252	0.23113536178763525	0.7651618855839633
6253	0.23119422740180803	0.7652593151952174
6254	0.23132966046080386	0.7654834259729048
6255	0.2313402811539342	0.7655009980197293
6256	0.23134328024097867	0.7655059599672847
6257	0.2313758343321793	0.7655598181865241
6258	0.23144381696187447	0.7656722779587486
6259	0.23147516865515383	0.765724135705133
6260	0.23157085903629362	0.7658823921258822
6261	0.2315955726055944	0.7659232590611312
6262	0.23169009278279828	0.766079539719419
6263	0.23171959826678634	0.7661283178689996
6264	0.23174218979066727	0.7661656638347221
6265	0.2317564738733915	0.7661892758604327
6266	0.23181287731363662	0.7662825053638913
6267	0.2318382405943567	0.7663244247493189
6268	0.23188025582099894	0.7663938607398751
6269	0.2319723909477041	0.7665461047987733
6270	0.23208423311750376	0.7667308721500006
6271	0.2321702926501677	0.7668730153361809
6272	0.23223958631153094	0.7669874474498085
6273	0.23228313795416022	0.7670593602486904
6274	0.23230736948840894	0.7670993686208066
6275	0.23233372489083026	0.767142881315261
6276	0.2323971964632041	0.7672476625730118
6277	0.23241010631108242	0.7672689728839902
6278	0.23249481681750073	0.7674087900004525
6279	0.2325487705820138	0.7674978289559302
6280	0.23262310307108036	0.7676204816486557
6281	0.23266411493282513	0.7676881450862283
6282	0.23269130608087862	0.767733003125821
6283	0.23275908297387413	0.76784480525963
6284	0.2327818149377974	0.7678822993802498
6285	0.23286992968558462	0.7680276186213164
6286	0.23287397057439047	0.7680342822140515
6287	0.23301602647728695	0.7682685015421359
6288	0.2332187455625122	0.7686026176793338
6289	0.23325040028959182	0.7686547770383928
6290	0.233317520523306	0.7687653632950414
6291	0.23355879858215295	0.7691627579811054
6292	0.23356512303059282	0.7691731718411344
6293	0.23357757080321814	0.7691936679774249
6294	0.23359459103325564	0.7692216921037208
6295	0.23363384083318878	0.7692863137399623
6296	0.2336984962246897	0.7693927518033749
6297	0.23378735122645897	0.7695390041293829
6298	0.23380369995981248	0.7695659105637526
6299	0.2338461233410488	0.7696357257702368
6300	0.2339546240780602	0.7698142541934876
6301	0.23402555603988934	0.7699309441227847
6302	0.23414044988833882	0.7701199180879925
6303	0.23416775983240887	0.7701648298464036
6304	0.23420261896698386	0.7702221525973967
6305	0.23430560843306342	0.7703914847121589
6306	0.23438900602985974	0.7705285772102068
6307	0.23443383933385023	0.7706022660123041
6308	0.234508737460271	0.7707253541657378
6309	0.23456140490507768	0.7708118964767791
6310	0.23460503286250783	0.7708835778879553
6311	0.234641541885673	0.7709435576573586
6312	0.23466504137576916	0.7709821619189343
6313	0.23481641330806044	0.7712307849023378
6314	0.2348730648674894	0.7713238124533294
6315	0.23492471801679407	0.771408622335299
6316	0.23494440329366748	0.7714409413572044
6317	0.23499403435468647	0.7715224189538046
6318	0.23502578341427605	0.771574535774598
6319	0.23507721770513454	0.7716589588908892
6320	0.2351716739803219	0.7718139732971699
6321	0.23518770249993057	0.7718402749865079
6322	0.23529183495638784	0.7720111273064237
6323	0.23531753985320353	0.7720532960548948
6324	0.23533847796044355	0.7720876432079877
6325	0.2353786276281877	0.7721535009899051
6326	0.23540482954223904	0.7721964771446608
6327	0.23546068617554675	0.7722880847324389
6328	0.23554461029568305	0.7724257039350005
6329	0.2357110849610881	0.7726986174138397
6330	0.23572720858124988	0.7727250448641213
6331	0.2357507162784937	0.7727635735805712
6332	0.23576404237767198	0.7727854139776311
6333	0.23609936222518152	0.7733347730143028
6334	0.23611579482958256	0.7733616847415596
6335	0.23614089732748597	0.7734027933724601
6336	0.23622072644996686	0.7735335095041884
6337	0.2362226675693591	0.7735366877134714
6338	0.23625308374033432	0.7735864866321556
6339	0.23634626249972784	0.7737390237378269
6340	0.2364071205371698	0.7738386343834954
6341	0.23642941684597915	0.7738751251167839
6342	0.2365032074235438	0.7739958804742407
6343	0.23652578443652433	0.774032823098008
6344	0.23654466217167688	0.7740637112633834
6345	0.23662238817759665	0.7741908752807024
6346	0.23674313119650553	0.7743883760799976
6347	0.23680540889098758	0.7744902247613304
6348	0.23686332670296356	0.7745849312906179
6349	0.23691044825152932	0.7746619753540418
6350	0.23692503163571607	0.774685817737179
6351	0.23697146132208308	0.7747617207713824
6352	0.23703225975355477	0.7748611025201191
6353	0.23708637227227472	0.7749495446865596
6354	0.23711228350676422	0.7749918907534656
6355	0.23712927848683568	0.7750196639576746
6356	0.23716485054326902	0.7750777926070767
6357	0.23722829949702906	0.7751814643489032
6358	0.2372921125268342	0.7752857169862974
6359	0.23744417718085095	0.7755340915984732
6360	0.23753271810688975	0.7756786731741581
6361	0.2376235667987294	0.7758269951748527
6362	0.23764026062899943	0.7758542468841151
6363	0.23779403842330715	0.7761052352044027
6364	0.23784260346000866	0.7761844837323015
6365	0.23788583976240524	0.7762550300128146
6366	0.23790465921616513	0.7762857346708579
6367	0.23796913543782736	0.7763909208838806
6368	0.23799685778745822	0.7764361426175967
6369	0.23803526432678765	0.776498788449498
6370	0.23804209117913563	0.776509923363865
6371	0.2380696407872647	0.7765548564365512
6372	0.23810094367278317	0.7766059079034384
6373	0.23817347251106424	0.7767241813437755
6374	0.23819038085896907	0.7767517513528708
6375	0.2382057468002507	0.7767768055327903
6376	0.2382116194767698	0.7767863807232546
6377	0.2382766758033105	0.7768924448579758
6378	0.23829401543644077	0.7769207119656647
6379	0.23845332097334826	0.7771803640856998
6380	0.23850801580143538	0.7772694911923735
6381	0.23853638424369866	0.7773157145215716
6382	0.23856723547894532	0.7773659801753668
6383	0.2387524781602098	0.7776677261705933
6384	0.23876316636096526	0.7776851328501394
6385	0.23885849997577877	0.7778403748350735
6386	0.23890168675320034	0.7779106903165406
6387	0.23895235136803658	0.7779931728989663
6388	0.23896459773698794	0.7780131088178067
6389	0.23906519505570292	0.778176852314127
6390	0.23925862744032794	0.7784916078107819
6391	0.2393264273838522	0.7786019025760819
6392	0.23946279682426366	0.7788236966882122
6393	0.2395592059400494	0.778980460388006
6394	0.23959907306920858	0.7790452761452412
6395	0.23966395149051656	0.779150743595401
6396	0.23981766079461064	0.77940055905875
6397	0.2399080618179366	0.7795474455915546
6398	0.23993251928817477	0.7795871801307247
6399	0.240038195222318	0.7797588420098326
6400	0.2400764879037477	0.7798210359997548
6401	0.24008615126902144	0.7798367302057061
6402	0.2402851721057504	0.7801598883862032
6403	0.2403389038103175	0.7802471117822011
6404	0.24048493553529224	0.7804841177917644
6405	0.24053680010083656	0.7805682754278995
6406	0.24059448241833656	0.7806618625382209
6407	0.2406128597560845	0.780691676631678
6408	0.2406319057212088	0.7807225742574935
6409	0.24073634416003029	0.7808919794768784
6410	0.24075763285272242	0.7809265064651604
6411	0.24078533495218446	0.7809714327282249
6412	0.24082474275093452	0.7810353384181558
6413	0.24083077056693672	0.7810451129699689
6414	0.24083952929433944	0.7810593156796546
6415	0.24095938148649762	0.7812536359975326
6416	0.24108241644624037	0.7814530663790602
6417	0.2411168734937972	0.7815089095297302
6418	0.24112467639522395	0.7815215548240271
6419	0.24117586887770595	0.7816045117113747
6420	0.2412365602331066	0.7817028500183306
6421	0.241320898818036	0.7818394834351542
6422	0.24134120275464008	0.7818723734282979
6423	0.24138250628229344	0.7819392760235265
6424	0.24149021169727322	0.7821137080959214
6425	0.24153264182235298	0.7821824142448925
6426	0.24155434783523497	0.7822175599709595
6427	0.24164719581638	0.7823678788208992
6428	0.24179760256268246	0.7826113227841288
6429	0.24183738977149555	0.7826757085327408
6430	0.24204247809258633	0.7830075092318788
6431	0.2420910828457021	0.7830861234828911
6432	0.2421446733820916	0.7831727926875295
6433	0.2422386687413307	0.7833247833641171
6434	0.24226334969674956	0.78336468762823
6435	0.24245740958685935	0.7836783736119873
6436	0.24260002629369007	0.783908824804158
6437	0.24263041581975772	0.7839579218138243
6438	0.242691624711928	0.784056800946084
6439	0.2427640732870777	0.784173820969914
6440	0.24278431908325465	0.7842065191614918
6441	0.24280438749463368	0.7842389295203787
6442	0.2428205506734363	0.7842650319792895
6443	0.24284739548975415	0.7843083826528945
6444	0.24288635498845662	0.7843712926049115
6445	0.24293769502028578	0.7844541863503398
6446	0.24308361043272986	0.7846897339332366
6447	0.24310855567189552	0.7847299953290929
6448	0.24319284841084327	0.7848660277852125
6449	0.24322373456891302	0.7849158662708442
6450	0.24328481409006047	0.7850144160193732
6451	0.2433414261581889	0.7851057466367618
6452	0.24336592923351655	0.7851452734475102
6453	0.2434032044886657	0.7852053997148168
6454	0.24361680945861178	0.7855498631221082
6455	0.24363631710379666	0.7855813139921831
6456	0.24366679221663798	0.7856304444561258
6457	0.24369549661162454	0.7856767174469721
6458	0.24375997114512793	0.7857806438437762
6459	0.24382397574701187	0.7858837991650747
6460	0.2438384481670451	0.7859071222850335
6461	0.24384832938805695	0.7859230460315882
6462	0.2439038022940037	0.7860124355224182
6463	0.24392603467850424	0.7860482581137895
6464	0.24392726222501723	0.7860502359870936
6465	0.2440133134794879	0.7861888728984676
6466	0.24402523206019783	0.7862080729596936
6467	0.24412216358807892	0.7863642059602592
6468	0.2441487530576911	0.7864070296792053
6469	0.24428267390308914	0.7866226807010084
6470	0.2442946141401017	0.7866419050412508
6471	0.24438913189153091	0.7867940664673707
6472	0.24442835594465856	0.786857203509982
6473	0.24454619704619104	0.7870468561101538
6474	0.24458443414322545	0.7871083847928282
6475	0.24460406595604378	0.7871399731775709
6476	0.24463631870747102	0.7871918664136296
6477	0.24468884924459985	0.7872763783785215
6478	0.24470401857009516	0.7873007813429187
6479	0.2447299057023653	0.7873424243461424
6480	0.24480137476742678	0.7874573807082955
6481	0.24485487500802064	0.7875434236437819
6482	0.2449134030897153	0.7876375419489989
6483	0.24492622695357638	0.7876581623484289
6484	0.24502785270497976	0.7878215545094659
6485	0.24507258458822084	0.7878934629337039
6486	0.24511191545770708	0.7879566835746423
6487	0.2451948842728485	0.7880900314392448
6488	0.24533622971560146	0.7883171505448097
6489	0.24544307139946142	0.7884887843146264
6490	0.2454616115705795	0.7885185640123124
6491	0.24550195999946547	0.7885833688053504
6492	0.2455393969265151	0.7886434925873941
6493	0.24558356302495285	0.7887144175395465
6494	0.2456108528895724	0.7887582382893933
6495	0.2456985991266534	0.7888991204739009
6496	0.2457188832490794	0.7889316843471593
6497	0.24582342511109367	0.7890994932180122
6498	0.24590945010686224	0.789237552361044
6499	0.24591920299235984	0.7892532029738136
6500	0.2459644824810138	0.7893258596353548
6501	0.24600253646451598	0.7893869168889195
6502	0.24601364454145688	0.7894047388019625
6503	0.24606686679107628	0.7894901235457159
6504	0.24620409181529535	0.7897102318086873
6505	0.24626089674896395	0.7898013286905011
6506	0.24628749849256767	0.7898439857370734
6507	0.24630340290612035	0.7898694880517905
6508	0.2464972485542894	0.7901802483726591
6509	0.2465161547354718	0.790210550951253
6510	0.2465197298772313	0.7902162810108098
6511	0.24661006440378921	0.790361050915023
6512	0.24663180449977304	0.7903958875841638
6513	0.24664427197996303	0.7904158649762896
6514	0.24667571442493072	0.7904662448515826
6515	0.24679318025171992	0.7906544306238094
6516	0.24693681147602292	0.7908844737422434
6517	0.2469885174597288	0.7909672708736767
6518	0.24701199642118382	0.7910048650277101
6519	0.24708969716683502	0.7911292655347516
6520	0.24710061507061318	0.7911467437580132
6521	0.24712154765175415	0.791180253170144
6522	0.24714016412140277	0.7912100536993261
6523	0.24715444462123629	0.791232912613951
6524	0.24724931219570112	0.791384751165317
6525	0.2473419256627654	0.7915329538494756
6526	0.2473631542593539	0.7915669205399061
6527	0.24752572988546961	0.791827000401545
6528	0.2476148556950733	0.7919695428979826
6529	0.24778675868760597	0.7922444018388939
6530	0.24799235447570087	0.7925730076531045
6531	0.24800015917608176	0.792585479300062
6532	0.2480878030958369	0.7927255178430942
6533	0.24813303778646262	0.7927977847153325
6534	0.24814576704881347	0.7928181197776429
6535	0.24816951596375897	0.792856057397615
6536	0.24822530011273505	0.7929451624495906
6537	0.24838033996792827	0.7931927579052528
6538	0.24851949175738083	0.7934149146529796
6539	0.2486116240237523	0.7935619702020037
6540	0.24869235466183154	0.7936908048138873
6541	0.2487706656503729	0.7938157580304545
6542	0.24883067752117952	0.7939114998172564
6543	0.24898493600234523	0.7941575478704996
6544	0.2490208495233581	0.7942148203421799
6545	0.24915638107328392	0.7944309197644336
6546	0.24918206960774375	0.7944718724383665
6547	0.2492290452872274	0.7945467556298731
6548	0.24926201380567853	0.7945993060120278
6549	0.24931832862320988	0.7946890613403884
6550	0.2494285294775576	0.7948646716512106
6551	0.24954939712099417	0.7950572353967472
6552	0.24963214400757544	0.7951890390775451
6553	0.24966086805477722	0.7952347871733428
6554	0.24970579565971726	0.7953063370069672
6555	0.24975475349902967	0.7953842978957877
6556	0.24997825338005086	0.7957401040236665
6557	0.25003294492552275	0.7958271473471512
6558	0.2500460717183748	0.7958480376362348
6559	0.25013083791660123	0.7959829233708153
6560	0.2501523829397868	0.7960172036327086
6561	0.250221119435907	0.796126560326909
6562	0.25025462924525727	0.7961798674901669
6563	0.25026465799366215	0.7961958204569648
6564	0.25047118916032884	0.7965242834151152
6565	0.2505245903669384	0.7966091895694837
6566	0.25053026929537026	0.7966182183457255
6567	0.2506166396335769	0.7967555236224352
6568	0.2507336270437706	0.7969414639700741
6569	0.25079289915809866	0.7970356547948997
6570	0.2510187638442488	0.797394480133971
6571	0.2510559322403395	0.7974535131249395
6572	0.25114667751314734	0.7975976216468166
6573	0.25143942925666357	0.7980623502497003
6574	0.25146145205488535	0.7980972993850238
6575	0.251512581959467	0.7981784342156875
6576	0.2515837976711032	0.7982914282090167
6577	0.25164690205730456	0.7983915390518741
6578	0.25167276538572364	0.7984325658475184
6579	0.25180993217952075	0.7986501172313009
6580	0.2519118522362655	0.798811727676376
6581	0.25197000572313943	0.7989039246220051
6582	0.2520262680192826	0.7989931131352028
6583	0.2520828671673436	0.7990828255909397
6584	0.2521560893118396	0.7991988713788285
6585	0.2521612567688293	0.7992070603633724
6586	0.25219740526945633	0.7992643433535963
6587	0.2522540625624368	0.7993541174949771
6588	0.2522846620051801	0.799402598475974
6589	0.2523993500567098	0.7995842811602196
6590	0.2524116917859235	0.7996038298081238
6591	0.2524314399085307	0.799635108798237
6592	0.25266019446350363	0.7999973432954665
6593	0.25271754247874273	0.8000881285829978
6594	0.2527874543969158	0.8001987893373776
6595	0.25289367852485606	0.8003668979389733
6596	0.2530414284769782	0.8006006659486282
6597	0.2530770290183893	0.8006569824477086
6598	0.2532551604662302	0.8009387091225554
6599	0.25329244574007187	0.800997665710013
6600	0.25344229465247503	0.80123456752834
6601	0.2534707475284453	0.8012795418448759
6602	0.25351268095383495	0.8013458197223826
6603	0.2537895136376198	0.8017832301604835
6604	0.2538404686657507	0.8018637158275042
6605	0.25388542533834657	0.8019347201254803
6606	0.253935094183521	0.8020131594913867
6607	0.2539571997338288	0.802048067144627
6608	0.254018559088523	0.802144953902731
6609	0.25408975597615574	0.8022573595142906
6610	0.2541899654835943	0.8024155435574368
6611	0.25428198559631354	0.8025607729082874
6612	0.25431720967901567	0.8026163578291816
6613	0.2543730045729133	0.802704396382817
6614	0.2543946963590156	0.8027386211640757
6615	0.25440478429827984	0.8027545371762649
6616	0.2544669586881068	0.8028526244127072
6617	0.2544876801152546	0.8028853121800921
6618	0.25450823769336994	0.8029177401628568
6619	0.2545291959421817	0.8029507988243514
6620	0.25459702636183834	0.8030577823499921
6621	0.2546506398873407	0.8031423326157779
6622	0.2548343209592814	0.8034319361527875
6623	0.25483728077213597	0.8034366019318289
6624	0.25491289899108366	0.8035557955176776
6625	0.2549516711994875	0.8036169035437714
6626	0.25503201627213173	0.8037435188590035
6627	0.2551876396677028	0.8039887081135108
6628	0.2552103086083003	0.8040244174596834
6629	0.25528648475368454	0.8041444026428592
6630	0.2553441561356503	0.8042352290337499
6631	0.25535132339889166	0.8042465160066604
6632	0.25538973071624377	0.804306996973327
6633	0.25548471981678017	0.8044565591645214
6634	0.2555188770745935	0.8045103336363315
6635	0.255542941916228	0.8045482172521589
6636	0.25570730787059975	0.8048069195216684
6637	0.25573167437723343	0.8048452638813949
6638	0.25581248374745397	0.8049724164953644
6639	0.2559582285729999	0.8052016935366973
6640	0.25603244767966427	0.8053184255111969
6641	0.2560711508462433	0.8053792912249976
6642	0.25614374207918233	0.8054934378846478
6643	0.2561519264552365	0.8055063064569797
6644	0.25634950444197696	0.8058169026702616
6645	0.2563678044838077	0.8058456646136312
6646	0.25637820877154366	0.8058620164428294
6647	0.2565824291451596	0.8061829108799988
6648	0.25663102386256537	0.8062592496537007
6649	0.2569263522932741	0.8067230338266492
6650	0.2569406929802055	0.8067455476733906
6651	0.25699575932455665	0.8068319920346491
6652	0.2570294622408326	0.8068848950469091
6653	0.25720537494331397	0.8071609665586189
6654	0.2572140946619625	0.8071746485372382
6655	0.2573694665834232	0.8074184013979552
6656	0.25745358340199165	0.8075503360823043
6657	0.2574657650511717	0.8075694408436307
6658	0.25759394370131944	0.8077704389852185
6659	0.2576376816017403	0.8078390133525538
6660	0.25769266279756775	0.807925207237934
6661	0.2577162324151528	0.8079621544535809
6662	0.25786833774795026	0.8082005508154142
6663	0.2579575465696061	0.8083403360735222
6664	0.2580630413517476	0.8085056093363941
6665	0.2581343297976844	0.8086172741609807
6666	0.2582537856655012	0.8088043529306979
6667	0.2583282336739221	0.8089209234084846
6668	0.25836062304829427	0.8089716333542137
6669	0.25838061334785983	0.8090029292852625
6670	0.2584210496772171	0.8090662309174612
6671	0.2585308035745265	0.8092380217715314
6672	0.2587187528033819	0.8095321221787147
6673	0.25875486311336116	0.8095886148674059
6674	0.25883462870797513	0.809713389993336
6675	0.25901788852494895	0.8099999854777203
6676	0.25918862445739604	0.8102669039540009
6677	0.25927745802405777	0.8104057463371749
6678	0.2594461170759067	0.810669286494557
6679	0.2595625348196906	0.8108511464230811
6680	0.25969120632215015	0.8110521009028911
6681	0.2598117374154651	0.8112402968326392
6682	0.2598682991943495	0.8113285967256393
6683	0.2599460357660608	0.8114499373968275
6684	0.26001526946028963	0.8115579904711405
6685	0.2600627734295319	0.8116321216273915
6686	0.26016424004350724	0.8117904401957279
6687	0.2602715975965163	0.8119579167985637
6688	0.2603262093403545	0.8120430972645925
6689	0.26038678880319654	0.8121375754064792
6690	0.26046285208561987	0.8122561861459429
6691	0.26052098227404913	0.8123468208959943
6692	0.26056262760169374	0.8124117467559897
6693	0.2606035765478395	0.8124755818850583
6694	0.2606388278454164	0.8125305309583022
6695	0.2606613274965625	0.8125656010572571
6696	0.26068815439998305	0.8126074140455315
6697	0.260803448657227	0.8127870896656422
6698	0.260953631136784	0.813021075859693
6699	0.2610499396853865	0.8131710903589839
6700	0.2610817869465926	0.8132206909878008
6701	0.26117605741492	0.813367495131564
6702	0.261216969812089	0.8134311983501129
6703	0.26151769952368936	0.8138993007172068
6704	0.261572192612562	0.8139840934039365
6705	0.26164073490380874	0.8140907344802883
6706	0.261792669782535	0.814327071581509
6707	0.26185273181356455	0.8144204801037762
6708	0.2618740605237182	0.8144536479545305
6709	0.26188040095511883	0.8144635075721969
6710	0.26212448542379285	0.8148429777257018
6711	0.2622945855027455	0.8151073223094404
6712	0.26236433448056196	0.8152156911562009
6713	0.26241749515872237	0.8152982771220542
6714	0.26254292169226373	0.815493096107664
6715	0.2625870469229283	0.8155616226345426
6716	0.2627775854498783	0.8158574630665921
6717	0.26287127164743285	0.8160028859950296
6718	0.2630235344725397	0.8162391783012894
6719	0.2631958684728647	0.8165065359912826
6720	0.2632963320463124	0.8166623540490515
6721	0.2633606679464116	0.8167621228116013
6722	0.26337615270836695	0.8167861339542746
6723	0.2633857131728037	0.8168009583486672
6724	0.2636243489720107	0.8171708983440289
6725	0.26377476527420535	0.8174039919433691
6726	0.26401682612289684	0.8177789636189842
6727	0.2642970833128943	0.8182128898357416
6728	0.2643694472902186	0.8183248946410637
6729	0.26443257268082954	0.8184225874642804
6730	0.26451530335666285	0.8185506037636123
6731	0.2646628427180425	0.8187788544473557
6732	0.2648499811494055	0.8190682753437314
6733	0.2648852172790211	0.8191227587081048
6734	0.2649643177017431	0.8192450534150727
6735	0.26499212270548117	0.8192880375315739
6736	0.2650288103640877	0.819344750008961
6737	0.26506798670347514	0.8194053052026322
6738	0.26522975585198016	0.8196553057440938
6739	0.2653823579399186	0.8198910694958099
6740	0.26542339959108424	0.8199544655381098
6741	0.26544511034794205	0.8199879996350382
6742	0.26551528247589046	0.8200963770326593
6743	0.2656178135079897	0.8202547054180748
6744	0.2656653948605854	0.8203281701457299
6745	0.2656920858948602	0.8203693777282884
6746	0.26583192129349886	0.8205852320856443
6747	0.26584595661456384	0.8206068943170296
6748	0.2659952557753109	0.8208372885005065
6749	0.26615220621768804	0.821079420219428
6750	0.2662659758470001	0.8212548910938571
6751	0.266356890610045	0.8213950851634794
6752	0.26638398750448433	0.8214368649909644
6753	0.2664362271089265	0.8215174055551755
6754	0.26646126447930524	0.8215560041958067
6755	0.26662339467508933	0.8218059068988536
6756	0.26668638284392304	0.8219029745106443
6757	0.2667136933387504	0.8219450576534985
6758	0.26680938117570396	0.8220924874511409
6759	0.26687351893836886	0.822191292081347
6760	0.2668977265159152	0.8222285809217951
6761	0.2669243818763982	0.8222696383191807
6762	0.26694917440227783	0.822307824542165
6763	0.2669774913003742	0.8223514369441435
6764	0.2670222999980626	0.8224204445423998
6765	0.26729599821692845	0.8228418276248269
6766	0.26744810514350786	0.8230759166900274
6767	0.26747776510700744	0.8231215549360672
6768	0.26750416037273755	0.8231621676131322
6769	0.267555969867898	0.8232418776847634
6770	0.2676039871285351	0.8233157464278528
6771	0.26768464836595546	0.8234398190623041
6772	0.2678210053735902	0.8236495200950259
6773	0.26788843579717564	0.8237532004254096
6774	0.268064492427942	0.824023841807197
6775	0.26810097933725685	0.8240799198425509
6776	0.26815116861464233	0.8241570513030392
6777	0.26831292628150244	0.8244055932424277
6778	0.26844172172654024	0.8246034348964271
6779	0.2685046289886478	0.824700048987177
6780	0.26863238553356245	0.8248962249327392
6781	0.2687711171493402	0.8251092007706532
6782	0.2688511665085736	0.8252320646897693
6783	0.26894323351331173	0.8253733513020528
6784	0.26913395770973414	0.825665960950927
6785	0.26915675052194155	0.8257009228169861
6786	0.2693267659704851	0.8259616626109648
6787	0.26963555604500233	0.8264350201313572
6788	0.269765709127635	0.8266344561590127
6789	0.26991750846393253	0.8268670003816722
6790	0.2699795752362665	0.8269620627883615
6791	0.2700317154607905	0.8270419130992283
6792	0.270117228179358	0.8271728551333448
6793	0.27031214747612825	0.827471249419705
6794	0.2706631010378242	0.8280082393149104
6795	0.27076102003666763	0.8281580018903765
6796	0.2708129948172364	0.8282374839092204
6797	0.27089628602042376	0.8283648404143534
6798	0.27105481229964984	0.8286071811124232
6799	0.271081212515303	0.8286475325001329
6800	0.2711598961810033	0.8287677848300932
6801	0.2711918741705389	0.8288166518392135
6802	0.2712303447324041	0.8288754366233727
6803	0.2714727507928258	0.8292457483532243
6804	0.2715279051626906	0.8293299818605928
6805	0.27170854286841395	0.8296057976333743
6806	0.2719421013263125	0.8299622822467361
6807	0.27196076086089654	0.8299907560361643
6808	0.27219842509776443	0.8303533378330062
6809	0.2722229976902967	0.8303908168774804
6810	0.27269781590715614	0.831114695663928
6811	0.2728853420243885	0.8314004128894534
6812	0.2729901274984293	0.8315600226437679
6813	0.27314178900383274	0.8317909799585759
6814	0.2731994165940845	0.8318787211678559
6815	0.27320275989585036	0.8318838112466037
6816	0.273376029804262	0.8321475669732943
6817	0.27342007815292896	0.8322146051291234
6818	0.27348286310314024	0.8323101495999168
6819	0.2735176251981595	0.8323630449163377
6820	0.2735894531172969	0.8324723303432369
6821	0.2736616769834576	0.8325822037356602
6822	0.2737851424521593	0.8327699968557535
6823	0.2739068736067195	0.8329551106031423
6824	0.2739478742551229	0.8330174500786807
6825	0.274032823186671	0.8331465959199508
6826	0.27434595088494595	0.8336224637201101
6827	0.274506511655479	0.8338663665131544
6828	0.27457617455593114	0.8339721670356604
6829	0.2746642106153703	0.8341058525953836
6830	0.2748145759807497	0.8343341376534823
6831	0.2748197342559566	0.8343419678511458
6832	0.27501745355081353	0.8346420479118526
6833	0.2751585451857737	0.8348561178005585
6834	0.27523907496923433	0.8349782762165477
6835	0.2754000367678929	0.8352223911945431
6836	0.27559548654533306	0.8355187148249423
6837	0.2757534683686312	0.8357581560811268
6838	0.2759272965915132	0.8360215353019316
6839	0.2761808985405425	0.8364056364767408
6840	0.2762532724617234	0.8365152204318206
6841	0.2764870120241187	0.8368690358965675
6842	0.27653384708954704	0.8369399129263225
6843	0.27664105140274114	0.837102126115341
6844	0.2767386248961516	0.8372497393806826
6845	0.2768551459230592	0.8374259831783707
6846	0.2769730542576267	0.8376042875981806
6847	0.27712418051043175	0.8378327696344474
6848	0.2772916251646725	0.8380858500998164
6849	0.2773327264797213	0.8381479600791366
6850	0.27752062813476674	0.8384318478191423
6851	0.27761021559735505	0.8385671655456252
6852	0.2777600447401835	0.8387934267647443
6853	0.27779605498077387	0.8388477977492522
6854	0.2781153917183042	0.839329802398751
6855	0.27829826955344916	0.8396057123214785
6856	0.27836696583427284	0.8397093317779906
6857	0.2784820820273362	0.8398829410093884
6858	0.2786049797480955	0.8400682461336366
6859	0.2786731294414851	0.8401709845930656
6860	0.27905956850083746	0.8407533199012062
6861	0.27938100554212286	0.8412373948312211
6862	0.27952980616866885	0.8414613899952623
6863	0.2796921914707121	0.8417057666596621
6864	0.27975229339793267	0.8417961971809514
6865	0.279933880608525	0.8420693578122045
6866	0.2799500198657054	0.8420936317193524
6867	0.28002458502888	0.842205770787126
6868	0.2800592457172473	0.8422578921544446
6869	0.28013191694013756	0.8423671617854718
6870	0.2801871071008149	0.8424501371385077
6871	0.2804104831232033	0.8427858871857837
6872	0.2804117537934672	0.8427877967109566
6873	0.2807355493409235	0.8432742460127381
6874	0.2809460363367776	0.843590317498706
6875	0.2810473974185758	0.8437424810907845
6876	0.28120281847998735	0.8439757464198826
6877	0.2813542566965939	0.8442029720564909
6878	0.28191682000169277	0.8450465357175093
6879	0.2821377017559248	0.8453775177682168
6880	0.28235341178743517	0.8457006251866227
6881	0.2825282272382576	0.8459623869600261
6882	0.28293533143213473	0.8465716550423809
6883	0.28299600766252203	0.8466624249417793
6884	0.28309884070975955	0.8468162380115153
6885	0.2831895446640357	0.8469518857410154
6886	0.2835551697942346	0.8474984578361254
6887	0.2844607305062158	0.8488506630234507
6888	0.2847313779040599	0.8492543823749577
6889	0.28506161632115185	0.849746732659772
6890	0.28531898169574665	0.8501302393020412
6891	0.2854250643026808	0.8502882653302346
6892	0.2854891384665546	0.8503836992272783
6893	0.28624229350074987	0.8515046681612503
6894	0.2865129735053879	0.8519071782548224
6895	0.2867212950194819	0.8522168297575038
6896	0.28760496939401464	0.8535290846024259
6897	0.2878442011971394	0.8538839965117638
6898	0.2880898587544301	0.8542482878888326
6899	0.2886914496570301	0.8551397458424708
6900	0.28901028709611626	0.8556118334780949
6901	0.28930972548515227	0.8560549607870609
6902	0.28938328388573226	0.8561637819328384
6903	0.2899035928276845	0.8569331242520933
6904	0.2921057729871585	0.8601817057756871
6905	0.29249642835614276	0.8607567069509571
6906	0.2933040377304826	0.8619442017932376
6907	0.29356781572586194	0.8623317021152466
6908	0.29373255793144126	0.862573626628331
6909	0.29464768682434156	0.8639162632575574
6910	0.29505007412217665	0.8645059680845102
6911	0.297794016189864	0.8685165832094054
6912	0.30370075582856987	0.8770877958371273
