# mode	eigenvalue	frequency_thz
1	-5.759373844462684e-17	1.207835434942755e-8im
2	-3.1726135125137485e-17	8.964554596278822e-9im
3	-2.0461832288158054e-17	7.19933515618567e-9im
4	-6.016332419194677e-19	1.2344856440125503e-9im
5	8.111855436602386e-18	4.5329427380458884e-9
6	1.6598927266181452e-17	6.484255852416259e-9
7	0.0008129245209336382	0.04537798880000652
8	0.0012981682237824075	0.05734368776202821
9	0.0016694713835424756	0.06502938118573605
10	0.002120008490993861	0.07328058571571587
11	0.0026346148693058655	0.0816918443132518
12	0.0029456909071055846	0.08638010324367978
13	0.0036647383484877966	0.09634775909907926
14	0.003920941501369693	0.0996587219023543
15	0.004187063116019655	0.10298521629909971
16	0.004282093982065269	0.10414735124818582
17	0.004511496017925873	0.10690066846048138
18	0.004731975707893888	0.1094816628317598
19	0.005003247562697865	0.11257608152749134
20	0.005149265167201445	0.11420700961515116
21	0.005311955874095102	0.11599716125892691
22	0.005341633777543298	0.11632074805377728
23	0.005455131902568933	0.1175500341859128
24	0.0061376963508426256	0.12468747524506421
25	0.006305397656008947	0.1263794241622453
26	0.00658558233293859	0.12915678429509583
27	0.007137596523374469	0.13446093562440867
28	0.007287034687121871	0.13586123251291293
29	0.007427045483422157	0.13716022014471482
30	0.007856737427255324	0.1410721389902755
31	0.008073327535700779	0.14300341797769764
32	0.008548766584267136	0.14715392870217067
33	0.0087749517777795	0.14908793553104027
34	0.008864407258797715	0.14984594055725178
35	0.009102425856822017	0.1518443744552744
36	0.009144393693124662	0.15219402033252694
37	0.009519247257407243	0.15528211421779153
38	0.009729112991390097	0.15698449321655542
39	0.009910318671917556	0.1584396745182888
40	0.010116164753343097	0.1600766837396871
41	0.010291696269905825	0.16145950329065864
42	0.010324217328875212	0.16171440259790312
43	0.01055140614623344	0.16348401758251943
44	0.010723731314617756	0.1648136182354904
45	0.010901049066727477	0.16617063479791816
46	0.011242828651457374	0.1687554967139819
47	0.011529234858137985	0.17089146575536843
48	0.011768744900530726	0.17265740381739902
49	0.011866311637674602	0.17337161972288964
50	0.012234510906966475	0.17604084233547332
51	0.012356903134949849	0.17691919428226993
52	0.01256631834042136	0.17841204056326412
53	0.012741729934238714	0.1796529403484826
54	0.01283717186426869	0.1803245302473644
55	0.01323093814280393	0.18306927061844117
56	0.013414002750724276	0.1843314024084503
57	0.013479536706925204	0.18478112826855317
58	0.013669662776882583	0.18607971497613493
59	0.01382355108723447	0.18712419397174068
60	0.013921517892086248	0.18778609316264716
61	0.014125543523994429	0.18915712978480828
62	0.014281654382753766	0.19019950886710094
63	0.014445130974153063	0.19128498168149347
64	0.014601641392370825	0.19231845917041043
65	0.014664583526830302	0.192732519380737
66	0.015019880380267676	0.19505332981142362
67	0.015116320232259532	0.19567852838127406
68	0.01537984437635415	0.19737679935757843
69	0.015558575617288442	0.19852035776446553
70	0.015623528204727124	0.19893430893887118
71	0.01578238334592847	0.19994310202275062
72	0.015889243604375304	0.20061885316023417
73	0.016086285804822274	0.20185895562971565
74	0.016354584107959123	0.2035353667283177
75	0.016401144671454995	0.203824887573581
76	0.01662232696845082	0.2051946541649788
77	0.016836126471148374	0.20651006407669067
78	0.016967296630902677	0.20731296259808557
79	0.017110590216975054	0.20818653019600206
80	0.017337006249706095	0.2095594184617977
81	0.017539173997408637	0.2107777188260467
82	0.01761272564900161	0.21121921139785702
83	0.017775087132837618	0.21219053161411208
84	0.017936867168619197	0.2131539709334507
85	0.018084643459240258	0.21403022459883486
86	0.018242429519769437	0.214961889185834
87	0.018423118125786373	0.2160238491192788
88	0.01842786131933831	0.2160516559481465
89	0.018548790168102437	0.21675939285386062
90	0.018794682837282327	0.21819140175049642
91	0.018863660987630988	0.21859142593861394
92	0.018908938012288212	0.21885360297963574
93	0.01910179553379703	0.2199668460158868
94	0.019201543938479816	0.22054042488166778
95	0.01932235170838874	0.2212331093283765
96	0.019372899014532763	0.22152229342744884
97	0.019496406211287332	0.22222730225953977
98	0.01970516763926686	0.22341390454553037
99	0.01972877067039221	0.22354766811706894
100	0.019859730343641687	0.22428839615162907
101	0.01993797186333563	0.2247297771390626
102	0.020029253718199445	0.2252436289277665
103	0.02032809333185605	0.22691774271128212
104	0.020374138204792974	0.2271745914112969
105	0.020556014445531408	0.2281863117777879
106	0.020625705008802064	0.2285727917793212
107	0.02076278316037118	0.2293310797866811
108	0.020850660069641223	0.22981588058216035
109	0.020954596675951766	0.2303879629390901
110	0.02099125029163858	0.23058937130841403
111	0.02120670326869552	0.23176972823681072
112	0.02130181520439794	0.23228888969265285
113	0.021343352441477455	0.23251525396269168
114	0.021507703237907905	0.23340875895336755
115	0.021607737270619844	0.23395093058419547
116	0.021766934094688484	0.2348111756018414
117	0.021836461447124936	0.23518589036906346
118	0.02199446434713664	0.23603522840887575
119	0.02212447087361709	0.23673178795579958
120	0.022390285674981723	0.2381496508218735
121	0.022524508398813984	0.2388624003855721
122	0.02262122314733757	0.23937465955682113
123	0.022745872116879014	0.24003326262498817
124	0.02281541194030106	0.24039990348779772
125	0.022948352415119236	0.24109926535272275
126	0.02322058689041448	0.24252511980306296
127	0.023321691589373004	0.2430525353289604
128	0.023389858982174168	0.24340748746290833
129	0.023638975595438802	0.2447002752475925
130	0.02377905991545238	0.2454242498902825
131	0.023878816968173473	0.24593850857634
132	0.023946000911185233	0.24628424414993755
133	0.02410086868180849	0.24707936692959928
134	0.024236479193037834	0.2477735236062416
135	0.024335735032727443	0.24828035963273212
136	0.024402393102024984	0.24862015976471144
137	0.02444772594086081	0.2488509860613137
138	0.02455071104379364	0.24937457283561482
139	0.02464656473586195	0.24986091694270732
140	0.024746752306499285	0.25036824059097196
141	0.024852724919710252	0.25090374182506076
142	0.0249267361285378	0.2512770587298246
143	0.025099862512773276	0.25214815981546385
144	0.025152376104790857	0.2524117924758746
145	0.025220022591395882	0.25275099116174565
146	0.02528668157069222	0.25308479349887975
147	0.025431636561461895	0.25380915661474596
148	0.025494316125625277	0.25412173691426715
149	0.02564224883433347	0.25485795082966667
150	0.025672596184602586	0.2550087171791687
151	0.025717857341810164	0.25523341021100115
152	0.025916952808166648	0.2562194535858627
153	0.02600552857790695	0.2566569177749132
154	0.026018884559814513	0.2567228165534176
155	0.026121661044643536	0.2572293537226002
156	0.026287793444909287	0.258046039889394
157	0.02640876735499175	0.25863910995185846
158	0.02658629429758999	0.2595069752350723
159	0.02667886641172249	0.2599583776302312
160	0.026732366963126045	0.2602189012735852
161	0.026895011712704274	0.26100931122028237
162	0.026998551606792397	0.2615112428928384
163	0.027072878900310758	0.2618709670683779
164	0.027104425841011682	0.2620234965182663
165	0.027246803081099193	0.2627107886821884
166	0.02729885507178875	0.2629616088381594
167	0.027347184451888506	0.2631942770515834
168	0.02743139228342399	0.26359918133760885
169	0.027530654693395794	0.26407567669833365
170	0.02762923928869587	0.2645480688284962
171	0.027726197302576475	0.2650118454696345
172	0.02779126767664187	0.26532264023691476
173	0.02796072479178175	0.2661303126468316
174	0.028020163486841686	0.2664130313685745
175	0.02809979892073428	0.26679134579968955
176	0.028219693212066615	0.26735990346620464
177	0.028314819975426946	0.26781015083083554
178	0.02833767812060326	0.26791822865602705
179	0.028386805049230926	0.2681503630617678
180	0.028512931229273984	0.26874541588001927
181	0.02859632306094048	0.2691381290970518
182	0.02867680445418438	0.2695165937090853
183	0.02882236706170863	0.27019975698894727
184	0.028872572512049492	0.27043498399481514
185	0.02894486172951386	0.2707733208705963
186	0.029088662498937923	0.2714451010786249
187	0.029154389530320186	0.2717515987350693
188	0.02926100990647047	0.272248055976453
189	0.0293195448844962	0.27252022826656425
190	0.029360184209290534	0.2727090307026163
191	0.02946700765166378	0.2732046895047817
192	0.029506360256075694	0.27338705836030214
193	0.029519848346260317	0.27344953722849047
194	0.02960674143810451	0.2738516974266392
195	0.02972939116608305	0.274418344091396
196	0.029778321796115833	0.27464407932392937
197	0.029876537802066234	0.27509662730968315
198	0.029989160802605212	0.27561464357007653
199	0.03002908481395364	0.27579804287274157
200	0.03009484544813597	0.27609986252224533
201	0.030181096351768858	0.27649522631690393
202	0.03035944800568502	0.2773109810180186
203	0.030384243632142222	0.2774242027090328
204	0.030442667798596883	0.27769079637477406
205	0.030458141091663584	0.27776135926452916
206	0.03060802006797272	0.27844392717866673
207	0.030658137403702337	0.2786717949078282
208	0.030791708920745266	0.27927819442709784
209	0.030895526357087432	0.2797486059319569
210	0.030965130695229555	0.28006355059006566
211	0.030990675651809612	0.2801790472181248
212	0.031086975739093345	0.28061402222777765
213	0.0312756391428437	0.2814642418771278
214	0.03130035216636575	0.28157542200155505
215	0.0314235487520831	0.2821290110438859
216	0.03144644003485618	0.28223175436024667
217	0.031592119312242324	0.28288473463552827
218	0.0316737747274388	0.28325008150545616
219	0.03173949190344155	0.28354377479387705
220	0.03190065284389929	0.2842627264619901
221	0.03194671619579672	0.2844678848113861
222	0.03200420083935322	0.28472370430344296
223	0.032140858476327354	0.28533094054219504
224	0.032201369665668354	0.28559940872476874
225	0.03222988429783983	0.28572583129817114
226	0.03227452055246663	0.2859236185152842
227	0.0323457561186131	0.2862389865513098
228	0.032415619513456194	0.28654794270497114
229	0.03258969522981025	0.28731631072602426
230	0.032701789434854724	0.2878100073793044
231	0.03276989310913828	0.2881095433510576
232	0.03281826994520777	0.28832212701643817
233	0.03291184977849259	0.2887329032413898
234	0.03292461339293155	0.28878888487487825
235	0.03302851420333986	0.28924419415895947
236	0.033075696143859024	0.2894507161957036
237	0.03323096511429984	0.29012931255397384
238	0.0332998532620266	0.2904298774571356
239	0.033379877639933525	0.2907786406135794
240	0.033480190979552696	0.2912152374014832
241	0.03349351197237055	0.29127316554019145
242	0.033573043508825326	0.2916187797435818
243	0.03371958939074952	0.2922545427442073
244	0.03383824368306033	0.2927682916373611
245	0.03387548782199845	0.29292936536700326
246	0.03395020523550144	0.2932522370140612
247	0.034019515982197476	0.2935514276684262
248	0.034227151354111134	0.2944458986427909
249	0.03427859582531506	0.29466709622124704
250	0.034393477711350595	0.2951604594324362
251	0.03440877778471834	0.29522610377635317
252	0.03446383854388693	0.2954622190455058
253	0.03451808495727884	0.2956946578037426
254	0.03458403742623519	0.2959770095956778
255	0.034657141380332844	0.2962896634852736
256	0.03476796373289455	0.29676300474739636
257	0.03486594261208893	0.29718086140780847
258	0.03491547727932853	0.2973918915589859
259	0.03494435853625433	0.2975148639034307
260	0.035013485122603556	0.2978089890051824
261	0.03507657859752364	0.29807719062571586
262	0.03507988260322351	0.2980912288470243
263	0.03516167396079916	0.29843853746564397
264	0.035221901691345536	0.2986940228199446
265	0.035322439917093974	0.2991200186702704
266	0.035419542445391215	0.2995308817917301
267	0.03552279461060218	0.2999671480959907
268	0.035551902178480935	0.3000900202732975
269	0.03561141249516866	0.30034107554715767
270	0.03564598373435834	0.30048682439122143
271	0.03571934551311235	0.3007958762836046
272	0.03575172166402184	0.3009321666714082
273	0.03576870886251277	0.30100365116391825
274	0.03586893066454188	0.30142505337862424
275	0.0359147703026212	0.3016175988964253
276	0.03595054010126968	0.3017677615692555
277	0.0360027406653951	0.3019867670878384
278	0.03605871407050842	0.30222142509702665
279	0.03609352627506858	0.3023672768868831
280	0.03624812783088938	0.30301415882404265
281	0.03635270036221289	0.30345092809907176
282	0.03638080009944512	0.3035681854709462
283	0.036467953708397796	0.3039315809530885
284	0.0364771866070341	0.303970052975797
285	0.03659959872400526	0.3044796653650422
286	0.036743472802041495	0.30507753755067907
287	0.03680998707950043	0.30535354353777455
288	0.03682938911914198	0.3054340067700902
289	0.036900882951157454	0.30573031986338456
290	0.03700667998906397	0.3061682797278706
291	0.03709688282841339	0.30654119131508595
292	0.037180078248254464	0.30688473150882395
293	0.037204980920232805	0.3069874877552541
294	0.037344259875197364	0.307561563516544
295	0.03738650453793696	0.3077354746101947
296	0.03746918652841743	0.3080755723230403
297	0.03750926672203183	0.3082403000560513
298	0.037526450489455465	0.3083108975855857
299	0.03757736435642176	0.308519976503459
300	0.03766688812554618	0.3088872646420835
301	0.037725762267522285	0.3091285690483714
302	0.03778520077181941	0.3093719956495394
303	0.03783973262693574	0.30959515903012974
304	0.03791795311843656	0.30991498401103246
305	0.03793432805214178	0.3099818954490726
306	0.038077662745441956	0.31056697590999577
307	0.03817739992345546	0.3109734454084529
308	0.03820327357979541	0.3110788043026472
309	0.03824015613837965	0.31122893036908506
310	0.038314075566775595	0.31152959281299514
311	0.0383867252177526	0.31182480804772245
312	0.038412579132063314	0.3119297992241448
313	0.03844074489827792	0.31204413848575396
314	0.038545214469510654	0.3124678685540412
315	0.038628151454995575	0.3128038534244817
316	0.03867301630679384	0.31298545447743636
317	0.03869988985262328	0.3130941810402639
318	0.03874269499130937	0.3132672866487215
319	0.038807303725050944	0.3135283858260955
320	0.038924598293998684	0.31400184606596626
321	0.03896378521259475	0.314159865287174
322	0.039020512127192285	0.3143884729289386
323	0.03911310449649657	0.31476126051664133
324	0.03917258994833396	0.3150005230659445
325	0.03933002164161997	0.3156328700715759
326	0.03935708442254457	0.31574144405595916
327	0.039407016407824944	0.31594166976016563
328	0.03948647967997839	0.3162600536120206
329	0.03955882926282166	0.31654965668119783
330	0.03961193359456997	0.3167620557907189
331	0.03966928619594725	0.31699128667082566
332	0.03971938200316533	0.31719137754255045
333	0.0397640789798649	0.31736979810938337
334	0.03983945474640769	0.31767045471550914
335	0.03988162408199282	0.3178385344385852
336	0.03997863305986653	0.3182248585288475
337	0.040104749471705406	0.31872639863827
338	0.04012850700229486	0.31882078934243885
339	0.04019238480355999	0.31907444284650566
340	0.04038750098710927	0.31984798755753263
341	0.040418737718113835	0.31997165297662444
342	0.040487033700678285	0.32024186867653537
343	0.04051673174563382	0.3203592990380243
344	0.04055174608488466	0.32049769552619045
345	0.040614797871824364	0.32074676129267654
346	0.04066587676488078	0.32094839028631433
347	0.040753420719534604	0.3212936673124906
348	0.04079752739608124	0.3214674854040512
349	0.04090210083913527	0.3218792192698841
350	0.04095270727917935	0.32207828149064044
351	0.04098939096591434	0.3222225011882398
352	0.041015060936528895	0.3223233827496788
353	0.0410568935354191	0.3224877149258438
354	0.04112531518660475	0.32275631728174514
355	0.04116744057592477	0.32292157748127315
356	0.04119645040786414	0.323035335475476
357	0.04125085102987048	0.3232485519706391
358	0.0413792403472591	0.32375120121993145
359	0.04141152053278856	0.32387745669701645
360	0.04146315107283827	0.3240792937574402
361	0.04150150046090182	0.32422913005638276
362	0.04159313968812411	0.3245868969189218
363	0.04162971728221714	0.3247295887037308
364	0.041679176321923625	0.3249224322678558
365	0.04173663312147456	0.3251463159323501
366	0.04179311981548229	0.3253662693517134
367	0.04185235021346423	0.3255967468859018
368	0.04193201598809253	0.32590648558640223
369	0.04196825455569849	0.32604728293821894
370	0.04200153995233492	0.32617655281465946
371	0.0421271637681749	0.32666397482585774
372	0.04220715599921069	0.3269739670636901
373	0.04226441148944259	0.32719566774091796
374	0.04237381283545685	0.32761886672668394
375	0.042376026927229436	0.3276274258899214
376	0.042410258106593095	0.3277597272172877
377	0.0424846039612447	0.32804688542252763
378	0.04256953925469143	0.3283746376429232
379	0.04259784629498821	0.32848379749669987
380	0.04262768922665695	0.3285988409092155
381	0.04267774943891282	0.3287917308052356
382	0.04277918657844971	0.3291822375555378
383	0.04281631388145632	0.3293250523104111
384	0.04291277871316848	0.3296958270172112
385	0.04294982713246945	0.3298381164980581
386	0.04302960729247728	0.3301443148096535
387	0.043080366551376724	0.3303389824195633
388	0.043182519083998915	0.33073040182906605
389	0.04322983414160882	0.3309115427649592
390	0.043264624839311754	0.33104467221493084
391	0.043323205708978574	0.3312687158158438
392	0.04332714564047854	0.3312837787175187
393	0.043380129933392825	0.3314862784840686
394	0.04342862967665457	0.3316715304455609
395	0.04349307753861914	0.3319175386290905
396	0.043572333373037	0.3322198215391544
397	0.04361617549780761	0.3323869179479313
398	0.04370076703899919	0.33270908629009577
399	0.04373768350845402	0.3328495855631327
400	0.04376872791708685	0.3329676906477267
401	0.043847938173734474	0.33326884783812805
402	0.04387872303585544	0.33338581839377834
403	0.04391820396185451	0.33353577058534806
404	0.04397923813276201	0.3337674514103941
405	0.04402042909623547	0.33392371816088223
406	0.04414312231373972	0.3343887484665956
407	0.04415103464361435	0.3344187154851979
408	0.044205910601202915	0.33462647786932115
409	0.044311621386751016	0.3350263396200472
410	0.04434324523393999	0.3351458673174229
411	0.044368082955262005	0.3352397158199674
412	0.04443520732222932	0.335493211661459
413	0.044472251833297026	0.335633028639426
414	0.04452178410342917	0.335819887171195
415	0.04462453436612515	0.3362071773113448
416	0.044645446956118856	0.3362859472011283
417	0.04467598653974022	0.336400945233509
418	0.04469894618310057	0.3364873748152378
419	0.04475861294756585	0.336711881421039
420	0.04479525457216249	0.3368496777636809
421	0.04486913025948809	0.3371273271504638
422	0.04489932292267479	0.3372407354115559
423	0.044946113177298366	0.33741641145697504
424	0.045025966468097756	0.33771601304810944
425	0.04506439332317213	0.33786009209455203
426	0.04512061291014132	0.3380707732229724
427	0.04516284980924999	0.3382289683378587
428	0.04518530533311087	0.3383130436878457
429	0.045338553021616095	0.33888625888225893
430	0.045342965214034275	0.338902748105078
431	0.04541226061272627	0.33916161334774547
432	0.04545123351452169	0.33930711675733677
433	0.045517545557442675	0.33955454620605124
434	0.045558200815685075	0.3397061536407504
435	0.045601864143843554	0.33986890314311025
436	0.04567449174756863	0.3401394408079247
437	0.04572726754956735	0.3403358956403637
438	0.04578776496461889	0.3405609543149208
439	0.04587176839482026	0.3408732121748695
440	0.04594415185525605	0.3411420469916659
441	0.04597666283632607	0.34126272504153915
442	0.04599654702389309	0.3413365124599124
443	0.04602418148289438	0.34143903356339234
444	0.0461007462891159	0.3417229207421755
445	0.0461270281389276	0.3418203142937337
446	0.04617552025070512	0.34199994037715087
447	0.046218305397315335	0.34215834822554547
448	0.04630128418011952	0.34246536025236085
449	0.04635758122509783	0.34267349628129656
450	0.046406301747900204	0.3428535191297308
451	0.046422970629578335	0.342915089125859
452	0.046492689260725945	0.34317248972783615
453	0.046538098723359365	0.3433400373079232
454	0.04659538035690123	0.3435512731623068
455	0.046679418177993384	0.34386094221226987
456	0.046742545762417806	0.34409337630725234
457	0.04677272293290243	0.3442044324008085
458	0.04684048396439604	0.34445367175037633
459	0.04695887014006565	0.34488868880924906
460	0.04697047377425569	0.34493129753233526
461	0.047010742004066984	0.34507912228221976
462	0.04704175524856782	0.3451929288110196
463	0.04713748818130007	0.3455439949596333
464	0.04715725502490974	0.3456164383423704
465	0.04723606909317528	0.345905132687624
466	0.04728876486227737	0.3460980218986351
467	0.04740504973071468	0.34652329470757653
468	0.04748052613224569	0.34679904517395177
469	0.04750829533191877	0.34690044384243857
470	0.04753766944135471	0.34700767055861864
471	0.04754711974468316	0.34704216073051203
472	0.047622071715034395	0.3473155868707536
473	0.0476479124489617	0.3474098044487103
474	0.047679686705211034	0.34752562115394076
475	0.04774602701342958	0.3477673062872471
476	0.04778018593123704	0.34789168554583577
477	0.04785928254727756	0.34817952113956263
478	0.047914765168674	0.34838128259539203
479	0.04810620769000626	0.3490765641438844
480	0.048118579286939835	0.3491214477164524
481	0.048218010808754076	0.34948197126999003
482	0.04823447706225296	0.3495416395082839
483	0.04833849506735911	0.3499183310933665
484	0.048377627227595636	0.35005993966039917
485	0.04847458785135858	0.35041056702714635
486	0.04851108263284387	0.3505424479941618
487	0.0485412665381115	0.35065148591013073
488	0.048639590269665044	0.3510064408135513
489	0.04864840509573106	0.351038245363479
490	0.04875528782423298	0.35142365717468715
491	0.0488023335106614	0.3515931667964099
492	0.0488257193161874	0.35167739744737175
493	0.048934413755500276	0.3520686269843066
494	0.04901661946007346	0.35236422575074855
495	0.04905489332211595	0.35250176795879434
496	0.04906570830155431	0.35254062330039243
497	0.049128413484132105	0.35276582198402723
498	0.049190619158703555	0.3529890847810199
499	0.04925308965774082	0.35321315603644543
500	0.04928703148055349	0.35333484011460714
501	0.04935033105811709	0.353561662149533
502	0.049404599927524995	0.35375600856249995
503	0.04950444105248373	0.3541132786525859
504	0.04952683509200572	0.3541933636911851
505	0.049585720664638046	0.35440386253664297
506	0.049615630240905324	0.3545107327326762
507	0.0497149662306996	0.3548654401662014
508	0.04980895790112897	0.35520073804391905
509	0.04981150556624034	0.3552098219616995
510	0.049888009844386495	0.3554824963602511
511	0.0499182248406803	0.3555901302036494
512	0.0499691583805627	0.3557714952915598
513	0.050060238261529826	0.3560955839317752
514	0.05009368175387954	0.35621451156780715
515	0.05019213538411463	0.3565643899919202
516	0.05020675914211076	0.35661632971873236
517	0.05024847452996539	0.35676445021040765
518	0.05026859614297435	0.3568358748432163
519	0.05033903054272415	0.3570857796020165
520	0.05042697816711737	0.3573975768372083
521	0.05044407441990825	0.35745815593344443
522	0.05051611443002574	0.357713310796187
523	0.050541459267715604	0.3578030351249702
524	0.05059069287646299	0.3579772648262952
525	0.05062017798271394	0.35808156721502776
526	0.050648249852351425	0.3581808421114439
527	0.050693926273765316	0.35834231592537064
528	0.050727888773788435	0.35846233191275867
529	0.050762651388170536	0.3585851337287362
530	0.05083084773399194	0.3588259208770779
531	0.050907871935482275	0.35909768319351915
532	0.05093724497949306	0.35920126512115397
533	0.051016515654726306	0.35948065849329913
534	0.05105675249085198	0.3596223921384319
535	0.051075602803994716	0.3596887728695126
536	0.05112456255750567	0.35986112575941415
537	0.05114792754763217	0.35994334838171205
538	0.05121877536565899	0.36019255081667695
539	0.05127999682873968	0.3604077544136215
540	0.05134288921916875	0.3606286978701689
541	0.05136185845928276	0.3606953109954146
542	0.05139534876348742	0.36081288683425944
543	0.05144751846860439	0.36099596495326075
544	0.05151541500442704	0.3612340939708826
545	0.051521847378110455	0.3612566456687695
546	0.05157998949295464	0.36146042623956615
547	0.051633124738394494	0.36164655796283013
548	0.051658368651367595	0.3617349533359193
549	0.051696093844102564	0.36186701354848416
550	0.05175611876532977	0.3620770365491587
551	0.05184058935761594	0.3623723870635425
552	0.05194500914246823	0.3627371573345417
553	0.05200591071978319	0.3629497359258969
554	0.052030935522365526	0.3630370495888149
555	0.052079658757691286	0.36320698887968356
556	0.052108281125861265	0.36330678231573427
557	0.05218284282372618	0.36356661709201105
558	0.05221300785682563	0.36367168433246433
559	0.05226650379519374	0.3638579403835325
560	0.05228458890720762	0.36392088550130075
561	0.052350549685260414	0.3641503693623907
562	0.05238865904083171	0.3642828895681997
563	0.05242693979223618	0.3644159572634905
564	0.05245465560427852	0.36451226986253
565	0.05255844560635367	0.3648727148293458
566	0.05259964761258725	0.3650157036731075
567	0.05260601507234193	0.3650377965251788
568	0.05265325390521148	0.3652016569698238
569	0.052690948986628475	0.36533235965378763
570	0.05276618691705056	0.36559309746547386
571	0.052801914915479066	0.3657168481102278
572	0.05282643442019493	0.36580175180376634
573	0.05285558527204566	0.3659026668296806
574	0.052906572150591163	0.3660791073869531
575	0.05293801803319762	0.3661878837651718
576	0.053007708765762454	0.3664288401644789
577	0.05308085808824423	0.3666815843518208
578	0.05313977466884077	0.3668850252393358
579	0.053189495928737084	0.3670566266498041
580	0.05324342725387174	0.3672426674693886
581	0.0532813628176361	0.367373473070163
582	0.05330012327076094	0.36743814377192396
583	0.05338245236425695	0.36772181269087034
584	0.05343065954667691	0.36788781136138915
585	0.053481727311519185	0.36806357862170014
586	0.053507590532932865	0.3681525637734933
587	0.05354292030036324	0.3682740848327144
588	0.053563698563582327	0.36834553548940463
589	0.05360638845819475	0.3684922906673979
590	0.05367235144549809	0.36871893696977076
591	0.05373137642651698	0.368921626505823
592	0.053761922127985244	0.369026475567035
593	0.0537900652318248	0.36912305127729683
594	0.05385386965131225	0.36934190862521926
595	0.05387399251100876	0.36941090572153573
596	0.05394166031217595	0.3696428300519069
597	0.05399010842303846	0.36980879154945867
598	0.05403820631383292	0.3699734797089691
599	0.054115746867807075	0.37023882590262525
600	0.05423884130493787	0.37065966877664097
601	0.054265102173566226	0.3707493892307237
602	0.05433773752885958	0.37099743546193603
603	0.05440953874974094	0.37124247027591395
604	0.0544369146087863	0.37133585283086973
605	0.05447336722044605	0.37146016090782435
606	0.05452750612987481	0.3716447047938728
607	0.05453419095579782	0.3716674850766539
608	0.05459980998628725	0.3718910249108312
609	0.05464388515524701	0.3720410973487647
610	0.05467385307925582	0.3721431011785603
611	0.05475732617467854	0.3724270768561709
612	0.0547699051760152	0.3724698518783164
613	0.054866007437169226	0.37279648661113995
614	0.05487998764958571	0.37284397906009203
615	0.05492390521508095	0.37299313293191805
616	0.054939770377419705	0.37304699990758855
617	0.054985907501227935	0.3732036050736184
618	0.05501767145634499	0.37331138460836377
619	0.055082041047500856	0.37352970425045473
620	0.055115005004824476	0.3736414573314907
621	0.0551568274240232	0.3737831939269565
622	0.05523794711617382	0.3740579562620515
623	0.05530298518579477	0.37427810248249227
624	0.05533684936244513	0.3743926774917704
625	0.055365738569392635	0.37449039263450046
626	0.055426760425925134	0.374696709811941
627	0.05546684255633751	0.37483216719798235
628	0.05549288463043639	0.3749201500461985
629	0.05553622418580735	0.37506652648152955
630	0.05559907427729189	0.37527869700864447
631	0.05565495959840631	0.3754672550311725
632	0.05567140487501676	0.3755227236439166
633	0.05568503597280682	0.37556869404546767
634	0.055777124990742076	0.3758791137514031
635	0.0558100568503346	0.37599006041304533
636	0.055880413026740336	0.3762269791046577
637	0.05590882616353052	0.37632261574678944
638	0.05594522261001078	0.3764450881582618
639	0.05597457942973475	0.3765438435183443
640	0.05601445681577024	0.37667794824019657
641	0.05607376651728955	0.37687731414809433
642	0.05607970562337379	0.3768972722784584
643	0.056108975049058436	0.3769956155876889
644	0.05618422517507044	0.377248333287671
645	0.056246393464777035	0.3774569897164873
646	0.05627373502734054	0.37754872013144936
647	0.05632438095175872	0.3777185773802469
648	0.05636790904202218	0.3778645016919097
649	0.056402049229087294	0.3779789144158512
650	0.05643135100686681	0.3780770847501831
651	0.05644944730932557	0.37813770042516226
652	0.056489567971129015	0.3782720546199862
653	0.05654555421366523	0.3784594590118092
654	0.05662584226948097	0.3787280477292002
655	0.05665590585816792	0.3788285708556776
656	0.05666602715871888	0.37886240728047904
657	0.05669097199564565	0.37894578723144695
658	0.05675642482455249	0.3791644809485164
659	0.05682872240265095	0.3794058981061133
660	0.056878952290688276	0.379573536104013
661	0.05691036675517292	0.3796783415980675
662	0.05695831062632724	0.3798382370470943
663	0.057014487280711235	0.3800255036849173
664	0.05702835210581377	0.38007170831732107
665	0.057064643747800924	0.3801926238978606
666	0.057112082475250896	0.3803506210942406
667	0.05713452494484284	0.3804253440642028
668	0.057184986583242524	0.38059330423654447
669	0.057248126935133724	0.38080336081693983
670	0.057277808678669336	0.3809020666053052
671	0.0573813875978879	0.38124631514504304
672	0.05741222327134888	0.3813487386697868
673	0.057433392037765325	0.38141903675196254
674	0.057453285422092125	0.38148508768755096
675	0.05748417794360075	0.3815876358048427
676	0.057517594401574036	0.3816985311420954
677	0.05756342623531252	0.38185057557524427
678	0.057612662669866935	0.38201384714807524
679	0.05768090844495779	0.3822400397403477
680	0.057689048544263266	0.382267010207688
681	0.057741971028763196	0.38244231109076
682	0.05776533796378687	0.3825196863565709
683	0.05781512785229399	0.382684504143161
684	0.05784224937982337	0.38277425376206714
685	0.057873396154231094	0.38287729763512407
686	0.05790502856729062	0.38298191978567275
687	0.058014286207393594	0.38334306269742924
688	0.05806895750965248	0.38352364691723567
689	0.05809206548832421	0.3835999490856089
690	0.05812265424414069	0.3837009293214512
691	0.058142686599722604	0.38376704615121715
692	0.05818831530012025	0.3839176012635774
693	0.05819575695392404	0.3839421499253202
694	0.05824044511132059	0.3840895350232437
695	0.058317121708564186	0.3843422888574693
696	0.058337260426209646	0.3844086458079968
697	0.0583972581024675	0.3846062699194415
698	0.05842168581387382	0.3846867023659665
699	0.058440885842803256	0.38474990996574127
700	0.058489393017562785	0.3849095521388538
701	0.05854795178977839	0.3851021869979739
702	0.05859170099936757	0.38524604147626945
703	0.05862923221145552	0.3853694073794331
704	0.05863787746127228	0.38539781890611546
705	0.058674362542591875	0.38551769947466435
706	0.05872675634457283	0.38568978682237526
707	0.058764878276597474	0.3858149499967691
708	0.05879344606878948	0.3859087180979564
709	0.058860607324223525	0.38612907188070394
710	0.058912538828618626	0.38629937119912616
711	0.058948781294026066	0.38641817688380287
712	0.058953923117756324	0.3864350292324276
713	0.05898609672228287	0.38654046167278805
714	0.059059131980701236	0.3867796904971102
715	0.05908761673305531	0.3868729529208163
716	0.05911504605526206	0.3869627384988231
717	0.05915323623262993	0.3870877133621042
718	0.05918137149032416	0.3871797583503284
719	0.05920884741603332	0.3872696252084661
720	0.0592794168155508	0.38750034449838694
721	0.05932684334686784	0.3876553234429232
722	0.05935733397943155	0.3877549270714662
723	0.05937515543509011	0.3878131325042417
724	0.0594045644686272	0.3879091642317466
725	0.05942927653057259	0.38798984017517457
726	0.05945126297641644	0.3880616038686402
727	0.05953831478982174	0.388345610528159
728	0.05960979432274967	0.38857865740234965
729	0.05965148203759473	0.38871450861002765
730	0.05968180246228429	0.3888132864716867
731	0.05971993440597317	0.3889374770816973
732	0.059772889863890594	0.3891098801375198
733	0.05978596213614758	0.38915242678556666
734	0.059800853940261446	0.3892008898417288
735	0.05984469986357648	0.3893435445398269
736	0.05992246030495373	0.38959641319438065
737	0.059944148123793554	0.3896669104001934
738	0.05998576520132609	0.3898021528285241
739	0.06000817560080218	0.38987496015362677
740	0.060032906227287956	0.3899552896980724
741	0.060115365163855294	0.3902230117380983
742	0.06013227553104082	0.39027789246951133
743	0.06015858019625674	0.3903632460232921
744	0.06019831228886618	0.3904921336111272
745	0.060212351736835625	0.39053766623634584
746	0.06022885773387372	0.3905911915651367
747	0.060281544066653446	0.3907619927376444
748	0.06032462726466209	0.39090160652492323
749	0.06039433720167605	0.3911274003660113
750	0.06040669739841436	0.3911674220345738
751	0.06044946334846125	0.3913058643544335
752	0.06048805306271958	0.3914307453002777
753	0.06052448702967272	0.391548613434877
754	0.06058008349129064	0.39172840612503423
755	0.06063629747645747	0.39191011195574915
756	0.06066316489125015	0.39199692831691485
757	0.060686874948423085	0.39207352637782367
758	0.06070216772094926	0.3921229234968207
759	0.06079149453920623	0.3924113334317597
760	0.06080472834758548	0.39245404346742346
761	0.06084437200307177	0.39258195932366724
762	0.06089315215434613	0.39273929820312925
763	0.06092330286220253	0.39283651687222826
764	0.060967895284674646	0.39298025766443073
765	0.06101099445076835	0.39311913509406454
766	0.06104591609032951	0.39323162630123315
767	0.06108382253684825	0.3933536958950172
768	0.061099843013699154	0.39340527502336553
769	0.06115945719951241	0.39359714799903456
770	0.06118966056355625	0.39369432422613476
771	0.06125781541840627	0.3939135174020333
772	0.0612934442986874	0.39402805509268185
773	0.061305186332682844	0.39406579541962466
774	0.061337432097757126	0.3941694186474253
775	0.06139125774349412	0.39434232913840983
776	0.0614582029727565	0.39455727948811986
777	0.06150822215385825	0.394717806620073
778	0.061544782211026564	0.39483509794552396
779	0.06156380505031202	0.3948961129012087
780	0.06157295440810328	0.39492545572362975
781	0.06165068944211171	0.3951746711518717
782	0.06166250105656537	0.3952125249646443
783	0.06171252028200514	0.3953727861994729
784	0.06175097297643271	0.3954959442017184
785	0.0617958471102615	0.3956396206005024
786	0.061804372274347645	0.3956669102689986
787	0.061872990818917645	0.39588649469989123
788	0.06192157316259472	0.3960418881885432
789	0.0619498119601724	0.3961321836330033
790	0.06198999005816446	0.3962606203258317
791	0.0620383057188485	0.39641501512843763
792	0.06205940933039816	0.3964824337746017
793	0.06209437470924075	0.39659411068639544
794	0.062101441021155085	0.3966166761601404
795	0.06217044399896223	0.3968369619793937
796	0.06219197783457662	0.3969056817883486
797	0.06223636947957914	0.397047309002718
798	0.06227729627182116	0.3971778371990962
799	0.06231096233802292	0.3972851765471308
800	0.06234004054838276	0.39737786484831644
801	0.06238645948404273	0.3975257828230259
802	0.06242536411113516	0.397649713417158
803	0.06244500270998111	0.39771225745854094
804	0.06249646810866095	0.39787611528035394
805	0.06253907399563474	0.3980117147560869
806	0.06258969629875277	0.39817276762090414
807	0.06262151898684905	0.3982739769122924
808	0.06266457349429434	0.39841086710449847
809	0.0626826177549796	0.3984682241700568
810	0.06271640020728202	0.3985755858361231
811	0.0627549006581215	0.3986979061970203
812	0.06276453849189294	0.3987285208309448
813	0.06282935204714456	0.39893434043391646
814	0.06286711304893558	0.3990542039778577
815	0.06288230458050059	0.3991024158175476
816	0.06292652009801637	0.3992427050375407
817	0.06294141901155516	0.39928996595779137
818	0.06296953986661348	0.3993791530270294
819	0.06300583279609571	0.3994942289156927
820	0.06301149847293797	0.39951219038227564
821	0.06305190037656035	0.39964025007685294
822	0.06306638708050534	0.3996861577929261
823	0.06309843510814207	0.39978769782678253
824	0.0631338405591081	0.3998998454471463
825	0.06315230563670708	0.39995832154941724
826	0.06319491824314157	0.40009323659581536
827	0.06323782678024648	0.4002290426292779
828	0.06330247826425418	0.4004335783698744
829	0.06332009545141373	0.40048929516593085
830	0.06334579061240882	0.4005705457789853
831	0.06339549209009933	0.40072765996300663
832	0.06340724358405199	0.4007647992792763
833	0.06345011301788932	0.4009002542851001
834	0.06348454502466201	0.4010090163299609
835	0.06350352686668656	0.40106896258060215
836	0.0635170633101161	0.40111170633285814
837	0.06354586228169104	0.40120262910962284
838	0.0635699188110525	0.40127856347582963
839	0.06358880545729066	0.40133816905327985
840	0.06361601073709294	0.4014240123832094
841	0.0636546912711665	0.4015460330463685
842	0.06367382798910626	0.4016063875588996
843	0.06369478713500382	0.4016724793471533
844	0.06375176856577437	0.40185210751621275
845	0.06380756082222888	0.4020279091702737
846	0.06384245305696545	0.4021378156987207
847	0.06387112358116606	0.40222810207785664
848	0.06392146061607602	0.4023865694828194
849	0.06394988116996611	0.4024760134519504
850	0.06400445966510915	0.4026477248755481
851	0.06402050562849088	0.402698193747541
852	0.06405887360206507	0.4028188457110442
853	0.06410173606072063	0.4029535883152496
854	0.06412403606991457	0.4030236729018834
855	0.06415640987816028	0.4031253957934358
856	0.06417939256526085	0.40319759493347945
857	0.06419784069174124	0.40325553959050925
858	0.06422686714351558	0.4033466933938172
859	0.06424287568355047	0.40339695732288067
860	0.06427264714411758	0.40349041769039523
861	0.06431820628126642	0.4036333977888234
862	0.06432467209767098	0.40365368562028436
863	0.06440991962826458	0.403921072033228
864	0.06442020265925286	0.40395331370625026
865	0.0644633925307769	0.4040887042183962
866	0.06448935300207646	0.40417006262082905
867	0.06449522923894219	0.404188476086089
868	0.06455947142863863	0.40438972732791645
869	0.06457340172267487	0.4044333534902441
870	0.06460819543409041	0.4045422980554611
871	0.06465285746304152	0.4046820988837565
872	0.064669764529048	0.4047350086852751
873	0.06470987171263475	0.4048604944154765
874	0.06472966641053109	0.4049224129310192
875	0.06478209656637703	0.4050863705805792
876	0.06478825354205796	0.40510562009399836
877	0.06483132960054468	0.4052402699172353
878	0.06484340528289938	0.40527800880795506
879	0.0648858767699246	0.4054107126813366
880	0.06490317743353144	0.4054647568527572
881	0.06496819470756919	0.40566779478877785
882	0.06499385096961792	0.4057478869936081
883	0.06503873355544355	0.4058879607944003
884	0.06506456698910704	0.40596856229241135
885	0.06509765374818025	0.4060717711311649
886	0.06510312232375133	0.4060888269496569
887	0.06513437899033475	0.40618629892544317
888	0.06514812278182994	0.4062291506838377
889	0.06518095207538491	0.4063314908266022
890	0.06524498933645016	0.4065310427441351
891	0.06524933008045791	0.40654456575836356
892	0.06525920219442519	0.40657531934989666
893	0.06530065778446759	0.4067044363426578
894	0.06531998687623841	0.4067646244478982
895	0.06533906236536914	0.4068240141396381
896	0.06536983415685906	0.4069198008688311
897	0.06538914878937704	0.4069799121269434
898	0.065406102862083	0.4070326695029805
899	0.06545972696607834	0.4071994910175892
900	0.06549178561170159	0.40729919099235234
901	0.06553261128310583	0.40742612044001575
902	0.06558386568475243	0.4075854174684
903	0.06559760678678474	0.40762811378873703
904	0.06562841406322317	0.40772382183756317
905	0.06564287535156255	0.40776874054435575
906	0.06571341765695453	0.4079877835330014
907	0.06576450997906493	0.4081463584009999
908	0.06581538774858944	0.40830420616468627
909	0.06583987817647607	0.4083801657161261
910	0.0658540035850679	0.40842397068278435
911	0.06588322247630789	0.4085145678484994
912	0.06591087971739644	0.4086003043985097
913	0.0659341253716287	0.40867235126028395
914	0.06602508122761884	0.4089541350315358
915	0.06606513367656605	0.409078157077354
916	0.06611939126498488	0.4092461052653479
917	0.0661386214063329	0.4093056134381104
918	0.066172910779829	0.40941170133461297
919	0.06621824077956386	0.40955190564864064
920	0.06624211797719422	0.40962573780049905
921	0.06626120654695372	0.40968475317086395
922	0.06629955414522273	0.40980328522581017
923	0.06632360457372144	0.4098776073768274
924	0.06633585442523285	0.4099154574608377
925	0.06634877669833096	0.40995538143251686
926	0.06638977992391389	0.41008203709653834
927	0.06643536020251987	0.4102227850129296
928	0.06650434538604709	0.4104357134254324
929	0.06652914636127871	0.410512236674151
930	0.06653707037745418	0.4105366831681106
931	0.06657598276158286	0.4106567111921638
932	0.06658613625492193	0.41068802459562126
933	0.06660397493482839	0.4107430333558169
934	0.06660936364212444	0.41075964894982187
935	0.06666072078593364	0.4109179703668444
936	0.06669557828574671	0.41102539270577204
937	0.06670307824951817	0.4110485021005498
938	0.06675325420777779	0.4112030742421327
939	0.06677195297165588	0.41126066282640833
940	0.06681314348738926	0.4113874932270989
941	0.06683809924847736	0.4114643159072263
942	0.06685601087000527	0.4115194453879081
943	0.06687774375012465	0.4115863262559044
944	0.06693216961616721	0.41175376900531735
945	0.0669495080437502	0.4118070968793879
946	0.06699701359044406	0.41195317451839847
947	0.06701328132816378	0.412003185250823
948	0.0670612362751164	0.412150574373656
949	0.0670984952638946	0.41226505318505385
950	0.06711899643150851	0.4123280297795804
951	0.06713506865330647	0.41237739457362704
952	0.06719723215998039	0.4125682701775262
953	0.06722056585224381	0.41263989444825694
954	0.06723615026862934	0.4126877248939519
955	0.06724650521296342	0.412719502396685
956	0.06727778463831155	0.4128154785961795
957	0.06730731934376062	0.4129060809088239
958	0.06734954993059142	0.4130355952912671
959	0.06740048521050133	0.41319175154992704
960	0.06740622113116802	0.4132093329121238
961	0.06741726417161079	0.41324317919828846
962	0.06745522774276044	0.41335951422828815
963	0.06747390180562295	0.4134167267502353
964	0.06753142913830648	0.4135929259464083
965	0.06756547300738498	0.41369716281443225
966	0.06762001710319517	0.4138641133626632
967	0.06763649130482427	0.4139145249561718
968	0.06766962428614491	0.4140158943710344
969	0.06768026074616422	0.41404843105587286
970	0.06771768990428176	0.414162905660252
971	0.06774791086935458	0.4142553114007943
972	0.06777069401037415	0.41432496110440753
973	0.06780248406172952	0.41442212602005346
974	0.06782171203071562	0.4144808844197952
975	0.06783472875481653	0.41452065726179826
976	0.06786721163545993	0.41461989266634836
977	0.06791349111827472	0.4147612357659808
978	0.06794401054251464	0.41485441940378553
979	0.0679689458072796	0.41493053763537857
980	0.06799070636100608	0.41499695322846697
981	0.06799470661422984	0.41500916128285814
982	0.06801965423114886	0.41508528882701384
983	0.06806148624047878	0.4152129076969167
984	0.06809766544728207	0.41532324967376155
985	0.06813608972381985	0.41544040673614374
986	0.06818432492354358	0.41558743091841166
987	0.06819599893824013	0.41562300629542703
988	0.06824064851518892	0.4157590432711322
989	0.06827330938321781	0.4158585252305676
990	0.06829609283059923	0.41592790739906593
991	0.06834211419704898	0.41606802044430724
992	0.068361805097287	0.416127955404872
993	0.06836795743408566	0.4161466800547732
994	0.06838653197629771	0.4162032066018827
995	0.06845180345370241	0.41640178165981095
996	0.06846059697684091	0.4164285269092309
997	0.06847331618867537	0.4164672089898013
998	0.06849512304040153	0.4165335203371801
999	0.06855442206206969	0.4167137863583856
1000	0.06857243193444777	0.4167685200213937
1001	0.06861072514852833	0.41688487274697217
1002	0.06863138970992348	0.416947647877737
1003	0.06863832188117933	0.41696870442001377
1004	0.06865488363437768	0.4170190066131885
1005	0.0686957325735662	0.41714304914311373
1006	0.06871077439822282	0.41718871609307223
1007	0.06877892450835703	0.4173955570930883
1008	0.06878522021918738	0.41741465990413557
1009	0.06883009397279503	0.4175507931362057
1010	0.06889311702341429	0.4177419108742466
1011	0.06893435833366711	0.41786692805263675
1012	0.06896147334732028	0.417949102992358
1013	0.06897333774006466	0.41798505421848337
1014	0.06901933484133345	0.4181244044165391
1015	0.06902584572758563	0.41814412567466736
1016	0.06906492969810478	0.4182624901782698
1017	0.06908260220214832	0.4183159997726995
1018	0.06914733453205606	0.41851194077713516
1019	0.0692031333297778	0.41868076690823497
1020	0.06923164419691452	0.41876700377300113
1021	0.06926064320792683	0.41885469891365396
1022	0.06930267437561873	0.418981771672223
1023	0.06934380735906628	0.4191060916496825
1024	0.06936243964305928	0.4191623935715031
1025	0.06938483914878488	0.4192300690497275
1026	0.06941382015949461	0.41931761297752707
1027	0.06942523920894716	0.41935210187066696
1028	0.06948427891373044	0.41953037394527376
1029	0.06950449948780985	0.41959141313326503
1030	0.06950584182960008	0.4195954649023837
1031	0.06955227958562155	0.4197356100890569
1032	0.06958647510879487	0.41983877935338765
1033	0.06960668580463283	0.4198997439146322
1034	0.06962482645991427	0.41995445676432414
1035	0.06963190056462165	0.41997579057938433
1036	0.06968506370550359	0.4201360832894896
1037	0.0697230035248477	0.42025043862790223
1038	0.06976758284777564	0.4203847665069574
1039	0.06980491345990836	0.42049721932056366
1040	0.0698319766793334	0.42057872436915167
1041	0.0698406671596483	0.4206048937373276
1042	0.0698771822692145	0.42071483274169513
1043	0.06988930147174606	0.4207513146592838
1044	0.06992907653025167	0.4208710255977848
1045	0.06995456619952697	0.42094772392102814
1046	0.06997506392182239	0.42100939135776494
1047	0.06999366016678478	0.42106533038261923
1048	0.07000160615536434	0.42108923029974715
1049	0.07005224184144342	0.4212415002889431
1050	0.07006406266285739	0.4212770395548779
1051	0.07009471409912064	0.42136917904755716
1052	0.07012143277880983	0.4214494800774138
1053	0.07015153173453849	0.42153992195647305
1054	0.07020474447412679	0.42169976908591544
1055	0.0702259788982751	0.4217635388127449
1056	0.07023982736528786	0.4218051223593616
1057	0.07027288600760337	0.42190437277640336
1058	0.07034194602130711	0.42211163313296785
1059	0.07035986241321333	0.42216538652175223
1060	0.07037891821997805	0.4222225509130151
1061	0.07039713739491825	0.42227719830551796
1062	0.07040988955814105	0.4223154434964015
1063	0.07045655607936412	0.42245537219305535
1064	0.07048359590065445	0.4225364293907236
1065	0.07048514885691158	0.42254108421124714
1066	0.07049830893753915	0.4225805280891183
1067	0.07052972528552061	0.4226746754410366
1068	0.07056194386910243	0.4227712051273224
1069	0.07059201399472505	0.42286127796576956
1070	0.07060464037005257	0.4228990936206736
1071	0.07062224717647488	0.4229518198883585
1072	0.0706465261079184	0.4230245160728648
1073	0.07068995141683568	0.4231545093594156
1074	0.07070931470581386	0.42321246032600063
1075	0.0707389516836254	0.42330114329753327
1076	0.07078382783880709	0.4234353912299328
1077	0.07082098442182738	0.42354651370347957
1078	0.0708528773911435	0.4236418712844897
1079	0.07086783990244518	0.4236866006723849
1080	0.07089673707276482	0.42377297339125314
1081	0.0709532435116729	0.4239418184830941
1082	0.07098778911562102	0.4240450099881196
1083	0.07099985702916108	0.4240810522505508
1084	0.07105565263709215	0.4242476526793327
1085	0.07108751156728033	0.4243427511067648
1086	0.07109206290974332	0.4243563350558107
1087	0.07112019297622796	0.4244402824813264
1088	0.07114324684863707	0.42450906884759143
1089	0.07115164431761371	0.42453412179854794
1090	0.07119598025085362	0.42466636881456366
1091	0.07121885549859676	0.4247345859258499
1092	0.0712618803613886	0.4248628622652771
1093	0.07131622835765795	0.4250248425857674
1094	0.07134516582264627	0.42511106345305494
1095	0.07136716925725646	0.4251766122697474
1096	0.07141169772099516	0.42530923283831096
1097	0.0714258513420102	0.425351378366612
1098	0.07146778964621138	0.4254762344055821
1099	0.07147153009273569	0.42548736844433693
1100	0.07148376588387513	0.4255237882031084
1101	0.07153514912346033	0.425676696088854
1102	0.07154857181375432	0.42571663071207433
1103	0.07159472780887821	0.4258539235070338
1104	0.0716058810564314	0.4258870926342251
1105	0.07162592589156012	0.42594669834731613
1106	0.0716785331226302	0.42610309257975315
1107	0.07170063805897818	0.4261687904620972
1108	0.07171287194564115	0.4262051463331579
1109	0.07177892611907187	0.42640138829140717
1110	0.07179318845105716	0.4264437487474849
1111	0.07184092499678164	0.4265855001388876
1112	0.07186784550757136	0.4266654185415139
1113	0.07190232058186505	0.426767742176673
1114	0.07193095119827317	0.4268527005433752
1115	0.07197056586859463	0.4269702250665393
1116	0.0720067181542436	0.4270774495366574
1117	0.07204987690304543	0.427205419313241
1118	0.07208344828337764	0.42730493513464785
1119	0.07212075700477724	0.4274155023928917
1120	0.07212496230143733	0.42742796331855837
1121	0.07215327601146078	0.42751185163922384
1122	0.07216281128018522	0.4275400991835079
1123	0.07220959529892705	0.42767866642345675
1124	0.0722574823230518	0.4278204541193934
1125	0.07227129728759694	0.42786134982833907
1126	0.0723053415783519	0.42796211266051004
1127	0.07234335660450338	0.4280745998760343
1128	0.07237384125948414	0.42816478322275997
1129	0.07240208510723696	0.428248320597222
1130	0.07243253151818795	0.42833835428811184
1131	0.07245958616781502	0.42841834225713643
1132	0.07246982722699952	0.42844861639211756
1133	0.07249103231674912	0.4285112950765187
1134	0.07249510427100174	0.42852333004023735
1135	0.07255284377203865	0.4286939470689132
1136	0.0725967891114443	0.4288237576192184
1137	0.07263612358003352	0.4289399147568173
1138	0.07266046280547396	0.42901177425552217
1139	0.07268508477764171	0.42908445629500935
1140	0.07270877838457376	0.4291543862545067
1141	0.07271166938293246	0.42916291804613677
1142	0.07277399596615172	0.4293468123854347
1143	0.07279551193931977	0.42941027689409994
1144	0.07285370093774929	0.4295818668859459
1145	0.07287108927080868	0.4296331289826337
1146	0.07289836478649432	0.42971352690807324
1147	0.07291124165476387	0.4297514778289349
1148	0.07294807945243634	0.4298600282973047
1149	0.0729778690813543	0.4299477897830637
1150	0.07299013850210923	0.42998393079880276
1151	0.07300955530480793	0.4300411190584061
1152	0.07304035060436727	0.4301318047832344
1153	0.0730654548107528	0.4302057172838816
1154	0.07310406180638272	0.43031936029665835
1155	0.07315226596890628	0.43046121127954357
1156	0.07316871657317618	0.43050960997830545
1157	0.07319493664087684	0.43058673979938233
1158	0.07326684330179646	0.4307981919542229
1159	0.07327960929375951	0.43083572139092685
1160	0.07330033346322062	0.43089663930106664
1161	0.07337616170594703	0.431119460177436
1162	0.07338656945714134	0.4311500343099192
1163	0.0734039804286087	0.431201176472648
1164	0.07341083828281639	0.43122131874368286
1165	0.07343729166849407	0.4312990064303062
1166	0.07345266814346642	0.4313441572733934
1167	0.07346517714985575	0.43138088471470754
1168	0.07349817365646075	0.43147775009252176
1169	0.07352178455374378	0.4315470494933487
1170	0.07354904573845421	0.43162704886741915
1171	0.07359441793772073	0.4317601630968177
1172	0.07362517490514593	0.43185037541495414
1173	0.07365627302808167	0.4319415692101035
1174	0.07367279017940401	0.4319899971582219
1175	0.0736888441449954	0.43203706185311397
1176	0.07373687260634808	0.4321778341476259
1177	0.07375772775222636	0.4322389466836446
1178	0.07376666720168674	0.43226513960786306
1179	0.073812807935163	0.43240030846831534
1180	0.07383679229383597	0.43247055374182003
1181	0.07388304047187567	0.43260597297922737
1182	0.0739194223442235	0.4327124729154118
1183	0.07393208607461545	0.43274953705393854
1184	0.07393950167689214	0.43277123952546454
1185	0.07395239793363917	0.43280897906625315
1186	0.07398866129472129	0.43291508235114234
1187	0.07405404688379681	0.4331063289298723
1188	0.0741040424795269	0.43325250430039214
1189	0.0741130930494624	0.4332789607678082
1190	0.07415955652730741	0.4334147565650683
1191	0.07418503879221484	0.4334892138674703
1192	0.07420936984041945	0.43356029546597374
1193	0.07422000470901136	0.43359136089340167
1194	0.07424125605631672	0.43365343136309326
1195	0.07424800760068664	0.43367314926643236
1196	0.07427000620821081	0.43373739003976286
1197	0.07432902301741778	0.43390968512197114
1198	0.07437432784366926	0.4340419027100962
1199	0.07438390488030402	0.43406984717370023
1200	0.07439337147109455	0.4340974676037705
1201	0.07440468816591615	0.4341304837291118
1202	0.07446622122506362	0.43430996069924
1203	0.07447295582884787	0.43432959939802723
1204	0.07449714594554813	0.43440013259054705
1205	0.07452405223903649	0.4344785721209967
1206	0.07453676173391421	0.4345156190045692
1207	0.07454683548125943	0.4345449807086155
1208	0.07462780629780827	0.434780912337987
1209	0.07463750160373293	0.4348091538022887
1210	0.07469930266250221	0.4349891310606942
1211	0.07472775561893619	0.43507196683027394
1212	0.07476764362563983	0.4351880671880912
1213	0.07477285172212943	0.43520322389135907
1214	0.07479667362958249	0.4352725441398151
1215	0.07482222446084373	0.4353468831789548
1216	0.07483544993495213	0.4353853571388391
1217	0.07486701361308971	0.43547716466155517
1218	0.07487959044252607	0.4355137407967769
1219	0.07491133176742412	0.43560603776584206
1220	0.07495437461325338	0.4357311659042336
1221	0.07496988164357588	0.435776236969104
1222	0.07498218463429072	0.4358119922013421
1223	0.07504028213687351	0.43598079687041524
1224	0.07507579133026794	0.4360839381098736
1225	0.07510003416172602	0.43615434067184483
1226	0.07511566395905798	0.43619972446810357
1227	0.07514028694315988	0.43627121194667573
1228	0.07517585248100322	0.4363744480755392
1229	0.07518829093968986	0.4364105474403235
1230	0.07523966305817724	0.4365596099199875
1231	0.07527318306906393	0.43665684489423684
1232	0.07529924420944747	0.436732428190054
1233	0.07530622060439775	0.43675265911913425
1234	0.0753274370760496	0.4368141792549382
1235	0.07535643112258232	0.4368982375519757
1236	0.07540020416597092	0.43702511185314613
1237	0.07544163196629686	0.43714515465049963
1238	0.07545197235102927	0.43717511220897326
1239	0.07550692475045206	0.43733428265894514
1240	0.07552345013713607	0.4373821373608013
1241	0.07556216868588649	0.4374942391758369
1242	0.07560185815227735	0.4376091222825462
1243	0.07560834844163544	0.43762790587427663
1244	0.07568863173874614	0.4378601876937708
1245	0.07569329320326787	0.4378736708170513
1246	0.07570578937207963	0.437909813500663
1247	0.07572420695813531	0.4379630772687082
1248	0.07576032497239493	0.4380675119768618
1249	0.07578906015735931	0.4381505815623693
1250	0.07580491154360891	0.4381963990654029
1251	0.07582532596756168	0.4382553987047513
1252	0.07583330308491165	0.4382784511793459
1253	0.07588582404178498	0.4384301973018318
1254	0.07589359123748549	0.4384526342065684
1255	0.0759283406439847	0.43855299989584323
1256	0.07593772585455827	0.4385801029843384
1257	0.07597999111580686	0.4387021380061948
1258	0.07598690772750463	0.4387221055216078
1259	0.07601796280368492	0.438811746994377
1260	0.07604799889854962	0.43889842972762566
1261	0.07608089286811633	0.4389933405140495
1262	0.07608996536598812	0.43901951428298297
1263	0.07613036095127304	0.4391360348846089
1264	0.07614542975444905	0.43917949275727375
1265	0.07616464755752017	0.4392349099541239
1266	0.07621322170107714	0.4393749490645092
1267	0.07623992933318151	0.4394519280739258
1268	0.07625812094681995	0.43950435377088365
1269	0.07628705451354997	0.439587723400335
1270	0.07631989866809782	0.43968234190115163
1271	0.07636424181176066	0.4398100547677128
1272	0.0763651765677022	0.43981274656294317
1273	0.07637966664427756	0.43985447119700216
1274	0.07639711108834327	0.4399046977755837
1275	0.07643135997673751	0.4400032915477124
1276	0.07646741071159358	0.4401070485132254
1277	0.07649211325576619	0.4401781303363535
1278	0.0765480829070562	0.44033914112803507
1279	0.07657428170882248	0.4404144883510564
1280	0.07659564205609898	0.4404759107389054
1281	0.07660867064888434	0.44051337068508456
1282	0.07662377334842886	0.44055679013856897
1283	0.07664231004587689	0.4406100763037219
1284	0.07667793729376084	0.440712473403625
1285	0.07674208015671533	0.44089676794405736
1286	0.07674649559729664	0.4409094515035597
1287	0.0767604696139647	0.44094959011536483
1288	0.07679345758266795	0.44104432943164723
1289	0.07682445061850642	0.4411333208914671
1290	0.0768434696016186	0.44118792191963474
1291	0.07686250114850361	0.44124255225352615
1292	0.07689881557832393	0.44134677459403143
1293	0.07691754968209327	0.4414005318118465
1294	0.0769334660027082	0.4414461983015521
1295	0.07697160170667636	0.4415555965691679
1296	0.07700030300307227	0.4416379128818669
1297	0.07701427941099177	0.4416779921498246
1298	0.07705114140981356	0.44178368154939124
1299	0.07707369182176553	0.4418483248175991
1300	0.07711071276441939	0.4419544289713387
1301	0.07713338760679261	0.4420194037981883
1302	0.07714851605314293	0.44206274909382626
1303	0.07717202233076773	0.4421300897170549
1304	0.07722057456666094	0.4422691493688918
1305	0.07727456041067295	0.4424237202319865
1306	0.07727859369085888	0.44243526604688116
1307	0.07730550614655786	0.44251229891230337
1308	0.07735190877042608	0.44264508797461344
1309	0.07736644928250501	0.4426866899460961
1310	0.07742162294708758	0.4428445121941946
1311	0.07743566242940256	0.4428846626433043
1312	0.07746597087086612	0.44297132704474906
1313	0.07748822727245201	0.44303495653008357
1314	0.07751240239964627	0.44310406116417494
1315	0.07754877975305875	0.4432080255736068
1316	0.07756543557695801	0.4432556188337265
1317	0.07758181175958484	0.4433024080499298
1318	0.07761592577033793	0.44339986105275625
1319	0.07763129212024328	0.4434437508868897
1320	0.07767547496210964	0.4435699230634749
1321	0.07771243327737117	0.4436754367245977
1322	0.07775614685901892	0.44380020386278074
1323	0.07776418505709912	0.4438231426393273
1324	0.07780060020311959	0.4439270464667738
1325	0.07784859146792358	0.4440639434570386
1326	0.07788243225593025	0.4441604502835109
1327	0.07790471875430635	0.4442239952500747
1328	0.07792370542257689	0.44427812431912506
1329	0.07793613025085783	0.4443135426770494
1330	0.07796176686280407	0.4443866137755806
1331	0.0779771503676997	0.44443045505011836
1332	0.07803348306970159	0.44459096007141186
1333	0.07805275881599094	0.4446458678690012
1334	0.07808089128039512	0.44472599224444603
1335	0.07809819903041598	0.44477527946231415
1336	0.07812264217685513	0.44484487682115664
1337	0.07814567084793585	0.44491043676153563
1338	0.07815274113618582	0.4449305631092351
1339	0.07820044806237994	0.44506634229571995
1340	0.07821594510193176	0.4451104396711709
1341	0.07822965967557258	0.44514946133308536
1342	0.07824736676891877	0.4451998377319663
1343	0.07828440566129319	0.4453051943633781
1344	0.07829181114206968	0.44532625616389976
1345	0.07833864545132525	0.4454594337537565
1346	0.07834120165330714	0.4454667013991961
1347	0.07835832741976403	0.4455153893286969
1348	0.07838393833749259	0.4455881903071303
1349	0.07839969105969909	0.44563296270887093
1350	0.07840887319196126	0.44565905809870293
1351	0.07845135162200399	0.44577976085253157
1352	0.07848118041050269	0.4458645000330245
1353	0.07853818690378955	0.4460264022724742
1354	0.07854546667063482	0.4460470730640079
1355	0.07856800537301457	0.4461110653066791
1356	0.0785896473955745	0.44617250304409584
1357	0.07861261257201604	0.44623768772274724
1358	0.07865586598332591	0.4463604329630305
1359	0.07867928895946646	0.4464268889825514
1360	0.07869322655133985	0.4464664282331817
1361	0.0787305372607456	0.4465722569420492
1362	0.0787412391077665	0.4466026072085875
1363	0.07875078997017823	0.44662969155960214
1364	0.07877686925785722	0.4467036388815887
1365	0.0788054280563586	0.44678460276935106
1366	0.07884723780530704	0.44690310650417786
1367	0.07886446080673598	0.4469519134933489
1368	0.07888587267710309	0.4470125835774923
1369	0.07891127407824865	0.4470845472362054
1370	0.07894895822993532	0.4471912873131274
1371	0.0789920041806928	0.4473131834809407
1372	0.07900927620695185	0.44736208452380105
1373	0.07905211447084365	0.4474833463488731
1374	0.07906675460942653	0.4475247805025393
1375	0.07909364361437454	0.44760087109955105
1376	0.07910912470829429	0.44764467368448735
1377	0.07914104333555337	0.44773497150152597
1378	0.07916346499949799	0.4477983915153609
1379	0.07919274616849596	0.4478812002208875
1380	0.07921534761427348	0.44794510784501
1381	0.07923128737537628	0.44799017347352543
1382	0.07926757580196592	0.44809275288408273
1383	0.07930110104741402	0.44818750052409156
1384	0.07934192103798667	0.4483028372318153
1385	0.07935276748975018	0.4483334788451337
1386	0.07937299154414044	0.44839060692840055
1387	0.07940165336023211	0.44847155719168874
1388	0.07943230401732651	0.4485581084222762
1389	0.07944576838426107	0.4485961237809043
1390	0.07946755333566934	0.4486576246959683
1391	0.07950417510795642	0.44876099232301886
1392	0.07953417647960474	0.44884565564670936
1393	0.07957514784060184	0.4489612502908819
1394	0.07959725528999949	0.4490236108338606
1395	0.07961376705497007	0.44907018145893834
1396	0.0796232664115999	0.44909697174108343
1397	0.07965903604590405	0.44919783566842414
1398	0.07967991407817065	0.4492566974934811
1399	0.07970636196580416	0.44933125144459857
1400	0.07973539888880136	0.44941308938434327
1401	0.07974742436841718	0.449446977746768
1402	0.07978957663240671	0.44956574462224785
1403	0.07982804792223756	0.44967411272313373
1404	0.07985545088525621	0.4497512870126894
1405	0.07991221105314422	0.44991109716751154
1406	0.07992301917766272	0.4499415213710695
1407	0.07994106112497631	0.44999230375657995
1408	0.07996204600871726	0.4500513623706223
1409	0.07996681295088978	0.4500647770901865
1410	0.07999955703972203	0.45015691189096746
1411	0.08002079725505588	0.4502166671916889
1412	0.08003334731203955	0.4502519706596652
1413	0.08005107692527409	0.4503018395675157
1414	0.08005628883245901	0.4503164982909448
1415	0.0800789204733341	0.4503801452651628
1416	0.08009668353592372	0.45043009403485906
1417	0.08012777739422372	0.4505175149485902
1418	0.08015941959261275	0.4506064601182794
1419	0.08019076294349307	0.4506945479319855
1420	0.08024500020162235	0.4508469364600846
1421	0.08026393508971426	0.4509001250247113
1422	0.08028790420999796	0.450967445874169
1423	0.08029967690482549	0.45100050756362403
1424	0.08033799107425922	0.4511080898716099
1425	0.08040129532642301	0.4512857856077882
1426	0.08042764236562254	0.45135972142138564
1427	0.08043807273788725	0.4513889880836619
1428	0.0804718155457774	0.4514836542933674
1429	0.08047710952822965	0.4514985048793668
1430	0.08052045640762708	0.4516200824105759
1431	0.08055321130861363	0.4517119302940926
1432	0.08059363606352431	0.45182525944268603
1433	0.08064255475798378	0.4519623630028447
1434	0.08067774279508945	0.4520609581797414
1435	0.08069717789500462	0.45211540517172516
1436	0.08074279033680415	0.45224316164916384
1437	0.08075397171790949	0.4522744742163218
1438	0.08077512407398696	0.4523337037758005
1439	0.08079141108038224	0.45237930439034996
1440	0.08082400885690041	0.45247055834965516
1441	0.08085867488775594	0.45256758197559915
1442	0.0808822329344036	0.4526335045978449
1443	0.08090318596835887	0.45269212953129284
1444	0.08092239637231925	0.4527458720532761
1445	0.08094508327656719	0.45280933212676927
1446	0.08096982204986686	0.4528785215771742
1447	0.08098115537000859	0.4529102150992191
1448	0.08101950469158596	0.4530174421670836
1449	0.08103080008304588	0.4530490199398156
1450	0.08103578687953367	0.45306296049390304
1451	0.08112374219183674	0.4533087684794233
1452	0.08112957711319536	0.4533250705716588
1453	0.08114106843265322	0.4533571742688501
1454	0.08115814687660551	0.4534048827096504
1455	0.08117745131004214	0.4534588033836176
1456	0.08119147083385662	0.45349795835790624
1457	0.08122841121055269	0.4536011125450395
1458	0.08125064859973594	0.45366319805219607
1459	0.08125655413899965	0.4536796845491954
1460	0.08130242868504726	0.45380773214579817
1461	0.08131937931015194	0.4538550365373336
1462	0.08133396122055553	0.4538957265725947
1463	0.08136904031792906	0.4539935979642986
1464	0.08138722444834824	0.4540443237537768
1465	0.08138848828362297	0.4540478490921136
1466	0.08140440489683995	0.45409224450265245
1467	0.08145393740858231	0.45423037528930504
1468	0.08147885377071577	0.4542998434052892
1469	0.08149746668289111	0.45435173024365444
1470	0.0815211539586166	0.45441775421495967
1471	0.08154121936472546	0.4544736753797907
1472	0.08155038411612411	0.4544992147404778
1473	0.08158635429026663	0.45459943875376807
1474	0.08161829746769976	0.4546884237903352
1475	0.0816568866663284	0.45479589961981265
1476	0.08167381624245254	0.4548430426293186
1477	0.08167633720677227	0.45485006222437546
1478	0.08170816176568894	0.4549386680147164
1479	0.08173411438865037	0.45501091241524527
1480	0.08177878475509352	0.4551352346029002
1481	0.0817954430618493	0.4551815876779298
1482	0.08180701730146009	0.4552137911492129
1483	0.08183232345526699	0.4552841935416714
1484	0.08188508879812188	0.4554309531243677
1485	0.08189773881309113	0.45546613038295786
1486	0.08190954585482803	0.4554989610439724
1487	0.08191646715247931	0.45551820530457793
1488	0.08195633900060413	0.45562905080239213
1489	0.08197556480554424	0.4556824897534806
1490	0.08198725363105117	0.455714976283241
1491	0.08206405879912361	0.4559283818456314
1492	0.08207056375761333	0.4559464514882473
1493	0.08209836284419693	0.4560236644448066
1494	0.08213207212651011	0.45611727564661675
1495	0.0821385593772496	0.456135288638563
1496	0.08217770039880323	0.4562439554747427
1497	0.08220639383927857	0.456323600355118
1498	0.08223357332430864	0.45639903010516153
1499	0.08227969367254591	0.4565269968882535
1500	0.08230430978676616	0.4565952827543948
1501	0.0823220424856744	0.4566444674849846
1502	0.082331782504011	0.45667148086925435
1503	0.08235664063323585	0.4567404162281289
1504	0.08236357746727026	0.4567596512632524
1505	0.08238760005901292	0.45682625686127876
1506	0.08240600719923107	0.45687728635680985
1507	0.08242217947467113	0.45692211550878237
1508	0.08244376436773011	0.45698194145269916
1509	0.08246865637683418	0.4570509238690383
1510	0.08247623868359583	0.4570719344008597
1511	0.08249468168158104	0.45712303581924674
1512	0.08253462603396383	0.4572336930971082
1513	0.0825579692898451	0.4572983481941958
1514	0.08256523619529804	0.4573184738753663
1515	0.08260675870783599	0.4574334534122795
1516	0.08262173872167405	0.4574749273118948
1517	0.08266963869876276	0.45760751870838196
1518	0.08268767406668684	0.4576574322559344
1519	0.08269672023156392	0.45768246580180716
1520	0.0827284704312	0.45777031762407927
1521	0.08275493173865577	0.4578435223659685
1522	0.08276682299682413	0.4578764155111102
1523	0.0827880837919229	0.4579352204236273
1524	0.08281546108639334	0.4580109317488795
1525	0.08284538668570807	0.45809367604246337
1526	0.08286098188525762	0.4581367908518683
1527	0.08291755919527759	0.4582931715971351
1528	0.08292518095116544	0.4583142341950198
1529	0.08294755538237399	0.4583760599792723
1530	0.08298317751028446	0.45847447504331834
1531	0.08300267577636292	0.45852833494912226
1532	0.08303608633691026	0.45862060997055504
1533	0.08304991062841068	0.45865878518700814
1534	0.08306962614333736	0.4587132232800266
1535	0.08310163726135768	0.45880159799325887
1536	0.08312622654702125	0.4588694713198931
1537	0.08317738764873729	0.45901065814858905
1538	0.08320345451952942	0.4590825769391455
1539	0.08321978840687022	0.4591276365773161
1540	0.08323321681248949	0.45916467766791264
1541	0.08326518041457986	0.45925283446902954
1542	0.08327682012488365	0.45928493301923035
1543	0.08332026379760107	0.4594047167879912
1544	0.08333371171338946	0.45944178932232127
1545	0.08336515347344914	0.45952845470585374
1546	0.08338936070641623	0.45959516786166754
1547	0.08339746067196273	0.45961748854261114
1548	0.08342210853740942	0.4596854027993185
1549	0.08344624016048399	0.459751884892407
1550	0.08346395241336918	0.4598006756441524
1551	0.08347450705288338	0.4598297473381216
1552	0.08350049601255985	0.4599013234825105
1553	0.08354163635712582	0.46001460525854254
1554	0.08357515549646709	0.4601068810863627
1555	0.08359940361491063	0.46017362291268554
1556	0.08362523554721839	0.4602447134661504
1557	0.08363743168126331	0.4602782739191389
1558	0.08368674562985705	0.46041394758745624
1559	0.0836927079575854	0.46043034857146165
1560	0.08374059774709844	0.46056206111622533
1561	0.08375028324427407	0.46058869481413034
1562	0.08375932430325753	0.4606135550117165
1563	0.08377821797739175	0.4606655026114002
1564	0.08381397814151181	0.46076380809493117
1565	0.08383968548158718	0.4608344651860181
1566	0.08384802274039439	0.46085737796693416
1567	0.08387812665826083	0.46094010125106977
1568	0.08392715355172281	0.46107479166973137
1569	0.08395915548518319	0.46116268860104076
1570	0.08396825403120954	0.4611876757287306
1571	0.08399492036218505	0.46126090106309464
1572	0.08402662573422348	0.4613479484024337
1573	0.08404812531449496	0.4614069663195132
1574	0.08405165655718073	0.4614166591166771
1575	0.08407403159501099	0.46147807092357107
1576	0.08410568071891268	0.4615649229639773
1577	0.08413256836013935	0.46163869562854754
1578	0.08415232328599781	0.4616928904731073
1579	0.08416842672952062	0.4617370632864422
1580	0.08419396472333492	0.46180710703327005
1581	0.08421026633353233	0.46185181234619443
1582	0.08422101058560914	0.46188127487041325
1583	0.08424342447685734	0.4619427314350993
1584	0.08428603658194646	0.4620595468647797
1585	0.08430717717034739	0.4621174900227171
1586	0.08432002455875212	0.46215269922386504
1587	0.08433753722634793	0.46220068964158656
1588	0.08435473987211961	0.46224782564762523
1589	0.08437720920533844	0.46230938537078353
1590	0.08439410174326109	0.4623556608287095
1591	0.08442520706756643	0.46244085871307344
1592	0.08444217096251903	0.4624873164262931
1593	0.08444869105907764	0.46250517127132684
1594	0.08448027425337919	0.4625916499662451
1595	0.08449514496950057	0.4626323622299695
1596	0.08454460741132533	0.4627677521298488
1597	0.08454934129874069	0.46278070777445024
1598	0.0845926563252777	0.46289923496611524
1599	0.08460458583254687	0.4629318735269206
1600	0.08462379875118403	0.4629844343156691
1601	0.08465197115127371	0.46306149477332176
1602	0.0846636702411003	0.46309349172972897
1603	0.08467517222718351	0.4631249474532195
1604	0.08470208877590041	0.4631985506971712
1605	0.0847172010753107	0.46323987012083523
1606	0.08475424361749494	0.4633411347215802
1607	0.08477482789041839	0.4633973971630883
1608	0.08481018789203272	0.46349402976520093
1609	0.08481303289687465	0.46350180378229244
1610	0.08483136017252876	0.4635518802043738
1611	0.08485220811426115	0.46360883737731884
1612	0.08487815255413265	0.46367970855784696
1613	0.08489502558749429	0.46372579400018343
1614	0.08491997775289965	0.46379393764306065
1615	0.08493995652798586	0.46384849188388994
1616	0.08495728529224565	0.4638958047833811
1617	0.08498408428136103	0.4639689648328689
1618	0.0850024255849905	0.46401902912804355
1619	0.08503876377032218	0.4641182016380035
1620	0.08505335558640455	0.4641580189909802
1621	0.0850716326528144	0.464207887636241
1622	0.0850834458804819	0.46424011696422685
1623	0.08510180981398857	0.4642902137520839
1624	0.08512361101135867	0.46434968037464375
1625	0.08516724615757634	0.4644686800858068
1626	0.08520079394171902	0.4645601492924557
1627	0.08521184136298916	0.46459026653129587
1628	0.08523786954902471	0.46466121628674045
1629	0.08526125519273296	0.4647249535463018
1630	0.08527394059238337	0.4647595237768801
1631	0.08529441475499978	0.4648153145079127
1632	0.0853302376789422	0.46491291348757513
1633	0.08534806420021004	0.46496147392380605
1634	0.08535954452180625	0.4649927442742804
1635	0.08537446453472598	0.46503338058892507
1636	0.08540550188973915	0.46511790290276694
1637	0.08541227101911045	0.46513633485858413
1638	0.08543828179750769	0.46520715394011986
1639	0.08547688870761762	0.46531224841264157
1640	0.08549730362499416	0.46536781164221014
1641	0.08553924380058318	0.46548193930432735
1642	0.08554936215441579	0.46550946919283726
1643	0.08556850086175123	0.46556153709281994
1644	0.08558948350651416	0.4656186148344272
1645	0.08561669305322962	0.46569262079975465
1646	0.08565865830510659	0.46580673706182196
1647	0.08567680379971618	0.4658560715145696
1648	0.08569727824023977	0.46591173169465505
1649	0.08571167891235396	0.4659508762298031
1650	0.08573729816627416	0.4660205074753947
1651	0.08575659545551291	0.46607294921751274
1652	0.08578489923444817	0.4661498560569517
1653	0.08579661368542013	0.46618168277280264
1654	0.08583221886002984	0.4662784042970406
1655	0.0858543355683749	0.46633847427647296
1656	0.08587590854575494	0.46639706000423975
1657	0.08591628726902067	0.466506696716687
1658	0.08593106633349708	0.4665468185393346
1659	0.08595689161091408	0.46661692005444033
1660	0.08597994636035222	0.4666794922038609
1661	0.08599076655858949	0.4667088560612269
1662	0.08602880017648094	0.4668120570482155
1663	0.08604638412451522	0.466859761883909
1664	0.08606402350477098	0.4669076122087446
1665	0.086084901928982	0.46696424274759074
1666	0.08611814576014239	0.46705439898678763
1667	0.08616846088101221	0.4671908189412485
1668	0.08617205413699594	0.4672005598527602
1669	0.08618793029324927	0.4672435958901186
1670	0.08621418352057109	0.46731475271172246
1671	0.0862335551257994	0.46736725061915163
1672	0.08626350978668752	0.46744841746844207
1673	0.0862706419893939	0.4674677412124411
1674	0.08628817014370264	0.46751522799564277
1675	0.08633559454162587	0.4676436846693613
1676	0.08637669423112826	0.4677549813105851
1677	0.08642029219147201	0.4678730142512651
1678	0.08643023221291897	0.46789992074484704
1679	0.08645688381639847	0.4679720559321039
1680	0.0864717446287287	0.46801227335478374
1681	0.08648540177069854	0.46804923026906436
1682	0.08653024022149222	0.4681705448639209
1683	0.08655231348156861	0.46823025457476
1684	0.08655714009014379	0.4682433098737174
1685	0.08658456126623447	0.4683174734002325
1686	0.08659221147097754	0.4683381621082954
1687	0.08661388457732248	0.46839676846312345
1688	0.08663613679174559	0.4684569331585526
1689	0.08664711157809567	0.46848660352555066
1690	0.086691439931412	0.46860642624020693
1691	0.08669981480049357	0.4686290606704099
1692	0.08673945916227872	0.4687361910994134
1693	0.08675172221637988	0.4687693244286698
1694	0.0867911907514537	0.4688759478717199
1695	0.08680437434532695	0.4689115576801373
1696	0.08683626928825855	0.46899769696693777
1697	0.08686442985048264	0.4690737375911496
1698	0.08687463468710911	0.4691012901825003
1699	0.08690414462944912	0.46918095657015946
1700	0.08695557516681872	0.46931976847473206
1701	0.08697195366130975	0.46936396569442057
1702	0.08698125744753957	0.4693890700242501
1703	0.08701778985840174	0.46948763214381795
1704	0.08703496996013761	0.46953397581229234
1705	0.08708482071380136	0.4696684233332158
1706	0.08710011737679242	0.469709670728976
1707	0.08712112060031034	0.4697662999439401
1708	0.08713619228441055	0.46980693224434866
1709	0.08716227217775159	0.46987723367538603
1710	0.08717371917611336	0.46990808708940357
1711	0.08720953324269813	0.47000460466094285
1712	0.08722707888450801	0.4700518822772686
1713	0.08726496033408927	0.47015393954020823
1714	0.08727011014413118	0.47016781204842895
1715	0.08729058923992664	0.47022297438776084
1716	0.08731332364498437	0.47028420403287946
1717	0.08737105615376473	0.47043965682752154
1718	0.08738569132973598	0.47047905590984024
1719	0.08740240382629713	0.47052404327319874
1720	0.08740895943942922	0.47054168875904706
1721	0.08743144436472047	0.47060220552112914
1722	0.08746021414394647	0.47067962622518933
1723	0.08749013921890943	0.47076014236966357
1724	0.08751675890411938	0.4708317534897903
1725	0.087530664548675	0.47086915751981995
1726	0.08755400512154046	0.4709319333674304
1727	0.08756893119545847	0.4709720735373931
1728	0.08761073446067331	0.4710844753968658
1729	0.08764069516941682	0.4711650181430948
1730	0.08765871075114712	0.47121344242648855
1731	0.08767779444060014	0.4712647322615277
1732	0.08768549291788463	0.47128542131526185
1733	0.08770145378180619	0.47132831199168373
1734	0.08772856884195596	0.4714011677273153
1735	0.08774722566901146	0.4714512904104724
1736	0.0877726862844293	0.4715196832816015
1737	0.08780508160561677	0.4716066899750149
1738	0.08782801017693988	0.4716682613647563
1739	0.0878421273083246	0.4717061668988468
1740	0.08788728302283513	0.47182739285834485
1741	0.08791485961112595	0.47190141021794807
1742	0.08795011331214057	0.4719960165441901
1743	0.08796776607679223	0.472043382125865
1744	0.08799047543356434	0.47210430847593726
1745	0.08802171584435875	0.4721881097259326
1746	0.0880397574294228	0.4722364988386666
1747	0.08804331429381085	0.47224603807565335
1748	0.08808483406490128	0.4723573766619653
1749	0.08810667804868405	0.47241594251708025
1750	0.08813187806904174	0.4724834972161299
1751	0.08815211865941552	0.4725377499797869
1752	0.08817761483305805	0.4726060809154673
1753	0.08818869928936203	0.4726357846948385
1754	0.08821199967269099	0.47269821824773295
1755	0.08823734094073919	0.4727661110067478
1756	0.08825681549044967	0.472818279391936
1757	0.08827362519342423	0.47286330456297515
1758	0.08831757711418267	0.47298101052592
1759	0.088345026294022	0.4730545062706071
1760	0.0883722831088057	0.47312747565677976
1761	0.08838851321559253	0.47317092003009664
1762	0.08840538513301967	0.47321607815906214
1763	0.08843421813771192	0.4732932404781982
1764	0.0884721981583533	0.47339486266597824
1765	0.0884986186960733	0.4734655425713892
1766	0.08850363251640984	0.4734789542922695
1767	0.08851237770817373	0.4735023463376144
1768	0.08853151454548183	0.4735535304085733
1769	0.08855763337791121	0.47362337984718816
1770	0.08858506025244056	0.4736967162886724
1771	0.08860970521525961	0.4737626045212769
1772	0.08863508530015433	0.4738304485244357
1773	0.0886773652617527	0.47394344635488145
1774	0.08869653161994828	0.4739946616737592
1775	0.0887098017065124	0.47403011804860656
1776	0.0887348158204804	0.47409694610709396
1777	0.08873817113552794	0.4741059094974228
1778	0.08876454794043051	0.47417636660607343
1779	0.08881009719056837	0.474298012062276
1780	0.0888411350811169	0.47438088509283083
1781	0.08884422707886294	0.474389140119424
1782	0.08889278144424995	0.4745187519030089
1783	0.08891818958215283	0.4745865626761606
1784	0.08894109519296571	0.4746476862503215
1785	0.08896028196757962	0.47469888006045935
1786	0.08898304177869613	0.4747596002249132
1787	0.08902156133168558	0.4748623476053979
1788	0.08903907110398726	0.4749090459705921
1789	0.08907669804008254	0.4750093810518704
1790	0.0890951552182568	0.4750585907714753
1791	0.08913977389992367	0.4751775300945903
1792	0.08915072505254067	0.47520671786122715
1793	0.08915945694108786	0.475229989407785
1794	0.0891767122615183	0.4752759735877588
1795	0.08922604412222127	0.4754074148904051
1796	0.08925302901984629	0.4754792988942813
1797	0.08927190266846005	0.4755295692041071
1798	0.08929430277906533	0.47558922541461074
1799	0.08930696972978507	0.47562295685919337
1800	0.08934745387185117	0.47573074803016424
1801	0.08936290192430035	0.4757718728501414
1802	0.08940725853880864	0.47588993644799704
1803	0.08942335208816092	0.4759327652612575
1804	0.0894502297773199	0.4760042846773857
1805	0.08948837297182538	0.4761057622751934
1806	0.0895032818931108	0.4761454206547016
1807	0.08952726295957553	0.47620920440647097
1808	0.08953176647769984	0.47622118170669464
1809	0.08955369384272235	0.4762794941739523
1810	0.08958933272198694	0.47637425508353876
1811	0.08960368838549507	0.4764124203113038
1812	0.08963159875592333	0.47648661263574976
1813	0.08965107902351578	0.4765383889209362
1814	0.08968951148808003	0.4766405214471317
1815	0.08970536915151009	0.4766826560890599
1816	0.08971617323986705	0.4767113609844462
1817	0.08973583792484337	0.4767636027640995
1818	0.08975163516579901	0.4768055660323352
1819	0.0897628775639609	0.47683542771761833
1820	0.08980261008436208	0.47694094894083294
1821	0.08982580005380093	0.4770025258375546
1822	0.08986515990359083	0.4771070208241111
1823	0.08989391057124746	0.47718333542949815
1824	0.08993181142977612	0.477283919284773
1825	0.0899696000834258	0.47738418426438023
1826	0.08997404753475674	0.47739598334254724
1827	0.08998538253170786	0.47742605374476504
1828	0.09000648649738048	0.4774820350168739
1829	0.09002654556512131	0.4775352384652145
1830	0.09003047462448495	0.4775456589685073
1831	0.09007067750406983	0.4776522704681046
1832	0.09007947255550805	0.47767559034232737
1833	0.09010419555127858	0.47774113669306195
1834	0.09011861638760564	0.4777793654961836
1835	0.0901434690061857	0.4778452411735793
1836	0.09016967525374338	0.4779146950165827
1837	0.09017841554071111	0.4779378569629367
1838	0.09021644646543017	0.4780386266569329
1839	0.09022604199585701	0.4780640483644091
1840	0.09023833947949829	0.4780966264559265
1841	0.09025485664554693	0.4781403796992195
1842	0.09027413617156914	0.47819144524849716
1843	0.09032554313693093	0.4783275798794582
1844	0.09036367404063717	0.47842853215584297
1845	0.09036920739461697	0.4784431800435324
1846	0.09038830650224178	0.47849373573220494
1847	0.09039192969399054	0.47850332578455296
1848	0.09042140123850584	0.47858132546230353
1849	0.09044185743082524	0.47863545754753545
1850	0.09047312794283668	0.478718195135738
1851	0.09048301576342026	0.47874435400969106
1852	0.09053170770345736	0.4788731508668648
1853	0.0905412050793982	0.4788982686912357
1854	0.09056215378988128	0.47895366734062017
1855	0.09057522749216776	0.47898823736475743
1856	0.09058370137270076	0.4790106430174029
1857	0.09060955302812132	0.4790789904933492
1858	0.09066401284261748	0.4792229412849687
1859	0.09068487020335132	0.479278061010271
1860	0.09069502865422134	0.47930490444228396
1861	0.09071509298893723	0.479357919488147
1862	0.09073882389872447	0.47942061498514993
1863	0.09075415154738853	0.4794611052633782
1864	0.09078266001415558	0.4795364055526148
1865	0.09079050674055983	0.47955712927711086
1866	0.09085166188873217	0.4797186133980244
1867	0.09085916268836876	0.4797384160018519
1868	0.09088747745116459	0.4798131614701876
1869	0.0909082150733822	0.47986789737464197
1870	0.09093178980648581	0.4799301141075993
1871	0.09096242758576017	0.48001095907163027
1872	0.09098181641382666	0.48006211400621035
1873	0.09100311212488686	0.48011829372604464
1874	0.09103210103409709	0.4801947581297362
1875	0.09105261814060302	0.48024886899731084
1876	0.09105999962726367	0.4802683350975162
1877	0.0910972060366103	0.480366442034854
1878	0.09113172285265657	0.4804574390616605
1879	0.09113891027845768	0.480476385176143
1880	0.09117792197300585	0.4805792072995412
1881	0.09118812780231689	0.48060610291205247
1882	0.09119595440232837	0.4806267274775131
1883	0.09120512859098284	0.48065090206623706
1884	0.09125021384853765	0.480769687010978
1885	0.09127818898649927	0.4808433776199158
1886	0.09129431540065852	0.4808858518247403
1887	0.09133171334951463	0.480984337163214
1888	0.09136031894200856	0.4810596547296585
1889	0.09137517622449762	0.48109876880409774
1890	0.09139516278974168	0.48115138148614206
1891	0.09140462426691301	0.48117628589497363
1892	0.09141522034800748	0.48120417526726866
1893	0.09144887105440115	0.4812927347568597
1894	0.09145422070038525	0.4813068120661923
1895	0.09147716733371088	0.4813671902431345
1896	0.09149576417994755	0.4814161175162337
1897	0.09150663532348545	0.48144471659026833
1898	0.09153640465419026	0.4815230230511218
1899	0.09155344115941302	0.48156783084022914
1900	0.0915855423841931	0.4816522490889758
1901	0.09158977421098184	0.48166337663865694
1902	0.09160429371085328	0.48170155357626476
1903	0.09165133344934202	0.4818252170314209
1904	0.0916643070042617	0.48185931781579155
1905	0.09167405893933223	0.4818849490345307
1906	0.0917102141638695	0.48197996468698595
1907	0.09174887265296805	0.48208153818263383
1908	0.09176664153088133	0.4821282179567009
1909	0.09178924617774596	0.48218759501829517
1910	0.09181383866441543	0.48225218536156006
1911	0.09182713987469128	0.4822871163998036
1912	0.09184492074934361	0.48233380777932466
1913	0.09186112031455404	0.482376342812287
1914	0.09187450968030408	0.48241149630229485
1915	0.0918908088935031	0.4824542860769063
1916	0.09194696790692357	0.4826016893845537
1917	0.09197009887681505	0.48266238928266464
1918	0.09199564272342278	0.4827294121424545
1919	0.09200734970526218	0.48276012623126935
1920	0.09203837285672377	0.4828415081986204
1921	0.09204882724746884	0.4828689297528277
1922	0.09205679120542397	0.4828898179313895
1923	0.09210325704022908	0.48301167231898834
1924	0.0921258531641383	0.4830709184446015
1925	0.09214985788245046	0.48313384988918096
1926	0.0921750644663314	0.48319992335639245
1927	0.09219179803291225	0.4832437816992077
1928	0.09221468016523128	0.4833037488673579
1929	0.09224457418080285	0.48338208085872053
1930	0.09226457443591815	0.48343448091066066
1931	0.09227977859840165	0.48347431154803994
1932	0.09231627536618657	0.48356990944398137
1933	0.09233192328270048	0.48361089106351
1934	0.09236035145211631	0.48368533505742867
1935	0.09237151734998039	0.4837145717252347
1936	0.09240707247795339	0.4838076571227741
1937	0.09242724329172734	0.48386045752759194
1938	0.09244218977976931	0.48389957868892214
1939	0.09245592993221671	0.4839355395794603
1940	0.09248015736568711	0.4839989413975824
1941	0.0925141485704551	0.4840878804530468
1942	0.0925221443743654	0.4841087993513848
1943	0.09255614066397719	0.4841977315281867
1944	0.09256242850929583	0.48421417835014247
1945	0.09261573470912965	0.4843535864396135
1946	0.09263346354922448	0.4843999425820642
1947	0.0926428841619434	0.4844245731425051
1948	0.09266515505675796	0.48448279628889024
1949	0.09269287742313385	0.48455526152781686
1950	0.09270252143062668	0.4845804680655785
1951	0.09272029434327173	0.48462691768443883
1952	0.09272958279676169	0.48465119134473733
1953	0.0927595864706316	0.484729592108479
1954	0.09278758231720845	0.48480273490718145
1955	0.09280858343834485	0.48485759583076055
1956	0.09282891361965567	0.48491069815550036
1957	0.09285389610737553	0.48497594431716856
1958	0.09286260881833745	0.484998697030231
1959	0.09291092774542553	0.48512485959099894
1960	0.0929152015170298	0.48513601699227527
1961	0.09295402839498473	0.4852373693502505
1962	0.09297232502465641	0.4852851229105859
1963	0.09299551237433462	0.4853456343279869
1964	0.09303128973594586	0.4854389867706533
1965	0.09304093303468079	0.48546414557408657
1966	0.09304767544443955	0.48548173535305916
1967	0.09305925285313953	0.48551193732003417
1968	0.09310975272920244	0.48564365429881723
1969	0.09312592906244693	0.48568583888302364
1970	0.09313298441152573	0.4857042366497378
1971	0.09316660923010918	0.48579190828995883
1972	0.09317099461844724	0.4858033413619467
1973	0.0931887447716342	0.4858496147386721
1974	0.09321388005282215	0.48591513307651446
1975	0.09323605619652406	0.48597293070807823
1976	0.09323706853672667	0.4859755690039253
1977	0.09325788942049953	0.4860298278741911
1978	0.09330151128491454	0.48614348607878555
1979	0.09333821091851963	0.48623908760482143
1980	0.0933443550231165	0.4862550909898312
1981	0.09337643739438253	0.48633864653071246
1982	0.09340029066096381	0.4864007608335332
1983	0.09343165785928084	0.4864824294679028
1984	0.09343875877389878	0.4865009157317693
1985	0.09346033563518039	0.4865570838411228
1986	0.09347792156747767	0.4866028581121243
1987	0.0934930625026286	0.4866422648719232
1988	0.09353190017557308	0.4867433316795673
1989	0.09354944063063304	0.4867889701156427
1990	0.09356833965452022	0.48683813861797326
1991	0.09358998847774803	0.486894455013486
1992	0.09361203812014322	0.48695180738914823
1993	0.09362152799561688	0.48697648901662255
1994	0.09364001868613059	0.48702457671169247
1995	0.09368036133090374	0.4871294770738376
1996	0.09369726908953965	0.48717343450478545
1997	0.09370711293445713	0.48719902507872787
1998	0.09371990903075071	0.4872322884705361
1999	0.09375575615417847	0.4873254608089587
2000	0.09377811461245723	0.4873835649558919
2001	0.09381752498190625	0.4874859659735422
2002	0.09382822333619086	0.4875137600818519
2003	0.0938716577762049	0.487626585607276
2004	0.09390651928736998	0.48771712316711907
2005	0.0939129934863379	0.4877339352228636
2006	0.09393289409637946	0.48778560905598
2007	0.09395998980661603	0.48785595685402583
2008	0.09398673009434795	0.487925371935175
2009	0.09401158019760786	0.48798987143689654
2010	0.09401911580358487	0.48800942873876085
2011	0.0940457129562699	0.4880784505719793
2012	0.09408422192960425	0.48817836728162683
2013	0.09409308429915254	0.4882013589965471
2014	0.09411395789311823	0.48825550724726147
2015	0.09415580861812259	0.48836405424863166
2016	0.09417448648049571	0.488412490688215
2017	0.09421190770902273	0.4885095189855476
2018	0.09423151058826686	0.4885603389681807
2019	0.09424571927911511	0.4885971713457671
2020	0.09425437284269837	0.48861960212389854
2021	0.09427164624552323	0.48866437318493533
2022	0.09428590287330424	0.48870132195470495
2023	0.09431932869363169	0.48878794039163886
2024	0.0943447915651045	0.4888539136380484
2025	0.09436515019438169	0.4889066555996623
2026	0.09438808209212661	0.48896605717087754
2027	0.0944337136804279	0.4890842373545972
2028	0.09446197801790995	0.4891574241815885
2029	0.09447309978396082	0.48918621954679786
2030	0.09450006733982097	0.48925603421062047
2031	0.09452134406874207	0.4893111092091416
2032	0.09453409805993199	0.48934412005518146
2033	0.09456307083427967	0.4894191013102808
2034	0.09458247919504957	0.4894693235326643
2035	0.09458627477523876	0.48947914459807357
2036	0.09461319004740733	0.48954878222434556
2037	0.09466343451403424	0.48967875275341144
2038	0.09466864283130237	0.48969222346275926
2039	0.09470094267309538	0.48977575498893106
2040	0.09471642992349921	0.48981580194859786
2041	0.0947382224459091	0.48987214754739333
2042	0.09477048137636679	0.4899555426445838
2043	0.09479563857892884	0.490020568656754
2044	0.09481638940081187	0.4900741986195307
2045	0.09485561109778766	0.4901755500549378
2046	0.09486062834568006	0.49018851344053577
2047	0.0948822425918623	0.4902443556372977
2048	0.09491434445932218	0.4903272817358437
2049	0.09492049390071493	0.4903431654785077
2050	0.09494004737638918	0.49039366784654875
2051	0.09497113900600794	0.49047396004464594
2052	0.09498076736817133	0.49049882202525086
2053	0.0950288391900335	0.4906229323579094
2054	0.09503456949483668	0.49063772458618693
2055	0.09504800360464073	0.49067240169463977
2056	0.09507641803750133	0.4907457390381091
2057	0.09510638945469393	0.49082308306631306
2058	0.09511031612678694	0.4908332153056986
2059	0.09515387973313134	0.4909456111946944
2060	0.09515922828008304	0.49095940889144235
2061	0.09520648671292657	0.4910813050686165
2062	0.09521217936924757	0.4910959863965632
2063	0.0952201350143245	0.49111650322425143
2064	0.09525051470299789	0.4911948415747255
2065	0.09527253057536558	0.491251604827729
2066	0.09529718546724575	0.49131516444797185
2067	0.09531276145007857	0.49135531465730237
2068	0.0953349484512805	0.49141250042360274
2069	0.09536153803016133	0.49148102482468187
2070	0.09537664540043184	0.49151995399848325
2071	0.09540365206254162	0.49158953798161176
2072	0.09544726472112147	0.49170188733392123
2073	0.09545260768570152	0.49171564943077634
2074	0.09547958844574465	0.4917851390177749
2075	0.0955111258821696	0.4918663519884749
2076	0.09551457245094347	0.49187522653529236
2077	0.09553075215811814	0.4919168854148101
2078	0.09557689214302086	0.4920356654789746
2079	0.09559503664898143	0.49208236777379716
2080	0.09560518715468107	0.49210849231158044
2081	0.09563452053466823	0.4921839803617299
2082	0.09565056759092457	0.4922252717944056
2083	0.09567520623422694	0.49228866390123843
2084	0.0957212327693101	0.49240706248087707
2085	0.09574279997927176	0.49246253214035957
2086	0.09577337824983846	0.4925411670371425
2087	0.09579056924259743	0.4925853697783598
2088	0.09580838950469177	0.49263118635639014
2089	0.09582653105944994	0.49267782461356074
2090	0.09584297284829678	0.49272008930390077
2091	0.09586596488252862	0.49277918574827406
2092	0.09592229179092744	0.49292393290702397
2093	0.09592793535352188	0.4929384332181697
2094	0.09593490126724072	0.4929563305295598
2095	0.09596273755476001	0.4930278429756118
2096	0.09598903954526944	0.49309540422667875
2097	0.0960190655118294	0.4931725198460418
2098	0.09603412061018651	0.4932111812813478
2099	0.0960523413804128	0.49325796809693156
2100	0.09609095895625598	0.4933571146274199
2101	0.09610814969057059	0.4934012436062753
2102	0.09613137852811163	0.4934608662549612
2103	0.09614439535259811	0.4934942740566642
2104	0.09618353386173462	0.49359470978581294
2105	0.09620613682671482	0.49365270333271877
2106	0.09621493489724096	0.4936752751360918
2107	0.09623462473315775	0.4937257864622157
2108	0.09625109807094488	0.49376804237397354
2109	0.09626707240745433	0.49380901483966055
2110	0.09627662707282586	0.49383351991034713
2111	0.09630930195788787	0.4939173127536818
2112	0.09631979521392452	0.49394421908336456
2113	0.09635127238438523	0.49402492262043035
2114	0.09639052236951057	0.4941255362192159
2115	0.09640320660680275	0.4941580466736729
2116	0.09643135430931458	0.49423018327065704
2117	0.09645800843186324	0.49429848243435875
2118	0.09647828238289051	0.4943504265749222
2119	0.09650487838737948	0.4944185602515396
2120	0.09653323614291534	0.4944911968429149
2121	0.09654429145650115	0.49451951143670697
2122	0.09655423072181127	0.49454496625155536
2123	0.0965570589387057	0.4945522091769867
2124	0.09659730099392297	0.4946552556261215
2125	0.09660043240618603	0.4946632732258081
2126	0.09662465189830607	0.49472527989654236
2127	0.09664407026114247	0.49477498911768336
2128	0.09667648278887711	0.4948579510812217
2129	0.09668997103941496	0.49489247103392137
2130	0.09672003456685968	0.49496940278234985
2131	0.09673299055171203	0.4950025531083044
2132	0.0967446255648888	0.4950323215876101
2133	0.09676038168737304	0.4950726311774119
2134	0.09678269047554358	0.495129699130967
2135	0.0968190145118374	0.49522260532042817
2136	0.09682564004971773	0.4952395496160075
2137	0.09686043291306567	0.49532852013215883
2138	0.09687110607695153	0.49535580979360366
2139	0.09688796473889918	0.495398911772998
2140	0.09691212515695921	0.495460675371689
2141	0.09692933738781677	0.49550467195564923
2142	0.09695192157909348	0.4955623940077469
2143	0.09697011289694746	0.4956088835978728
2144	0.09699750417356011	0.4956788763053661
2145	0.09702395910489404	0.4957464669962581
2146	0.09704514302468256	0.49580058393972204
2147	0.09706490203571762	0.49585105545378094
2148	0.09708916085741749	0.4959130140537348
2149	0.0971196966243038	0.49599099337487484
2150	0.09713890499028928	0.4960400395819365
2151	0.0971498900015422	0.496068086281531
2152	0.09719443760576593	0.4961818080369018
2153	0.0972124887774552	0.496227881903896
2154	0.09723531000921312	0.4962861247649325
2155	0.09725840681852663	0.4963450639783421
2156	0.09727047731095911	0.4963758630817832
2157	0.09730021102048061	0.4964517235505192
2158	0.0973295327584689	0.4965265215940558
2159	0.09735127756383484	0.4965819840487119
2160	0.0973615813538469	0.4966082628055687
2161	0.09739350865872905	0.4966896812848259
2162	0.09742961997274266	0.4967817534107125
2163	0.09743897738310583	0.49680560898522047
2164	0.09746190404357029	0.49686405286413754
2165	0.09747424340108722	0.496895505097714
2166	0.09749743227051189	0.496954606658162
2167	0.09751062724616633	0.4969882336057525
2168	0.09754624277669924	0.4970789872196755
2169	0.09755256964188647	0.49709510727031075
2170	0.09757700973633024	0.4971573726241395
2171	0.09760273524492565	0.49722290436893307
2172	0.09761938044689536	0.4972653008387275
2173	0.09764425488927068	0.49732865101143103
2174	0.09766460304678742	0.4973804676522601
2175	0.09769809411260807	0.4974657409940609
2176	0.09772308457296669	0.4975293609812134
2177	0.09774070011868911	0.4975742012373305
2178	0.0977464284114811	0.49758878169842297
2179	0.09775825403893663	0.4976188806068444
2180	0.09778362578386426	0.4976834513193196
2181	0.09781054522979812	0.49775195174932113
2182	0.0978506901500912	0.4978540888064762
2183	0.097872542782451	0.4979096776582634
2184	0.09789686574220617	0.4979715432457752
2185	0.0979172429406859	0.498023366850722
2186	0.0979593004722687	0.4981303111650522
2187	0.09796602775808566	0.4981474152451657
2188	0.09797748075354921	0.4981765330601844
2189	0.09799198852568759	0.49821341482140413
2190	0.09803204358433497	0.4983152289032164
2191	0.09804579646655699	0.4983501819147934
2192	0.09806636923359364	0.4984024631181106
2193	0.09807932096236946	0.49843537430087703
2194	0.09810415512602956	0.4984984734438987
2195	0.09811066121375182	0.4985150029223048
2196	0.0981512257520756	0.49861804952747435
2197	0.09816023798874157	0.49864094053411545
2198	0.09817574456805717	0.49868032465801504
2199	0.09821850842983768	0.49878892161753025
2200	0.098235677616031	0.49883251536470213
2201	0.09824200115975025	0.49884857031813024
2202	0.0982724927976827	0.4989259788081113
2203	0.09828646358448935	0.49896144214361476
2204	0.09830651214301575	0.49901232884374597
2205	0.09831625386446516	0.4990370531401116
2206	0.09833789024252104	0.4990919614586518
2207	0.09834435640149315	0.4991083699605396
2208	0.09835511771133973	0.49913567662606145
2209	0.09836725392104308	0.499166470287487
2210	0.09839113684573576	0.499227063783863
2211	0.0984472658566383	0.4993694400539938
2212	0.09845751631593679	0.49939543688000726
2213	0.0984720789656296	0.49943236779285954
2214	0.09849292147281295	0.4994852196878779
2215	0.09850877667477438	0.4995254211573241
2216	0.09853626941374467	0.4995951223778882
2217	0.09857605645778691	0.4996959756328959
2218	0.09858294163830256	0.4997134263052211
2219	0.09860864988713808	0.49977857915757135
2220	0.09864485040441831	0.49987030834634993
2221	0.09866038167596361	0.4999096581750542
2222	0.09867970055718334	0.4999585999205456
2223	0.09868813711376186	0.49997997128083
2224	0.09871533343271574	0.5000488583755406
2225	0.09873995551599465	0.5001112168590522
2226	0.09877250316505373	0.5001936358915979
2227	0.09878543384600863	0.5002263759378939
2228	0.09881336331264132	0.5002970850898759
2229	0.0988339080612712	0.500349091940482
2230	0.0988458772182122	0.5003793880990574
2231	0.09888301840418574	0.5004733876616593
2232	0.09889044830433037	0.5004921896638038
2233	0.09890159293791016	0.5005203907945388
2234	0.0989215435216728	0.500570871126322
2235	0.09896013082648136	0.5006684929223307
2236	0.09899228636741347	0.5007498284990657
2237	0.0990031993016021	0.5007774291310245
2238	0.0990425552291983	0.5008769542076152
2239	0.0990508286756536	0.500897873963342
2240	0.09908045305554182	0.5009727732840334
2241	0.09909013098440406	0.5009972395653416
2242	0.09911015669763726	0.5010478617620392
2243	0.09913254566056863	0.5011044518680207
2244	0.09918544297275073	0.5012381291751861
2245	0.09920520703501506	0.5012880659796449
2246	0.09927423456447809	0.5014624351518274
2247	0.09930004431873309	0.5015276171256068
2248	0.09930290310315268	0.5015348364024387
2249	0.0993389195648539	0.5016257797287804
2250	0.09935740287384909	0.5016724445862545
2251	0.0993769377876622	0.5017217597153956
2252	0.09938878216263128	0.5017516580183943
2253	0.0994037388546414	0.5017894100792352
2254	0.09940969490547436	0.501804442906475
2255	0.09945064250579294	0.5019077807765122
2256	0.09946555425732644	0.5019454077007831
2257	0.09946987348727136	0.5019563059163319
2258	0.09947914376876713	0.5019796957512569
2259	0.09952634094206256	0.5020987619812834
2260	0.09954534526269435	0.502146696981741
2261	0.09957675750968425	0.5022259187266692
2262	0.09959898265474737	0.5022819630356806
2263	0.09963094603454054	0.5023625529215441
2264	0.09964412826530818	0.5023957857690222
2265	0.09966066664615877	0.5024374764750043
2266	0.09967227013725397	0.5024667250205573
2267	0.09967940022014958	0.5024846967459327
2268	0.09971622017847959	0.5025774930375171
2269	0.09974250760103173	0.5026437339976455
2270	0.09976657840087134	0.5027043816950386
2271	0.09977762437982991	0.5027322101944185
2272	0.09983105792572784	0.5028668053470287
2273	0.09985694725214316	0.502932005692471
2274	0.09986982443467518	0.5029644327726027
2275	0.09988701845621617	0.5030077271768633
2276	0.09989852416759251	0.503036696382109
2277	0.0999143483180754	0.5030765358754735
2278	0.09995277237342232	0.503173260634647
2279	0.09996545040752033	0.5032051709325335
2280	0.10000785066409801	0.5033118766310378
2281	0.10002205995019613	0.503347631066268
2282	0.10005903819196012	0.5034406664947417
2283	0.10007401220545332	0.5034783354822311
2284	0.1000977553588398	0.503538058551776
2285	0.10012833292157049	0.5036149623287
2286	0.10014628880341962	0.5036601166078281
2287	0.10016653149607928	0.5037110167555782
2288	0.1001785237575174	0.5037411688099706
2289	0.10020891669307189	0.5038175774615059
2290	0.10021913545671755	0.5038432651032343
2291	0.10024956046272535	0.5039197388775721
2292	0.10025849019866329	0.503942181719113
2293	0.10027123508699556	0.5039742113393413
2294	0.10029618151086478	0.5040368991700752
2295	0.1003163876112054	0.5040876693344968
2296	0.1003411814821176	0.5041499598173188
2297	0.10037372646128226	0.504231711992708
2298	0.10037988932923524	0.5042471914706053
2299	0.1004144529844512	0.5043339973345646
2300	0.10042739750602542	0.5043665033719642
2301	0.10045278029938663	0.5044302380809178
2302	0.10047065714910049	0.5044751209719932
2303	0.10049997409846287	0.5045487175486499
2304	0.10051839594971664	0.5045949578368292
2305	0.10055170130654549	0.504678546134833
2306	0.10056155515809873	0.5047032742377918
2307	0.10059422909333549	0.5047852603545266
2308	0.10061749616790797	0.5048436344647688
2309	0.10064127522491847	0.5049032861000936
2310	0.10066198533509384	0.5049552332995464
2311	0.1006839385905086	0.5050102928477838
2312	0.10070960170127093	0.5050746492363147
2313	0.10073583559897875	0.5051404285348698
2314	0.10075133221012199	0.5051792809636917
2315	0.10076927149892834	0.5052242538362516
2316	0.10080460054195817	0.5053128102233768
2317	0.10082278971597847	0.5053583974684628
2318	0.10085069932133765	0.5054283388851151
2319	0.1008597968662109	0.5054511352233216
2320	0.10087385258124422	0.5054863535652173
2321	0.10089432335504293	0.5055376412458935
2322	0.10092890429030031	0.5056242688487029
2323	0.10096142291040253	0.5057057166730402
2324	0.1010002591224379	0.5058029706813884
2325	0.10100572664247617	0.5058166609950376
2326	0.10104621367690171	0.5059180263604554
2327	0.10108115206798518	0.5060054835423894
2328	0.10111361536264088	0.5060867315598996
2329	0.10112870050549409	0.5061244816981566
2330	0.10113891053547423	0.5061500304082791
2331	0.10116757697035861	0.5062217559628974
2332	0.1011994820468985	0.5063015728922514
2333	0.10120605108538873	0.5063180050936901
2334	0.10122753913442854	0.5063717529109861
2335	0.10126173052331856	0.5064572636916095
2336	0.10126780840604925	0.506472462630305
2337	0.10130340031092114	0.5065614580197347
2338	0.10131607853290667	0.5065931553648765
2339	0.1013434946316332	0.5066616927022524
2340	0.10135736004309484	0.5066963512296573
2341	0.10140598864208934	0.5068178864540158
2342	0.10141834242788854	0.5068487570614308
2343	0.10142403756404234	0.5068629878804775
2344	0.10145242266142054	0.5069339096714225
2345	0.10147765323278381	0.5069969413701019
2346	0.10149498965546899	0.50704024715038
2347	0.10152213987703844	0.507108060027625
2348	0.10153611908867877	0.5071429722491855
2349	0.10155291558837191	0.5071849172959522
2350	0.10158625348786594	0.5072681600676836
2351	0.10158802383184186	0.5072725801303792
2352	0.10161457154677765	0.5073388578649014
2353	0.10164907764145098	0.5074249911647752
2354	0.1016740924646001	0.507487423436134
2355	0.10169798744916303	0.5075470536303434
2356	0.10171183707275325	0.5075816123100144
2357	0.1017341103983956	0.5076371855451457
2358	0.10175537486332817	0.5076902359383402
2359	0.10177217729328593	0.5077321505670356
2360	0.10177755372341303	0.5077455616507522
2361	0.10180745501475724	0.5078201416169407
2362	0.10185323278844151	0.50793429957746
2363	0.10187021948947916	0.5079766535025428
2364	0.10190322321868173	0.5080589335169265
2365	0.10192506046465183	0.5081133675830675
2366	0.10194715626066904	0.5081684402063693
2367	0.10195077342787175	0.5081774552391495
2368	0.10196857532594081	0.5082218204169704
2369	0.10199925605060894	0.5082982726032281
2370	0.10202147890446017	0.508353641747404
2371	0.10203133485113769	0.5083781963090458
2372	0.10206443396525343	0.5084606489375167
2373	0.10207273311739629	0.5084813207148582
2374	0.10208903009153329	0.5085219112621152
2375	0.10213176582597937	0.5086283369157282
2376	0.10214760482926795	0.5086677754465051
2377	0.10215038232524999	0.5086746909933795
2378	0.10216234245057056	0.5087044688309416
2379	0.10217759994082604	0.5087424537847084
2380	0.10222684660342961	0.5088650386267118
2381	0.1022359272276768	0.5088876389012572
2382	0.10226183252482621	0.5089521076788694
2383	0.10228693477338835	0.5090145701737776
2384	0.10231495511082786	0.5090842847634426
2385	0.10234416891293537	0.5091569585288381
2386	0.10236886643642837	0.5092183892753603
2387	0.10240340339976507	0.5093042814726181
2388	0.10241925530662704	0.5093436997504825
2389	0.10244494738349028	0.5094075806920059
2390	0.10244644192662247	0.5094112964868985
2391	0.10248601088226515	0.5095096646031629
2392	0.10250558816061009	0.5095583265431003
2393	0.10251211484583575	0.5095745484580432
2394	0.1025705825726167	0.5097198455213686
2395	0.10257659759518496	0.5097347909928156
2396	0.10259992761762608	0.5097927547403094
2397	0.10265641299915616	0.5099330661259777
2398	0.10266396593503066	0.5099518249194886
2399	0.10269070946751996	0.5100182407501764
2400	0.10270697279184357	0.5100586254340572
2401	0.10275120374021605	0.5101684424587498
2402	0.10277854338478142	0.5102363097717603
2403	0.10279249291396406	0.5102709342885571
2404	0.10281761273667495	0.5103332789795192
2405	0.10284922151207133	0.510411717731315
2406	0.10285353178654175	0.5104224129583403
2407	0.10287627725988414	0.5104788483446433
2408	0.10290557234496531	0.5105515252397961
2409	0.10291808088860804	0.5105825539869935
2410	0.10296184474785305	0.5106910999678828
2411	0.10298236268872508	0.5107419819613426
2412	0.10301676057543022	0.5108272731586719
2413	0.10301878886956838	0.5108323019659168
2414	0.10303411724706633	0.5108703044468295
2415	0.10307088134160339	0.510961439352305
2416	0.10308391119376069	0.510993735290436
2417	0.10312330709265734	0.5110913699954034
2418	0.10314540377269492	0.5111461239491081
2419	0.1031511205415152	0.5111602887282901
2420	0.10316360072031276	0.5111912102481769
2421	0.10317168194878806	0.5112112317094206
2422	0.10321288253295206	0.5113132950792061
2423	0.1032389638815438	0.5113778940788658
2424	0.10325573184262568	0.5114194211155385
2425	0.10330713080546029	0.5115466932627043
2426	0.10331920036742909	0.5115765748601434
2427	0.10332833456038014	0.5115991879652266
2428	0.10334530160395405	0.5116411898490384
2429	0.10337085231695983	0.5117044340850276
2430	0.10337922933521668	0.5117251675434922
2431	0.10342769071848423	0.5118450949411334
2432	0.1034313103986008	0.5118540514366829
2433	0.10344799996362017	0.511895345880598
2434	0.1034696784820166	0.5119489793551937
2435	0.10350331497077013	0.5120321861799373
2436	0.10351054501766498	0.5120500694335874
2437	0.10352445299325379	0.5120844685407594
2438	0.10354135366616156	0.5121262664863725
2439	0.10355762556739247	0.5121665061604536
2440	0.103570074958154	0.5121972908048289
2441	0.10359083153862844	0.5122486132146924
2442	0.10366744350016525	0.5124379983042284
2443	0.10368311035384044	0.5124767182126581
2444	0.10368678436116674	0.5124857979293618
2445	0.10370635366790493	0.5125341576054772
2446	0.10371902245688937	0.5125654622872552
2447	0.10373431611570066	0.5126032504969955
2448	0.10376295626850865	0.512674008288567
2449	0.10379010925108155	0.5127410828898267
2450	0.10380410059260474	0.5127756415481738
2451	0.1038344817127125	0.5128506749936187
2452	0.1038502917868061	0.5128897174119793
2453	0.10386493942872402	0.5129258865931512
2454	0.10389365688290401	0.5129967907293506
2455	0.10390716420599233	0.5130301372704177
2456	0.10392845997310668	0.5130827073250347
2457	0.10395545432597642	0.5131493369874128
2458	0.10398194220108936	0.5132147081116342
2459	0.10399349795962083	0.5132432246999733
2460	0.10401132425997646	0.5132872122376934
2461	0.10402318969084323	0.5133164888587249
2462	0.1040621454569064	0.5134125961081047
2463	0.1041179331379298	0.5135501978281788
2464	0.1041332344136131	0.5135879323674395
2465	0.10416215753425452	0.5136592522226553
2466	0.10418177510924506	0.5137076204339492
2467	0.10419137175926163	0.5137312798442254
2468	0.1042076061566332	0.5137713013582359
2469	0.10425092805398697	0.5138780845174379
2470	0.10426712868936935	0.5139180113949527
2471	0.10429565802141222	0.5139883151185886
2472	0.10433090462850142	0.5140751586852039
2473	0.10435492408272132	0.5141343314402752
2474	0.1043643045727003	0.5141574387522194
2475	0.10438911095975187	0.5142185402498756
2476	0.1044117653389743	0.514274334718028
2477	0.10443773078642901	0.5143382764255844
2478	0.10445295556429209	0.5143757647958336
2479	0.10446722995433601	0.5144109105196805
2480	0.1044735984435839	0.5144265899362197
2481	0.1045038800991403	0.5145011377665015
2482	0.10454335655653042	0.5145983052807097
2483	0.1045498241681667	0.5146142229373789
2484	0.10456718752558264	0.5146569540456946
2485	0.10460593685707903	0.5147523031040661
2486	0.10462018381517227	0.5147873556308328
2487	0.10464093741618197	0.5148384125168617
2488	0.10467973896221036	0.5149338564002031
2489	0.10470956008199128	0.5150071982468348
2490	0.10473158622623734	0.515061362481429
2491	0.10473920026563885	0.5150800847522105
2492	0.1047550904361151	0.5151191551285794
2493	0.10477339531931845	0.5151641590708853
2494	0.10480606393075309	0.5152444675595302
2495	0.10482327907549255	0.5152867821143468
2496	0.10485657047717992	0.5153686019999562
2497	0.10491310597582529	0.5155075188767403
2498	0.10492511972977989	0.5155370337936257
2499	0.10493508212207817	0.5155615077245662
2500	0.10497105270251665	0.5156498645320462
2501	0.10498898318621146	0.5156939026571036
2502	0.10500310443596403	0.5157285824745538
2503	0.10503036779065042	0.5157955308699452
2504	0.10505126134689105	0.5158468315901988
2505	0.10508356097277495	0.51592612801623
2506	0.10510039037891278	0.5159674398192012
2507	0.1051180987913792	0.5160109057824114
2508	0.10514751889867019	0.5160831104470971
2509	0.10515271512309278	0.5160958622959297
2510	0.10516854939864746	0.5161347186224989
2511	0.10520811290563838	0.516231792222733
2512	0.10523251347929374	0.5162916527280138
2513	0.1052499462210484	0.516334415207196
2514	0.10525759284390672	0.5163531712397395
2515	0.10529375405092564	0.5164418600934616
2516	0.1053133305146151	0.5164898669079824
2517	0.10533542593085363	0.5165440455196475
2518	0.10535003540906646	0.5165798652700659
2519	0.10535653820640435	0.5165958081329414
2520	0.1053766836889085	0.5166451955489894
2521	0.10540505514483432	0.5167147412463475
2522	0.10540721083252931	0.5167200250058074
2523	0.10543192479567462	0.5167805970061021
2524	0.105443116438706	0.5168080245168065
2525	0.10548064265903023	0.5168999799105422
2526	0.10550956940846261	0.5169708517352111
2527	0.10552893355687201	0.517018289332953
2528	0.10555921449470351	0.5170924617671117
2529	0.10559139463124545	0.517171274583677
2530	0.10560484249860638	0.5172042063832027
2531	0.10563420555099134	0.5172761047845524
2532	0.10565449071989148	0.5173257692346097
2533	0.10567562289366556	0.517377502347843
2534	0.10571499026226827	0.5174738627653763
2535	0.10573812605028458	0.5175304843977768
2536	0.10576919975652505	0.5176065232379087
2537	0.10577639105357811	0.5176241190928756
2538	0.10580178572007846	0.5176862506464684
2539	0.10581311834490623	0.5177139750696723
2540	0.10583233596606166	0.5177609861562713
2541	0.10584898093122809	0.51780170043641
2542	0.1058641288404211	0.5178387500729157
2543	0.10588165867789373	0.5178816222595078
2544	0.10592975326736612	0.5179992275018227
2545	0.10593643657989853	0.518015568029477
2546	0.10594665603022382	0.5180405533266571
2547	0.10596637326608681	0.5180887561344109
2548	0.10601940289230002	0.5182183756345855
2549	0.10602987195460542	0.5182439611707672
2550	0.10605575840078897	0.5183072201158119
2551	0.10606897164199548	0.5183395064580377
2552	0.1060999054809457	0.5184150849315778
2553	0.1061168650591592	0.5184565164004563
2554	0.10612582006396167	0.5184783917293537
2555	0.10614194836639654	0.5185177876964226
2556	0.10616060378188848	0.5185633528095515
2557	0.10617636568984153	0.51860184752501
2558	0.10619241821111103	0.51864104905778
2559	0.10622433295587039	0.5187189786007921
2560	0.10627573629057259	0.5188444708470678
2561	0.10629962453169405	0.5189027794782309
2562	0.10632521695958963	0.5189652405772689
2563	0.10635694298046178	0.5190426609413971
2564	0.10636515039220379	0.5190626874414512
2565	0.10637336830126094	0.5190827387813693
2566	0.10643741065728367	0.5192389728089659
2567	0.10644464810565402	0.5192566259130472
2568	0.10644756101127922	0.5192637307098864
2569	0.10646842223352497	0.5193146099658874
2570	0.10648609934000768	0.5193577194553309
2571	0.10651881255724867	0.5194374883517371
2572	0.10652420847842688	0.5194506447519159
2573	0.10654667683733508	0.519505423793802
2574	0.10656980687002554	0.5195618099980456
2575	0.1066161268802247	0.5196747101456626
2576	0.10664570858918701	0.5197467996141582
2577	0.10666273393686225	0.5197882851879543
2578	0.10668743398114927	0.5198484657683768
2579	0.10670055542698306	0.5198804327653824
2580	0.10672697338141457	0.5199447872925111
2581	0.10675852309110109	0.5200216324162942
2582	0.10678771970561604	0.520092736028353
2583	0.10678876829505411	0.5200952895167716
2584	0.10680226195992165	0.5201281477001102
2585	0.10683447358575596	0.5202065772665607
2586	0.10685831604990524	0.520264621801853
2587	0.10686343610380998	0.5202770857405484
2588	0.10691212406584287	0.5203955937508294
2589	0.1069196022998476	0.5204137936136086
2590	0.1069257599875727	0.5204287791701505
2591	0.10693313144881329	0.5204467180394083
2592	0.10696670042446327	0.5205284022286236
2593	0.10701177192260404	0.5206380556252368
2594	0.10703543494263357	0.5206956155905256
2595	0.10705760217519002	0.5207495313019813
2596	0.10706846551593777	0.5207759513599053
2597	0.10709302407049028	0.5208356737592301
2598	0.10713661923032759	0.5209416732131958
2599	0.10714545201056268	0.5209631470496533
2600	0.10716198778897473	0.5210033456705648
2601	0.10718374345336065	0.5210562291553608
2602	0.10719380053195296	0.5210806740028712
2603	0.10721645810126935	0.5211357415423031
2604	0.10724120376268956	0.521195877387279
2605	0.10728679795750316	0.5213066602779777
2606	0.10729497482150369	0.5213265255947191
2607	0.10730870485971139	0.5213598803914047
2608	0.10731332890595051	0.5213711132463114
2609	0.10735830213964173	0.5214803507894452
2610	0.10738363476083579	0.5215418722773931
2611	0.10740345438622435	0.5215900001305804
2612	0.10742097981838881	0.5216325533117185
2613	0.10745371633095717	0.521712030941951
2614	0.10747815621570186	0.5217713581453634
2615	0.10749888043202795	0.5218216603726609
2616	0.10750079628487624	0.521826310323693
2617	0.10750887414649726	0.5218459155809929
2618	0.1075309019219688	0.5218993740326565
2619	0.10755851425703938	0.5219663777270667
2620	0.1075985522500782	0.5220635180690983
2621	0.10763065814404772	0.5221414004636905
2622	0.10764070381247418	0.5221657668342295
2623	0.10765836369611888	0.5222085991837373
2624	0.10769058073133753	0.5222867294552048
2625	0.10770916558869138	0.522331794703954
2626	0.1077172202063866	0.5223513246308726
2627	0.10775206052961356	0.5224357931012706
2628	0.10776767435561599	0.5224736435425821
2629	0.10782598806136717	0.5226149811658141
2630	0.10783537120968682	0.5226377199660425
2631	0.10785731301521634	0.5226908891247389
2632	0.107870247665685	0.5227222297037009
2633	0.10789165320322872	0.5227740910627057
2634	0.10790443203976871	0.5228050491890301
2635	0.10793230152758679	0.522872559707334
2636	0.10795518741425163	0.5229279915275709
2637	0.10796672182430732	0.522955926752012
2638	0.10797526285060481	0.522976611329238
2639	0.10799120647958818	0.5230152212712652
2640	0.10802269186689671	0.5230914595930587
2641	0.10804401026479958	0.523143073386179
2642	0.1080606398103037	0.5231833315032116
2643	0.10807866813947258	0.523226972406887
2644	0.10808886723824367	0.5232516595989692
2645	0.10810883376455767	0.523299985739611
2646	0.10812093163434403	0.5233292647437608
2647	0.1081482722019041	0.5233954277636892
2648	0.10818357316147237	0.5234808422274356
2649	0.10820672411636861	0.5235368508834684
2650	0.10822042674085229	0.5235699985544275
2651	0.10823852873151213	0.5236137854032279
2652	0.1082535896491354	0.5236502134195297
2653	0.10828484630232255	0.5237258061636708
2654	0.10831235688339087	0.5237923301822243
2655	0.10833173406550471	0.5238391815561594
2656	0.1083429070427168	0.5238661943810987
2657	0.1083819667485384	0.5239606178006448
2658	0.10838802337880872	0.5239752576503356
2659	0.10842582132544162	0.5240666121277628
2660	0.10845296410830241	0.5241322041424901
2661	0.10846760342428913	0.5241675774405213
2662	0.1084885780586078	0.5242182547463166
2663	0.10850175231481317	0.5242500828708508
2664	0.10856814409972122	0.524410451598676
2665	0.10859517993358347	0.52447574234958
2666	0.10861419575372966	0.5245216601326281
2667	0.10864772692080761	0.5246026185473618
2668	0.10865950335145236	0.5246310488658285
2669	0.10867184228347053	0.5246608355061335
2670	0.1086802140159359	0.5246810442164503
2671	0.1087166432621106	0.5247689725189906
2672	0.1087585106768383	0.5248700085917275
2673	0.10877779636258574	0.5249165430159151
2674	0.10881016194633246	0.5249946286517317
2675	0.10884099095717276	0.525068996332785
2676	0.10886783100465888	0.5251337330094588
2677	0.10890216756651573	0.5252165392214131
2678	0.10892592475920364	0.5252738245370865
2679	0.10893881794106365	0.525304911032634
2680	0.10895301240082779	0.5253391328862029
2681	0.1089702994257815	0.5253808076884726
2682	0.10900386856107872	0.5254617252478769
2683	0.10902727226758806	0.5255181319246982
2684	0.10903110121006337	0.5255273597123372
2685	0.10906112452505122	0.5255997105702517
2686	0.10909212218536608	0.5256743989794354
2687	0.10911320644551074	0.5257251951326483
2688	0.10914018658357243	0.5257901884643397
2689	0.10914608076079843	0.5258043860702375
2690	0.10918839047872174	0.5259062883995831
2691	0.10920729551988927	0.5259518145295627
2692	0.10921959290307204	0.5259814263283874
2693	0.10926651410395752	0.5260943961237154
2694	0.10928729723808327	0.5261444268701613
2695	0.10929078740996259	0.5261528282117105
2696	0.10932569438824102	0.5262368469084296
2697	0.10934729466656248	0.5262888305752919
2698	0.10934967952656187	0.5262945697128741
2699	0.1093680742463552	0.5263388342872215
2700	0.10939491453473554	0.5264034153798346
2701	0.10941269752696292	0.5264461991211445
2702	0.10943649433008172	0.5265034459294574
2703	0.10947895879429473	0.5266055851584278
2704	0.10949746999386836	0.5266501037086696
2705	0.10951089552520105	0.5266823891155898
2706	0.10953376873624253	0.5267373895262574
2707	0.10956310103278244	0.5268079129057109
2708	0.1095644425597026	0.5268111381011779
2709	0.10957518775201307	0.5268369701506831
2710	0.10960360126343134	0.5269052717356175
2711	0.10964666083388533	0.5270087632563247
2712	0.10967598408821817	0.5270792285984316
2713	0.10969211251804105	0.5271179820589794
2714	0.10973657053345472	0.5272247912215168
2715	0.10975948428025266	0.5272798324203888
2716	0.10976822173140773	0.5273008191721373
2717	0.10978462171854943	0.5273402085488498
2718	0.10979807175693007	0.5273725105630509
2719	0.10982509672801434	0.527437408560535
2720	0.10984677098418905	0.5274894515355985
2721	0.10987863351255288	0.5275659486818173
2722	0.1098903287112223	0.5275940243149642
2723	0.10990276169970872	0.5276238694568427
2724	0.10995417651605748	0.5277472717806191
2725	0.10998717349800492	0.5278264536792411
2726	0.1099942737850577	0.5278434904787781
2727	0.1100157206005559	0.5278949477491991
2728	0.11004050569758371	0.5279544082999402
2729	0.11006356607662764	0.5280097251621976
2730	0.11009421407213123	0.5280832341074686
2731	0.11013587717438854	0.5281831462819625
2732	0.11014673169230943	0.5282091733692372
2733	0.11015212838069188	0.5282221131330872
2734	0.11019227852073432	0.5283183720973857
2735	0.11019914440486882	0.5283348311282527
2736	0.11023591094801194	0.5284229598769284
2737	0.11027171179919977	0.5285087597576498
2738	0.11028210257332025	0.5285336595514986
2739	0.11031725299515158	0.5286178831042014
2740	0.11032947553198892	0.5286471662508602
2741	0.11036337555166209	0.5287283765205569
2742	0.1103843955103002	0.528778725286216
2743	0.11039841531975393	0.5288123040432541
2744	0.11042655349338946	0.5288796911718362
2745	0.11043731593343206	0.5289054634933601
2746	0.11044705527114304	0.5289287847562788
2747	0.11047573438440547	0.5289974521548454
2748	0.1105001445424809	0.5290558912242325
2749	0.11051941074785615	0.5291020108706889
2750	0.11055368650206326	0.5291840505978039
2751	0.11057355919938701	0.5292316104858927
2752	0.11059038065385841	0.5292718647155232
2753	0.11062969284292264	0.5293659279909035
2754	0.11064653829639004	0.5294062294210307
2755	0.11068049263407095	0.529487453195931
2756	0.11068650045186518	0.5295018234833275
2757	0.11070278571929366	0.5295407747628863
2758	0.1107383713038623	0.5296258787816515
2759	0.11075091500438966	0.5296558741672414
2760	0.11077941415063189	0.5297240170321156
2761	0.11082868403363894	0.5298418030811546
2762	0.11083671312473936	0.529860995184249
2763	0.11086665429558093	0.5299325580575339
2764	0.11088072379893454	0.5299661824661457
2765	0.1109178145204511	0.5300548145738586
2766	0.110920958256812	0.530062326175101
2767	0.11094699730560782	0.5301245394351262
2768	0.11099832489957466	0.5302471514545887
2769	0.11101299841379468	0.5302821985239958
2770	0.11103181836238962	0.530327145786591
2771	0.11107104869504827	0.5304208264686426
2772	0.11107713324679468	0.5304353546864171
2773	0.11112369842146018	0.5305465262035804
2774	0.11115056303007462	0.5306106532244547
2775	0.11117664605737353	0.5306729071615376
2776	0.11119976831272091	0.5307280883393163
2777	0.11121445137932674	0.5307631264457978
2778	0.11124039770634131	0.5308250363430949
2779	0.11126095443185303	0.530874081117813
2780	0.11129795587678967	0.5309623487194277
2781	0.1113202829489797	0.5310156032474092
2782	0.11134475282672741	0.5310739626611869
2783	0.11136307654575267	0.5311176596001879
2784	0.11137342521277589	0.5311423366847985
2785	0.11141824960270336	0.531249210187756
2786	0.11145486679764603	0.5313364995588745
2787	0.11146433273986937	0.531359062475879
2788	0.11149196057686568	0.5314249104096627
2789	0.11149893453667957	0.5314415307919579
2790	0.11152737479921608	0.5315093044125444
2791	0.11154159960141083	0.5315431991117989
2792	0.11156335280391609	0.5315950282194809
2793	0.11157556199034226	0.5316241155724424
2794	0.11160357683006618	0.531690852541414
2795	0.11162048690038362	0.5317311316678114
2796	0.11164091689973916	0.5317797910579737
2797	0.11168648175454464	0.5318882996487482
2798	0.11171323686228221	0.5319520042098452
2799	0.11173196941098391	0.5319966023228578
2800	0.11174455139605441	0.5320265551864622
2801	0.1117708243120345	0.5320890954503933
2802	0.11179724028962912	0.5321519688492797
2803	0.11183626884905422	0.5322448482100312
2804	0.11185205749048581	0.5322824170889752
2805	0.11186487129560056	0.5323129054321553
2806	0.1118891116810474	0.5323705766693717
2807	0.11189729011155584	0.5323900328798172
2808	0.11191945255890608	0.5324427530211494
2809	0.11195251117009569	0.5325213833125879
2810	0.11197605850819144	0.5325773838507978
2811	0.11199091158579454	0.5326127045747782
2812	0.11203897515141029	0.5327269840250806
2813	0.1120644086151833	0.5327874465721024
2814	0.11208567263440189	0.532837991902553
2815	0.11214402206801305	0.5329766659589843
2816	0.11216605241841068	0.5330290142067621
2817	0.1121775940610892	0.5330564372640826
2818	0.1121890496543096	0.53308365447207
2819	0.11221031277392463	0.5331341695825722
2820	0.11222733110394525	0.533174596834889
2821	0.1122716256254844	0.5332798046465529
2822	0.11230106976136024	0.5333497285190535
2823	0.11232326260629392	0.5334024259827604
2824	0.11235232939020984	0.5334714379121863
2825	0.11236980802244728	0.5335129323275862
2826	0.1123894213533394	0.5335594906927678
2827	0.11244801675565172	0.5336985609839454
2828	0.1124649107091784	0.5337386503529062
2829	0.11247664263616201	0.5337664884561055
2830	0.11249395202770039	0.5338075583951083
2831	0.11250679304147594	0.5338380241867666
2832	0.11255685488885983	0.5339567812178071
2833	0.11259708426727491	0.5340521944664881
2834	0.11260631984975833	0.5340740963744646
2835	0.11262095279444187	0.5341087961268766
2836	0.11266260401785365	0.5342075531865341
2837	0.11267199487011836	0.5342298168281359
2838	0.11271093464947055	0.5343221245668441
2839	0.11273225665120512	0.534372662159077
2840	0.11273841620042205	0.534387260685936
2841	0.11277619046035049	0.5344767793848771
2842	0.11279311745816331	0.5345168886835973
2843	0.11280616524280142	0.5345478039545113
2844	0.11283405261676954	0.5346138739839186
2845	0.11285029065775909	0.534652340960399
2846	0.11286409562498727	0.5346850419498748
2847	0.11289601806894976	0.5347606516752549
2848	0.11291935906218556	0.5348159290884245
2849	0.11293902697430092	0.5348625032754815
2850	0.11296622273152503	0.534926896938206
2851	0.11297583990566543	0.5349496664683758
2852	0.11300612524556634	0.5350213634209361
2853	0.11305239571575483	0.5351308847254264
2854	0.1130608915172016	0.5351509916869157
2855	0.11309148798380057	0.535223397899226
2856	0.11310536797539253	0.5352562415219755
2857	0.11312562005664226	0.5353041595292672
2858	0.11312913424973281	0.5353124739480907
2859	0.11317347275294568	0.5354173657112044
2860	0.11321599754219697	0.535517947462725
2861	0.11322917889580604	0.5355491208222112
2862	0.1132553606408975	0.5356110341922844
2863	0.1132755876006887	0.5356588610638626
2864	0.11327982074365225	0.5356688698371672
2865	0.11331162901367238	0.5357440708042015
2866	0.11331853133819228	0.5357603878546072
2867	0.11333217459962165	0.5357926389743054
2868	0.11336540515621844	0.5358711841126246
2869	0.11337733517513791	0.5358993795977206
2870	0.11339466910638005	0.5359403440813191
2871	0.1134390813135811	0.5360452871251514
2872	0.11347894725901875	0.5361394701647977
2873	0.113507076073216	0.5362059143531873
2874	0.11353016739881111	0.5362604531367077
2875	0.11353770631674963	0.5362782579040628
2876	0.11356635239409475	0.5363459063535626
2877	0.11358722439279395	0.5363951907433291
2878	0.11359733135608079	0.5364190543685622
2879	0.11364603989959715	0.5365340455849652
2880	0.11365854444746769	0.5365635623684852
2881	0.1136871421559983	0.5366310606958274
2882	0.11371905645118809	0.5367063770420939
2883	0.11374029349226608	0.5367564896777177
2884	0.11375785994019574	0.5367979373503375
2885	0.11377278168066259	0.5368331423764209
2886	0.11381174682872103	0.536925062394026
2887	0.11383335008599547	0.5369760183814423
2888	0.1138573010388015	0.5370325062684751
2889	0.11389911585810748	0.5371311115209053
2890	0.11390469595058063	0.5371442687984703
2891	0.11393733533287491	0.537221222611558
2892	0.11396820273237572	0.5372939884836037
2893	0.1140100458567737	0.537392612465912
2894	0.11402703653802955	0.5374326542287378
2895	0.1140368359396901	0.5374557470208459
2896	0.11406322524620238	0.5375179298405233
2897	0.1141071299899414	0.5376213694740555
2898	0.11412479361721416	0.5376629793892654
2899	0.11413366070208285	0.5376838662207639
2900	0.1141804227731725	0.5377940030382994
2901	0.11419681638709693	0.5378326089157739
2902	0.114217444750165	0.5378811834106417
2903	0.11422715900380931	0.5379040564628389
2904	0.114262665007336	0.537987650152679
2905	0.1142967471140411	0.5380678792695591
2906	0.11432809906806245	0.5381416710578562
2907	0.11435765818820101	0.5382112338617286
2908	0.11437353609066923	0.5382485963305192
2909	0.11439362017278501	0.5382958526926436
2910	0.11442400381214955	0.5383673352681432
2911	0.11444715745078485	0.5384218016904084
2912	0.11445858340252038	0.5384486779716406
2913	0.11451553364105937	0.5385826171061359
2914	0.1145425457806404	0.5386461343013562
2915	0.11455840202653185	0.5386834156885236
2916	0.11458313899407054	0.5387415723783017
2917	0.11460977750853173	0.5388041925913906
2918	0.11466043112237873	0.5389232459793074
2919	0.11470370085171881	0.5390249238780398
2920	0.11471373073650994	0.5390484899864818
2921	0.114745006421304	0.5391219683817359
2922	0.11476465619366101	0.5391681279959457
2923	0.11479381863780386	0.5392366267054192
2924	0.1148028380209711	0.5392578102773321
2925	0.11483443796651079	0.5393320216177216
2926	0.11486180993152557	0.5393962954448523
2927	0.1148881238672732	0.5394580776275015
2928	0.11492787625588374	0.5395513983804138
2929	0.11495278219332496	0.5396098581112223
2930	0.1149787624850932	0.5396708328404172
2931	0.11499231492846816	0.5397026371612254
2932	0.1150316000290216	0.5397948192424649
2933	0.11506900093963478	0.5398825654661888
2934	0.11509476303650679	0.5399429975914872
2935	0.11511178658695215	0.5399829273274468
2936	0.11511746929477677	0.5399962557946126
2937	0.11516502572373566	0.5401077837932353
2938	0.11518285612777632	0.540149593219426
2939	0.1152047725365073	0.540200979235484
2940	0.11521810998606764	0.5402322483167709
2941	0.11523331112259054	0.5402678845258496
2942	0.11524986920556915	0.5403066991665079
2943	0.11527576176434379	0.5403673896357868
2944	0.11529063686628625	0.5404022528220969
2945	0.1153111074248239	0.5404502265572073
2946	0.11535769126582167	0.5405593821528678
2947	0.11536920186266389	0.5405863504713306
2948	0.11540363382461513	0.5406670135068747
2949	0.11541642338916303	0.5406969722866135
2950	0.11547788711541211	0.54084092418874
2951	0.11548911091154537	0.5408672068863759
2952	0.11552477558137479	0.5409507141590019
2953	0.11553685309120745	0.5409789902010402
2954	0.115563806509934	0.5410420886088025
2955	0.11559700035552642	0.5411197858509066
2956	0.11560828705696505	0.5411462022301093
2957	0.11564486517879999	0.5412318039926106
2958	0.11565110098570691	0.5412463959570728
2959	0.11568206822372598	0.5413188543426168
2960	0.11570332879956907	0.5413685950759938
2961	0.11573550872007161	0.5414438737537385
2962	0.11576430643974825	0.5415112315562582
2963	0.11578496820263483	0.5415595542120817
2964	0.11581009231664902	0.5416183073739824
2965	0.11581543336336135	0.5416307966798343
2966	0.11584951468692646	0.5417104844039431
2967	0.11585384322485465	0.541720604396599
2968	0.11589894726284387	0.5418260450465251
2969	0.11591153858433945	0.5418554763778888
2970	0.11594208502913936	0.5419268699089531
2971	0.11596002067277203	0.5419687849363535
2972	0.11598800692389581	0.5420341814384506
2973	0.11601855016627012	0.5421055439528532
2974	0.11605204752491846	0.5421837977892061
2975	0.1160626869203791	0.542208650326301
2976	0.11609254022005296	0.5422783784922275
2977	0.11612307036800616	0.5423496782965499
2978	0.11613241970095108	0.542371510761199
2979	0.11617518062240256	0.5424713544186461
2980	0.1162058264511737	0.5425428989084153
2981	0.1162135896761445	0.5425610211160832
2982	0.11623662646479106	0.5426147938472299
2983	0.11629323009725409	0.5427468960555294
2984	0.1163289890270869	0.5428303340873223
2985	0.1163391287132591	0.5428539911711814
2986	0.1163706982505395	0.5429276400245395
2987	0.11642379361096461	0.5430514841354981
2988	0.11643908159941378	0.5430871378967744
2989	0.11648666464187843	0.5431980933357068
2990	0.11649542429197904	0.5432185168571365
2991	0.11651943654576881	0.5432744985786518
2992	0.11654565654599515	0.543335620811262
2993	0.11656117528842869	0.5433717937804402
2994	0.11658160019574672	0.5434193989643932
2995	0.11659281017133478	0.5434455247499161
2996	0.11661754129082536	0.5435031582504586
2997	0.116645665901923	0.5435686925314913
2998	0.11666685984927154	0.5436180721758602
2999	0.11669120055945216	0.5436747779098962
3000	0.11670588144603478	0.5437089766184889
3001	0.11673789964385965	0.5437835546410863
3002	0.11674656060315003	0.5438037263243718
3003	0.1167717852491919	0.5438624711626483
3004	0.11681462948171323	0.5439622351303101
3005	0.11683891614362538	0.5440187791623331
3006	0.11687048247860829	0.544092262894719
3007	0.11691390729676299	0.5441933359490047
3008	0.11695086524180631	0.5442793423048113
3009	0.11698668390984922	0.5443626844355282
3010	0.11701168935153985	0.5444208590140684
3011	0.11704054248319931	0.5444879774301077
3012	0.11706892173961057	0.5445539854433318
3013	0.11709225115894738	0.5446082419241918
3014	0.11710370151924573	0.5446348696817283
3015	0.11712480995913138	0.5446839538448907
3016	0.11714441245953706	0.5447295322356834
3017	0.11717875996540886	0.5448093855088115
3018	0.11720422286276191	0.544868575723523
3019	0.11722255393366524	0.5449111835483197
3020	0.11727246639259734	0.5450271806905703
3021	0.11728504126727882	0.545056400954245
3022	0.1173341920760507	0.5451705977712678
3023	0.11735162333827542	0.5452110917592574
3024	0.11738822979511675	0.5452961212183306
3025	0.11742057365488856	0.5453712384877623
3026	0.11746716663686506	0.5454794305670917
3027	0.11748280702249389	0.5455157437979454
3028	0.11748785595031518	0.545527465683447
3029	0.11752645125605618	0.5456170624774817
3030	0.1175506577078499	0.5456732488635166
3031	0.1175709691671331	0.5457203899916927
3032	0.1176086346842905	0.5458077976011705
3033	0.11762368645787938	0.5458427232364209
3034	0.11766710531856135	0.5459434583994092
3035	0.11768004088173226	0.5459734663272636
3036	0.11769079243824554	0.5459984065399964
3037	0.11774381256901	0.5461213798272412
3038	0.11776618159611225	0.5461732535670367
3039	0.11780858631500501	0.5462715765256285
3040	0.11783315207081305	0.5463285285487163
3041	0.11784619010911371	0.5463587528749236
3042	0.11786397932711773	0.546399988523667
3043	0.11789149453035755	0.5464637630096785
3044	0.11793337449554317	0.5465608177264653
3045	0.1179500979783876	0.546599568743653
3046	0.1179816392681573	0.5466726475424776
3047	0.11798346206890327	0.5466768705362717
3048	0.11802358334427113	0.546769813684977
3049	0.11802499868030447	0.5467730921005161
3050	0.11805952940458733	0.5468530713012398
3051	0.11806987020758977	0.5468770201348823
3052	0.11807935153144253	0.5468989775319553
3053	0.11809832798541191	0.5469429216517503
3054	0.11813763373771138	0.5470339314692101
3055	0.11816042055949562	0.5470866858849208
3056	0.11816714164747773	0.547102245094365
3057	0.11817556357800127	0.5471217411020439
3058	0.1182192788005074	0.5472229267298273
3059	0.11826729725182963	0.5473340512857902
3060	0.11828225800327427	0.5473686689271161
3061	0.11828472919638408	0.5473743868033263
3062	0.11832936735086971	0.5474776608178262
3063	0.11836910729808076	0.547569586040739
3064	0.11838204345961863	0.5475995062422973
3065	0.11841887921410377	0.5476846951421591
3066	0.11842515293755058	0.547699202866046
3067	0.11844629159887522	0.5477480823104461
3068	0.11849362232833248	0.5478575105016764
3069	0.11851855096888814	0.5479151364922388
3070	0.1185274791953708	0.5479357738450672
3071	0.11855495644875745	0.5479992818928927
3072	0.11857637147305566	0.5480487732359096
3073	0.11861266477255357	0.5481326389178103
3074	0.11863368605888351	0.5481812085317562
3075	0.1186410424648991	0.5481982044675672
3076	0.11868142910998936	0.5482915027142015
3077	0.11870864580753644	0.548354367766756
3078	0.1187802596232091	0.5485197467395032
3079	0.11878942320005796	0.5485409047413828
3080	0.11882176980341043	0.5486155840640924
3081	0.11883077606903107	0.5486363752207059
3082	0.11886141501067497	0.5487070999733507
3083	0.11891005101174823	0.5488193491406044
3084	0.11892198571063928	0.5488468902495289
3085	0.11897223637889727	0.5489628360520322
3086	0.11898092198112753	0.5489828742809408
3087	0.11900450916099407	0.549037287693974
3088	0.1190388163609593	0.5491164215638464
3089	0.11904214863450788	0.5491241072640964
3090	0.11909034175135992	0.5492352499336733
3091	0.11911909397643689	0.5493015474278754
3092	0.1191637614277236	0.5494045267219446
3093	0.11918482375152537	0.5494530784990005
3094	0.11920126861480858	0.5494909833631125
3095	0.11925718886494727	0.5496198581253684
3096	0.11926828973279482	0.5496454377801239
3097	0.11929823657990642	0.5497144381607808
3098	0.11931248836788008	0.549747272592687
3099	0.11932424693236006	0.5497743614564838
3100	0.11934138126242115	0.5498138323832598
3101	0.11936431604057307	0.5498666608839915
3102	0.11938781575902718	0.5499207854172788
3103	0.11942527561109009	0.5500070519072838
3104	0.11946113829918138	0.550089627604378
3105	0.11947406138321057	0.5501193806367743
3106	0.11951941990539469	0.550223797587061
3107	0.11952854711669302	0.5502448063611663
3108	0.11953564285212337	0.5502611385835448
3109	0.11957075998984049	0.5503419604066917
3110	0.11958734636631423	0.5503801296982945
3111	0.11959873259480291	0.550406330650742
3112	0.11963557502771124	0.5504911005576835
3113	0.11965800995633047	0.5505427141751082
3114	0.11968557466531148	0.5506061227000993
3115	0.1197143181762508	0.5506722351078019
3116	0.11973076539944956	0.5507100614857965
3117	0.11976470885452738	0.550788118606288
3118	0.11981221788918524	0.5508973528603374
3119	0.1198253288071866	0.550927494078669
3120	0.11982572860464827	0.5509284131632739
3121	0.11983849079935605	0.5509577510548843
3122	0.11984906805286548	0.5509820649926789
3123	0.11990885739585784	0.5511194826157741
3124	0.11994175254105932	0.551195072995854
3125	0.11997588224552377	0.5512734893374406
3126	0.11998023363475525	0.5512834862790347
3127	0.1199922898083003	0.5513111833514007
3128	0.12004818478011181	0.5514395746643149
3129	0.12009043888256932	0.5515366129259834
3130	0.12010469025135603	0.5515693379229201
3131	0.12015780378907163	0.5516912838712374
3132	0.12017963925607533	0.5517414091615458
3133	0.12019275261681071	0.5517715098791898
3134	0.12025063020363339	0.5519043438445582
3135	0.12027871648051805	0.5519687927093057
3136	0.12029275619628785	0.5520010064669046
3137	0.12030310366740445	0.5520247472632144
3138	0.12033300859607265	0.5520933541171067
3139	0.12036548424534092	0.5521678489742867
3140	0.12037285795663819	0.5521847618956984
3141	0.12039315200638535	0.5522313072421364
3142	0.12042937855317368	0.552314384760516
3143	0.12047887134905022	0.5524278652728608
3144	0.12048689158161147	0.552446252423113
3145	0.12052134995664938	0.5525252445816417
3146	0.12056064239606931	0.5526153045399601
3147	0.1205661531964287	0.5526279343574467
3148	0.12059670723436745	0.5526979537816568
3149	0.12060216330387614	0.5527104562969217
3150	0.1206337569995131	0.5527828472971267
3151	0.12065407817398366	0.552829404429789
3152	0.12067552395934211	0.5528785338671871
3153	0.12071212679906075	0.5529623760142154
3154	0.12073362820826114	0.5530116210289431
3155	0.12079314665989577	0.5531479142076883
3156	0.12081518568970255	0.553198373557799
3157	0.12081880908115074	0.5532066690349597
3158	0.12086641044766874	0.5533156371681196
3159	0.12087347096687506	0.5533317981454221
3160	0.12089125490322457	0.5533725020959033
3161	0.12092483250685312	0.5534493464983926
3162	0.12095135024259004	0.5535100264212298
3163	0.1210134089596784	0.5536520079577539
3164	0.12103521308922498	0.5537018840685127
3165	0.12106474442852083	0.5537694287132023
3166	0.12109003368148957	0.5538272642290863
3167	0.12111364328924135	0.5538812530123793
3168	0.12113091153145364	0.5539207374770219
3169	0.12115575038867223	0.5539775274931759
3170	0.12119003340477207	0.5540559004845396
3171	0.12120686176386529	0.5540943670470769
3172	0.1212339783610062	0.554156345029353
3173	0.1212526009036727	0.5541989048960152
3174	0.1212653572062632	0.5542280562005932
3175	0.12132875200856982	0.5543729062554423
3176	0.12134308326358732	0.5544056463305135
3177	0.12135954535965619	0.554443251974124
3178	0.12138975635600993	0.5545122586628791
3179	0.1214110953957502	0.5545609952264344
3180	0.1214254358624505	0.5545937452343358
3181	0.12148351440540502	0.5547263622012276
3182	0.12148734881034094	0.5547351165936565
3183	0.1215182540201026	0.5548056717383565
3184	0.12156447310618348	0.5549111710046969
3185	0.12157165241513476	0.5549275566304372
3186	0.1215928954898189	0.5549760377211126
3187	0.12161533127509583	0.5550272362259806
3188	0.12164400560166538	0.5550926642195696
3189	0.12167888427140754	0.5551722386547837
3190	0.1216890854391998	0.5551955100978881
3191	0.12171212798788997	0.5552480723879732
3192	0.12175203377724982	0.5553390895983263
3193	0.12177118551378713	0.5553827656232085
3194	0.12180512969832119	0.5554601677664949
3195	0.12181304513959504	0.5554782156144042
3196	0.12185974453660997	0.5555846820933122
3197	0.1218648476875322	0.5555963151506901
3198	0.12189892515657938	0.5556739913353329
3199	0.12191956680886976	0.5557210366385437
3200	0.12195654473227964	0.5558053047037813
3201	0.12196079704333677	0.5558149943700736
3202	0.12197098637921189	0.5558382119429166
3203	0.12201308216059177	0.5559341217409034
3204	0.12203173861502149	0.555976622770221
3205	0.12207077366324261	0.5560655375036716
3206	0.12208068617370937	0.5560881141344327
3207	0.12211110789384357	0.556157396605428
3208	0.12215568237148242	0.5562588950028858
3209	0.12217025838969421	0.5562920813343424
3210	0.12220846339542077	0.5563790561886384
3211	0.12221538659640915	0.5563948156105828
3212	0.12225236214341781	0.5564789762363762
3213	0.12228082398657979	0.5565437500179619
3214	0.12231608533193769	0.5566239877289683
3215	0.12235676196900473	0.5567165336512737
3216	0.12236881390327474	0.5567439507950093
3217	0.12237377743159336	0.5567552420147899
3218	0.12240672430777437	0.556830184996535
3219	0.12242408453281775	0.5568696695700287
3220	0.1224401202337794	0.5569061391222907
3221	0.12246870055146876	0.5569711326294661
3222	0.12249464641114778	0.5570301286401889
3223	0.12250977022744017	0.5570645144748649
3224	0.12253579665209166	0.557123683746196
3225	0.12256866734995497	0.5571984040190053
3226	0.12257702876659968	0.5572174092372906
3227	0.1226002470203967	0.5572701801469904
3228	0.12261424569766742	0.5573019942049677
3229	0.1226654083872385	0.5574182535148272
3230	0.12269296513979987	0.5574808619326908
3231	0.12270615779811353	0.5575108329127969
3232	0.12274191035813053	0.5575920472062268
3233	0.12275604906237354	0.5576241609398487
3234	0.12277563342523057	0.5576686405335396
3235	0.12280411294667043	0.5577333162947122
3236	0.12286235400716267	0.557865555877749
3237	0.12288198637425653	0.5579101252008234
3238	0.12289140813079957	0.5579315131714017
3239	0.12293256409592482	0.5580249301485344
3240	0.12294314590167746	0.5580489465041434
3241	0.1229736417758547	0.5581181538403021
3242	0.12300534107848164	0.5581900831416703
3243	0.12303062315857802	0.5582474443960622
3244	0.12306230278394074	0.5583193124039681
3245	0.12309968454318627	0.5584041043058399
3246	0.12311566269710013	0.5584403431363958
3247	0.1231572547460353	0.5585346638598516
3248	0.1231667992445435	0.5585563062308033
3249	0.12320829621893978	0.5586503918322445
3250	0.1232240147723823	0.5586860261858468
3251	0.12323516798274632	0.5587113094141104
3252	0.12324980807426454	0.5587444953216757
3253	0.12327386723359528	0.5587990279293763
3254	0.12329569434547119	0.5588484967637508
3255	0.12333180332408143	0.5589303243217872
3256	0.1233413876533571	0.5589520416244423
3257	0.12336229090376279	0.558999403745637
3258	0.12337619769325772	0.5590309112180624
3259	0.12340007248328048	0.559084998230972
3260	0.1234391292755888	0.5591734679485507
3261	0.12346781786472404	0.5592384431553675
3262	0.12348673004614054	0.5592812721860221
3263	0.1235073218807806	0.5593279012748343
3264	0.12354485774383303	0.5594128891940024
3265	0.12355319606717509	0.5594317668993726
3266	0.1235809051260103	0.5594944947737628
3267	0.12361149580185528	0.5595637378970341
3268	0.12364371069279814	0.5596366482293309
3269	0.12366430617037293	0.5596832559542199
3270	0.12367079789804607	0.559697945979629
3271	0.12373926232601962	0.5598528495559056
3272	0.12375171084670765	0.5598810102398063
3273	0.12378390388763365	0.5599538298399842
3274	0.12380785276898507	0.5600079952800877
3275	0.1238252818796672	0.5600474115918596
3276	0.12383970403708847	0.5600800255162376
3277	0.12385289800654208	0.5601098603821668
3278	0.12385982240791701	0.5601255175502358
3279	0.12389654222405509	0.5602085395563046
3280	0.12392442860770911	0.5602715813128624
3281	0.12394927576974489	0.5603277464337524
3282	0.12396793073228966	0.560369910858613
3283	0.12397187924657066	0.5603788349850553
3284	0.12400455707958165	0.560452685440283
3285	0.12402110465341479	0.5604900785129198
3286	0.12404566634448529	0.5605455767390628
3287	0.12406964556528231	0.5605997535475724
3288	0.1240864460887726	0.560637708240143
3289	0.1241201780774615	0.5607139056830172
3290	0.12413002106962807	0.5607361381405113
3291	0.12415638557302505	0.5607956835461698
3292	0.12419831195853145	0.5608903631363141
3293	0.12421743102121671	0.5609335331487485
3294	0.1242282976094363	0.5609580679518406
3295	0.12424713287714914	0.5610005920591798
3296	0.12430340000033646	0.5611276063239419
3297	0.12431376427248311	0.5611509989181905
3298	0.12433319843042692	0.5611948599943242
3299	0.12435721369730143	0.5612490554697623
3300	0.12438205788541208	0.5613051160726866
3301	0.12440039835418866	0.5613464975213733
3302	0.12443639781643212	0.5614277139424716
3303	0.12445264888745748	0.56146437324774
3304	0.12449473836972348	0.5615593079368968
3305	0.12451422569729494	0.5616032570311292
3306	0.12453134596920956	0.5616418649489676
3307	0.12454920916216929	0.5616821453987368
3308	0.12455612612349318	0.5616977419639921
3309	0.12458735754073717	0.5617681580790465
3310	0.12462419781007271	0.5618512088835675
3311	0.1246396164807721	0.5618859642962049
3312	0.12465652070059678	0.5619240658328495
3313	0.12468382122045948	0.5619855948214403
3314	0.1247081544074882	0.5620404304581813
3315	0.12473800584666585	0.5621076943508393
3316	0.12474878355381816	0.5621319776525496
3317	0.12476359542657205	0.5621653486400279
3318	0.12481930900841845	0.5622908529960751
3319	0.12483393062256691	0.5623237860382341
3320	0.1248461956455652	0.5623514097168905
3321	0.12490191696191462	0.5624768899730802
3322	0.12493376358775896	0.5625485936338793
3323	0.12494155595419747	0.5625661369956739
3324	0.12497217859684125	0.5626350740526539
3325	0.1249876875852059	0.5626699843431352
3326	0.1250008160912305	0.5626995345430474
3327	0.12500394122436104	0.5627065684969925
3328	0.12504446669045532	0.5627977740134589
3329	0.12506819315374232	0.5628511652898324
3330	0.12509990102170104	0.5629225090862496
3331	0.1251105055181713	0.5629463675514085
3332	0.12513144207897567	0.5629934685832476
3333	0.1251517218576969	0.5630390882940678
3334	0.1251925517453297	0.5631309246175565
3335	0.1252163657392068	0.563184481153216
3336	0.12522419665633255	0.5632020913993737
3337	0.12525609376765684	0.5632738162594727
3338	0.12527597461532727	0.5633185163466332
3339	0.1252839905636178	0.5633365383970752
3340	0.12530051694434688	0.5633736924143989
3341	0.1253230145971004	0.5634242668937925
3342	0.12535212325114273	0.5634896960964576
3343	0.12539146286655195	0.5635781099518016
3344	0.12542380335242373	0.5636507832200499
3345	0.12543571666589307	0.5636775516198348
3346	0.12544938793264007	0.5637082684539592
3347	0.12546938937221877	0.5637532050123485
3348	0.12550066301072668	0.5638234592613923
3349	0.12552175212314748	0.5638708296758331
3350	0.1255722887384795	0.5639843289502153
3351	0.12558910913350854	0.5640221005065149
3352	0.12560929055014752	0.5640674161705628
3353	0.12566309255795904	0.5641882062425863
3354	0.12568215614258238	0.5642309994029097
3355	0.12570067474719257	0.5642725661067399
3356	0.12570936915582592	0.5642920804468531
3357	0.12571407110171562	0.5643026335426019
3358	0.1257674304220851	0.5644223799253688
3359	0.12578421432538833	0.5644600402901455
3360	0.1258339417375378	0.5645716058135208
3361	0.12586782742232472	0.5646476171322834
3362	0.12587722047465127	0.5646686855251206
3363	0.12591828256052165	0.5647607775786875
3364	0.12593045738766526	0.5647880798040227
3365	0.125944019300093	0.5648184910342594
3366	0.1259618180339846	0.56485840042781
3367	0.12601678824863308	0.5649816401567787
3368	0.12603441993763545	0.5650211635896859
3369	0.1260557695076353	0.5650690173747162
3370	0.12608461685797542	0.565133670549621
3371	0.12609951581109874	0.5651670594417528
3372	0.1261319357928256	0.5652397065415008
3373	0.12614043260509192	0.565258744760335
3374	0.12615194699621923	0.5652845432359602
3375	0.1261959111043398	0.5653830358335317
3376	0.12622924635132218	0.5654577052047318
3377	0.12626507152297428	0.5655379408981613
3378	0.12629448177541625	0.5656038009376121
3379	0.1263361556821858	0.5656971105407317
3380	0.12634692917370294	0.5657212303307646
3381	0.12640928022359565	0.5658608022309202
3382	0.12641290343808562	0.5658689116844479
3383	0.12643650370984283	0.5659217308053122
3384	0.12647983583802816	0.5660186984196327
3385	0.12649262218663368	0.5660473082349616
3386	0.1265359330966583	0.5661442068738244
3387	0.12657427574234464	0.5662299762754954
3388	0.12659232140812637	0.566270338476579
3389	0.12662036331917223	0.56633305327243
3390	0.12665156442689945	0.5664028253443366
3391	0.12667995698180953	0.5664663094481657
3392	0.12669785981458478	0.566506335485336
3393	0.126737328941977	0.5665945681108109
3394	0.12676077379934325	0.5666469722235916
3395	0.12678313899564894	0.5666969585538955
3396	0.12680728822715523	0.5667509272619352
3397	0.12684472054063395	0.5668345708493789
3398	0.1268705061588153	0.5668921823802998
3399	0.1268929998274322	0.5669424340902143
3400	0.1269210535262086	0.5670051008776735
3401	0.12696838984094516	0.5671108257715608
3402	0.12697324448311123	0.5671216674220502
3403	0.12698424365262329	0.5671462305979185
3404	0.1270244908867325	0.5672361010341456
3405	0.12704761602632933	0.5672877320895771
3406	0.1270561592668186	0.5673068052300325
3407	0.12708685898398495	0.5673753383364071
3408	0.12711286178656392	0.5674333797202612
3409	0.1271289265265583	0.5674692351859708
3410	0.12716640200580492	0.567552869238148
3411	0.12718108140679543	0.5675856259081576
3412	0.1272269209506957	0.5676879033929957
3413	0.12724660544600794	0.5677318179104139
3414	0.12727110802832703	0.5677864764451126
3415	0.12733051543432458	0.5679189762204889
3416	0.1273438692362036	0.5679487557224266
3417	0.12736508629556204	0.5679960673859118
3418	0.1274030401607852	0.5680806904213519
3419	0.12743464517308342	0.568151148252826
3420	0.12747777107965708	0.5682472758038835
3421	0.12749189446756728	0.5682787532699508
3422	0.12751891606728405	0.568338972735245
3423	0.12752808812168978	0.5683594118293301
3424	0.1275611191431781	0.5684330123856847
3425	0.12759317196837303	0.5685044241908657
3426	0.12762567351563642	0.5685768265640005
3427	0.1276599776467213	0.5686532344801646
3428	0.12766368842292844	0.5686614991281674
3429	0.12767463810332713	0.5686858855775893
3430	0.12769066496362746	0.568721577721976
3431	0.12772095832014116	0.5687890355264081
3432	0.12774949421172077	0.5688525724586864
3433	0.12776281047200935	0.5688822195096538
3434	0.1278019273457198	0.5689692995873172
3435	0.12783230242848073	0.5690369099244558
3436	0.12783869653353566	0.5690511412111317
3437	0.12785997492376502	0.569098497718814
3438	0.12789115764513823	0.5691678898724052
3439	0.12792336185522554	0.5692395463062474
3440	0.1279421406413517	0.5692813261471876
3441	0.12799412488369594	0.5693969669080375
3442	0.12799809453439856	0.5694057965693466
3443	0.1280175297666136	0.5694490242199902
3444	0.1280459695446579	0.5695122737786019
3445	0.12808902202122951	0.5696080083545483
3446	0.12809997508807924	0.5696323618125009
3447	0.1281341904985179	0.5697084309286894
3448	0.12817486899941233	0.5697988558410331
3449	0.12818951471261478	0.5698314085259666
3450	0.12820089237562476	0.5698566961085729
3451	0.1282216412084022	0.5699028088255065
3452	0.12827252684320528	0.5700158825207964
3453	0.1282884444380856	0.5700512486301793
3454	0.12833207204844033	0.5701481702968804
3455	0.1283444327826588	0.5701756275029948
3456	0.12838574314314685	0.570267381641282
3457	0.12840706595402154	0.5703147358037773
3458	0.12844510697471234	0.5703992083673062
3459	0.12844865779185716	0.5704070925496569
3460	0.12848729596935185	0.570492877149159
3461	0.12849593426539152	0.5705120541561043
3462	0.12851760415545702	0.5705601584497533
3463	0.12853634286668564	0.5706017526438771
3464	0.1285580761538365	0.5706499900812646
3465	0.12857082097894737	0.5706782755624199
3466	0.12860856115322225	0.5707620267476984
3467	0.12863731908187345	0.5708258367150322
3468	0.12866974401306386	0.5708977747124596
3469	0.12870335166037108	0.57097232711996
3470	0.12871002894793274	0.5709871382997784
3471	0.1287433657223622	0.5710610782918931
3472	0.12875935131555374	0.5710965304749264
3473	0.12882077694747013	0.571232737212991
3474	0.12883788715675637	0.5712706720376008
3475	0.12886450296830254	0.5713296766041056
3476	0.1289097083573357	0.5714298784248929
3477	0.12892441581627082	0.5714624750457309
3478	0.1289482919225586	0.5715153884797501
3479	0.12897781921344348	0.5715808191067479
3480	0.129005947166902	0.5716431419244106
3481	0.12903547802449836	0.5717085658317343
3482	0.12904847218294765	0.5717373512665171
3483	0.1290919211544037	0.5718335914964161
3484	0.12912237653703573	0.5719010410456784
3485	0.1291404570134291	0.5719410801217827
3486	0.1291488331125014	0.5719596279788343
3487	0.12916855531747634	0.5720032980381374
3488	0.12921151120289423	0.5720984019339832
3489	0.12922241728082093	0.5721225453637863
3490	0.12923816812108707	0.5721574121323866
3491	0.12926215307179204	0.5722105022174326
3492	0.12928416444052504	0.572259219494353
3493	0.12930374334692935	0.5723025495711039
3494	0.12932328111914915	0.5723457853437719
3495	0.12935007401210846	0.5724050708995322
3496	0.1293897135082437	0.5724927713152529
3497	0.12941270820775885	0.5725436397887482
3498	0.1294240936630885	0.5725688248217987
3499	0.12946495449160397	0.5726592013105143
3500	0.1294839505682913	0.5727012122127697
3501	0.12949043045615835	0.572715542147841
3502	0.12952525051163533	0.5727925387508216
3503	0.12955106003179873	0.5728496039336494
3504	0.12961146144487332	0.5729831300253538
3505	0.1296250314699807	0.5730131242552929
3506	0.12966936884572552	0.5731111135317498
3507	0.12968931730126734	0.5731551958080838
3508	0.1297279101192153	0.5732404689410031
3509	0.12973721635043953	0.5732610297157671
3510	0.12976061981329248	0.5733127330303609
3511	0.12978928578468052	0.573376056012587
3512	0.12980459269361969	0.5734098660311429
3513	0.12981334237867562	0.5734291915075653
3514	0.12985925680159432	0.5735305922659834
3515	0.12989189626735106	0.5736026647406691
3516	0.12992312251150293	0.5736716081505847
3517	0.12994691721734605	0.5737241381466445
3518	0.1299589863876508	0.5737507806161504
3519	0.13000087461547638	0.5738432385053237
3520	0.13003864753139383	0.5739266000910486
3521	0.13004806963010893	0.5739473919680564
3522	0.1300613383477532	0.5739766709556877
3523	0.13006794904660532	0.5739912576835902
3524	0.13011406897692682	0.5740930125384491
3525	0.13015156437936115	0.5741757257228831
3526	0.1302029410900166	0.5742890411089402
3527	0.1302130445908649	0.5743113225459314
3528	0.13022742751058428	0.5743430399732589
3529	0.13024437914559436	0.5743804197209691
3530	0.13026988678225582	0.574436661571422
3531	0.13031075815480495	0.5745267674821168
3532	0.13032900284080381	0.5745669855491011
3533	0.1303585683141692	0.5746321528612152
3534	0.1303753541180758	0.5746691483279183
3535	0.13039070509468859	0.574702979388449
3536	0.1304188599752294	0.5747650229994231
3537	0.13046884273053116	0.5748751511952774
3538	0.13048741128438182	0.5749160583582409
3539	0.13050138184194923	0.5749468340585157
3540	0.13051927950155515	0.5749862583534657
3541	0.13055121580688522	0.5750565997376055
3542	0.13055843118247357	0.5750724907884733
3543	0.13059776684422214	0.5751591154253631
3544	0.13063392156813455	0.5752387235248028
3545	0.1306821550648406	0.5753449103945593
3546	0.13068790599558683	0.5753575698595481
3547	0.1307280652017362	0.5754459641462868
3548	0.13076215684696402	0.575520992491542
3549	0.1307839084491937	0.5755688579575594
3550	0.13083249549617426	0.5756757617603468
3551	0.1308531129943728	0.5757211194766126
3552	0.13086348490536093	0.5757439359375502
3553	0.13090295049365822	0.5758307453339758
3554	0.13091910986740152	0.5758662860801638
3555	0.13095775870572038	0.5759512810081393
3556	0.1309911118211594	0.576024619719771
3557	0.13099704124137213	0.5760376566858877
3558	0.13104285403611834	0.5761383749455942
3559	0.13106423870375014	0.5761853825643922
3560	0.13109172348982528	0.5762457937871055
3561	0.13110976548875536	0.5762854464365024
3562	0.13115343780640662	0.5763814180275747
3563	0.13117793545890524	0.5764352455620577
3564	0.13119747716797228	0.5764781800324567
3565	0.13122129740744395	0.5765305104025303
3566	0.13124472775589494	0.5765819795926489
3567	0.13126573337353342	0.5766281184975747
3568	0.13129984406711373	0.5767030348786916
3569	0.13131646937344196	0.576739545055823
3570	0.13134215074018044	0.5767959383465764
3571	0.13136179399993783	0.5768390689363498
3572	0.1314052484324309	0.5769344701218334
3573	0.13146649285298165	0.5770689012105544
3574	0.1314776682220898	0.5770934276917459
3575	0.13149049245796698	0.5771215716415209
3576	0.1315143039693909	0.5771738245251984
3577	0.13153020190385925	0.5772087089220879
3578	0.13155247112926047	0.5772575701213751
3579	0.13156411239569818	0.577283110730609
3580	0.1316022654172174	0.5773668094611418
3581	0.13162818079383712	0.577423654765894
3582	0.13164535731460109	0.5774613283316762
3583	0.13168824581146862	0.577555385699331
3584	0.13170331696949844	0.5775884341289887
3585	0.13172483980268426	0.5776356266825473
3586	0.13172614262098525	0.5776384832144136
3587	0.1317405365661905	0.5776700421342603
3588	0.13178290152641517	0.5777629178800836
3589	0.1318442752810547	0.5778974397018715
3590	0.13185909970908727	0.5779299278709039
3591	0.13187575117724465	0.5779664178743087
3592	0.13189598716149367	0.5780107598802852
3593	0.1319451613927692	0.5781184985107864
3594	0.13196499716714188	0.5781619521585895
3595	0.13199905332167422	0.5782365503589764
3596	0.13203944429791392	0.5783250121766403
3597	0.13208144568248584	0.5784169866619877
3598	0.13210904956900726	0.5784774255928621
3599	0.1321147260799888	0.5784898535763964
3600	0.1321377042024319	0.5785401584634863
3601	0.13216609312975924	0.5786023029231385
3602	0.13221969513866197	0.5787196215981423
3603	0.13222436769749987	0.5787298472970817
3604	0.13224221403378106	0.5787689015923465
3605	0.13227374121248817	0.5788378881232867
3606	0.13234901281509495	0.5790025612411933
3607	0.13236319114480752	0.5790335742015208
3608	0.13237828943494717	0.5790665976105852
3609	0.13239533981498267	0.5791038884220023
3610	0.1324290092954148	0.5791775197430945
3611	0.13245792444797763	0.5792407464197071
3612	0.1324959508400507	0.5793238854813904
3613	0.13252805106220972	0.5793940585662676
3614	0.13256152646144104	0.5794672288220847
3615	0.1326022361885411	0.5795561993647986
3616	0.13262879338579397	0.5796142323896909
3617	0.13267259532210338	0.5797099360797142
3618	0.13270411658250425	0.5797787977107448
3619	0.1327191783571305	0.5798116989124592
3620	0.13273862668069122	0.5798541794062063
3621	0.13276744814326685	0.5799171276936317
3622	0.13279004074784787	0.5799664668999358
3623	0.1328270276274913	0.5800472322053132
3624	0.1328543391371496	0.5801068629582048
3625	0.13290147085898524	0.5802097538798687
3626	0.13291797514554643	0.5802457792553006
3627	0.13292997908140566	0.5802719799097162
3628	0.1329576791652876	0.58033243559232
3629	0.1330135332147364	0.5804543184098102
3630	0.1330339018979558	0.5804987598935426
3631	0.1330540841303652	0.580542791213417
3632	0.1330824914775017	0.5806047615037189
3633	0.13312988798174993	0.5807081416930584
3634	0.13315125679927134	0.5807547448585604
3635	0.1331525225650435	0.5807575052445632
3636	0.13322358720414879	0.5809124621934726
3637	0.133268609940516	0.5810106132035892
3638	0.13327636880452753	0.5810275261012612
3639	0.1333022714543308	0.581083985552702
3640	0.13335004655295332	0.5811881055255529
3641	0.13335872563362638	0.5812070185162571
3642	0.1334080487188375	0.5813144890736528
3643	0.1334361477764692	0.5813757055050105
3644	0.13346419610435656	0.5814368049891506
3645	0.13348811096641125	0.581488895207177
3646	0.1335009878560026	0.5815169411045994
3647	0.13352461855461475	0.5815684053062999
3648	0.13353383043661096	0.5815884662028697
3649	0.13356146532899732	0.581648643100275
3650	0.13359691555862466	0.5817258293226096
3651	0.13361851581363607	0.5817728548035008
3652	0.13365698421698208	0.5818565941795668
3653	0.1336859876099223	0.5819197218197963
3654	0.1336943869776779	0.5819380022733587
3655	0.13373829967585124	0.5820335648859457
3656	0.13377721040859747	0.582118229135055
3657	0.13380063072577164	0.5821691824957648
3658	0.13382008367715045	0.5822115010451786
3659	0.13386392369810537	0.5823068607011855
3660	0.1338770936135335	0.5823355045033511
3661	0.13389777614225856	0.5823804849601926
3662	0.1339277865538769	0.582445745561906
3663	0.13395627809461846	0.5825076964633022
3664	0.13397971813148712	0.5825586586310489
3665	0.13400236879382202	0.5826079003446298
3666	0.13402439427348067	0.5826557789430481
3667	0.1340488463897524	0.5827089279132693
3668	0.13408193063359158	0.5827808319072473
3669	0.13410568941225873	0.5828324628295298
3670	0.13416898350337317	0.5829699868206962
3671	0.13417980085057474	0.5829934872657588
3672	0.1342032944906903	0.5830445234113133
3673	0.13423853659460197	0.5831210728245171
3674	0.13427805369936244	0.5832068960221249
3675	0.13430840099383395	0.5832727956648528
3676	0.13432275470220156	0.5833039623821719
3677	0.13434611944478236	0.5833546915171826
3678	0.13436948791634565	0.5834054243363661
3679	0.13439310105831645	0.5834566838527655
3680	0.13442321580694241	0.5835220505532667
3681	0.13444823224744437	0.5835763453619118
3682	0.1344790978621098	0.5836433280534321
3683	0.13451554885586953	0.5837224218985724
3684	0.13453541947505376	0.5837655340061956
3685	0.1345464937021556	0.5837895597203632
3686	0.13457476636568821	0.5838508932354787
3687	0.1346010923114144	0.583907997831359
3688	0.1346129791242214	0.5839337801326623
3689	0.13465689501392505	0.584029023104328
3690	0.1346777951491375	0.5840743450016995
3691	0.1347046883037463	0.58413265757498
3692	0.13475710024194762	0.5842462859411632
3693	0.13477347189675137	0.5842817749358012
3694	0.1348423897634224	0.5844311452325422
3695	0.13486778322785364	0.584486172560709
3696	0.13488354229475147	0.584520319661738
3697	0.13491434958697732	0.5845870678353361
3698	0.13491818952028378	0.5845953870370619
3699	0.1349301866649797	0.5846213780452658
3700	0.13495808201355494	0.5846818069779186
3701	0.13501156013128016	0.5847976377052859
3702	0.1350177120719902	0.5848109610066737
3703	0.1350445490227499	0.584869078430362
3704	0.13505000906923575	0.5848809018623389
3705	0.1351017631113555	0.5849929605418294
3706	0.1351178331892945	0.5850277513643763
3707	0.13514614312642279	0.5850890357671645
3708	0.13516632387980468	0.5851327184668912
3709	0.13522709588411447	0.585264244171581
3710	0.13524837432231343	0.5853102890086249
3711	0.13527716746671783	0.5853725893020455
3712	0.13529088283533228	0.5854022631838264
3713	0.13532600837728626	0.5854782521818791
3714	0.13534184603905614	0.5855125114324016
3715	0.13537012347178978	0.5855736747991463
3716	0.13538478634494358	0.5856053877052172
3717	0.13543535864804956	0.5857147524603401
3718	0.13545265782624083	0.5857521579814726
3719	0.13547164546726173	0.5857932116681953
3720	0.13551145625187003	0.5858792782920642
3721	0.1355450327619096	0.5859518572592411
3722	0.1355592828107412	0.5859826574404152
3723	0.13558337805317042	0.5860347334271485
3724	0.1356163228213356	0.5861059280161657
3725	0.13562329292359163	0.5861209894987247
3726	0.13564924068130077	0.5861770558193878
3727	0.1356924414025313	0.5862703893890221
3728	0.13571411623053944	0.5863172114607419
3729	0.13572454699980346	0.5863397427279791
3730	0.13576921482321425	0.5864362188855831
3731	0.1358224374277809	0.5865511514379173
3732	0.1358345893250543	0.5865773899227094
3733	0.13584475347847458	0.5865993355518985
3734	0.13586118123114418	0.5866348033091541
3735	0.13589273265808735	0.5867029172858139
3736	0.1359340856036566	0.5867921790434201
3737	0.13595254725753167	0.5868320247754946
3738	0.13598551163987482	0.586903164975332
3739	0.13600711476313923	0.5869497818455756
3740	0.13604368134700642	0.5870286795784174
3741	0.13606313359460584	0.5870706463164201
3742	0.13608365629317068	0.5871149192186741
3743	0.13610036856524332	0.587150969554559
3744	0.13611549423674257	0.5871835954983452
3745	0.13613850960365317	0.5872332359700172
3746	0.13618327802309427	0.5873297822850858
3747	0.13620819419585356	0.5873835089291862
3748	0.1362297900466832	0.5874300720010662
3749	0.13623805566147154	0.5874478926151938
3750	0.1362729005881557	0.587523012118208
3751	0.13628227114855618	0.5875432117514756
3752	0.13634484432928234	0.5876780797287577
3753	0.13638095911231413	0.5877559061445542
3754	0.1363999614436935	0.5877968515358905
3755	0.1364171433525992	0.5878338719053281
3756	0.13645409299562927	0.5879134762007215
3757	0.13649471174238614	0.5880009727763541
3758	0.1365171867397547	0.588049380425957
3759	0.13653339263429878	0.588084282930428
3760	0.13658162671336982	0.588188152022312
3761	0.13659294644734446	0.5882125257086532
3762	0.1366322434726566	0.5882971323477139
3763	0.1366557744355308	0.5883477887727894
3764	0.1366776810322341	0.588394944413647
3765	0.1367289268581863	0.5885052402529128
3766	0.13675138694517416	0.5885535743414667
3767	0.1367764781286707	0.588607565853863
3768	0.13679960542383365	0.5886573270617116
3769	0.13682295120155727	0.5887075540956302
3770	0.1368557618314458	0.5887781369460802
3771	0.13687739876295907	0.5888246780948458
3772	0.13689839356132794	0.5888698344957431
3773	0.13693894096625206	0.5889570355769534
3774	0.1369520667262653	0.5889852610160317
3775	0.1370028776498278	0.5890945113197884
3776	0.13704182908127777	0.5891782484067205
3777	0.13705714456562393	0.5892111701000541
3778	0.1371031124399437	0.58930997018259
3779	0.13713638212065127	0.5893814673387275
3780	0.13716547468497897	0.5894439806874772
3781	0.13719091231799738	0.5894986349822052
3782	0.13719968565637247	0.5895174838557441
3783	0.13722287248185075	0.589567296147511
3784	0.1372586838179624	0.5896442214257547
3785	0.13728078721132853	0.589691696066905
3786	0.13732707385917545	0.5897911001863039
3787	0.13734793758758487	0.589835901162713
3788	0.13737227992883858	0.5898881675124213
3789	0.1373893286863971	0.5899247707789221
3790	0.1374132445379973	0.5899761137015493
3791	0.13745547051278326	0.5900667541745294
3792	0.13746887318013096	0.5900955208566382
3793	0.13751758999938535	0.5902000719077077
3794	0.13754131926888027	0.5902509905300363
3795	0.1375619606154077	0.5902952794688946
3796	0.1375716051242532	0.5903159719925979
3797	0.13761682209110013	0.5904129764026587
3798	0.13765262299114478	0.5904897691271859
3799	0.1376974650607931	0.5905859410223546
3800	0.13773009786478982	0.5906559181041459
3801	0.13773230789512744	0.5906606569458438
3802	0.13778793714780335	0.5907799270514369
3803	0.13779302626760842	0.5907908370125287
3804	0.13781210722244758	0.5908317406175925
3805	0.13783612421223945	0.5908832215142567
3806	0.13785737035122878	0.5909287592983103
3807	0.13791039695474439	0.5910423982437345
3808	0.1379494191518921	0.5911260110178055
3809	0.1379767499301211	0.5911845655730935
3810	0.13799331736116438	0.591220057478552
3811	0.13802037750856241	0.5912780230306751
3812	0.13804148021702659	0.5913232232071334
3813	0.1380678328774729	0.5913796634758504
3814	0.1381014493758897	0.5914516531028355
3815	0.13811006118278077	0.5914700938507136
3816	0.13813227348225066	0.5915176551309641
3817	0.13816999839415964	0.5915984234680249
3818	0.1382014123553476	0.5916656717633207
3819	0.138244810078915	0.5917585612909715
3820	0.13826977211334568	0.5918119840228383
3821	0.13829159696815907	0.591858688739238
3822	0.13833745040301137	0.5919568020924355
3823	0.1383773896897148	0.5920422475960676
3824	0.13838293516607655	0.5920541105290369
3825	0.13840156536695453	0.5920939626819857
3826	0.1384277612496189	0.5921499941656947
3827	0.1384583210035723	0.5922153530190841
3828	0.1384897085174914	0.5922824747137913
3829	0.1385103174713801	0.5923265424942155
3830	0.13852509931755466	0.5923581482489586
3831	0.13855657853644637	0.5924254498161933
3832	0.13860490503960296	0.5925287554646519
3833	0.13863955661200517	0.5926028176703103
3834	0.13864955052784625	0.5926241763507086
3835	0.13867290954755698	0.5926740955057186
3836	0.13873320452612345	0.5928029288460673
3837	0.1387494461645592	0.5928376278537445
3838	0.1387626194962558	0.5928657701691561
3839	0.13878495569525193	0.5929134841537129
3840	0.13879408097270593	0.5929329762200116
3841	0.13882966775798294	0.5930089853192017
3842	0.13886743458333559	0.5930896400676047
3843	0.1388866108445677	0.5931305886503279
3844	0.1389389133182157	0.593242259878851
3845	0.13898315615402032	0.5933367065322104
3846	0.13899868080770147	0.5933698439638379
3847	0.1390351332811524	0.5934476446322958
3848	0.1390381547733848	0.5934540929582137
3849	0.1390962577173582	0.5935780798895114
3850	0.13910909452079528	0.5936054690855629
3851	0.13911820641188608	0.5936249098699132
3852	0.13913707226901056	0.5936651593216803
3853	0.13917269864800116	0.5937411591465365
3854	0.13919525154284235	0.5937892649877473
3855	0.1392066007980738	0.5938134717350533
3856	0.13924751861392395	0.5939007368680583
3857	0.1392575421215329	0.5939221119758138
3858	0.13930487863938976	0.5940230466019998
3859	0.13935033585510467	0.5941199578930962
3860	0.1393647153584642	0.5941506105983747
3861	0.13942582985896704	0.5942808703910057
3862	0.1394786150550773	0.5943933540816676
3863	0.1394843263776262	0.5944055234648146
3864	0.1394920055226881	0.5944218853871067
3865	0.13954481615753578	0.5945343965894662
3866	0.13958397783040427	0.5946178154110808
3867	0.13958907322006414	0.5946286683107678
3868	0.13960408280574074	0.594660636751516
3869	0.13961175615445026	0.5946769793098342
3870	0.13965079303258573	0.5947601123886528
3871	0.13967993557655245	0.5948221668825185
3872	0.13975586233329226	0.5949838106507237
3873	0.1397872214794749	0.5950505596852377
3874	0.1398223483993608	0.5951253196674287
3875	0.1398355728335157	0.5951534625559278
3876	0.13986628793920128	0.5952188221687307
3877	0.13988629720208623	0.595261396630868
3878	0.13991307560590263	0.59531836928506
3879	0.13995165163924084	0.595400432517653
3880	0.13996690382754273	0.5954328755506524
3881	0.14004705451264252	0.5956033355713265
3882	0.14005676875133666	0.5956239919594959
3883	0.14009674368528457	0.5957089872482966
3884	0.1401102246922406	0.5957376480280057
3885	0.14012416361492536	0.5957672808921115
3886	0.14016633217001778	0.595856918378463
3887	0.14021322963043376	0.5959565922401551
3888	0.14022788616591697	0.5959877391965314
3889	0.14024909959258394	0.5960328174774325
3890	0.1403085995941484	0.5961592360894606
3891	0.14032680594405222	0.5961979134463964
3892	0.14038783249052222	0.5963275392315358
3893	0.14039954571719068	0.5963524159385178
3894	0.1404198726407225	0.596395584066923
3895	0.1404640699972265	0.5964894348657284
3896	0.1405169034351803	0.5966016045638971
3897	0.14054145769841292	0.5966537280899139
3898	0.14057289152825217	0.5967204488407982
3899	0.1406190648959793	0.5968184418829362
3900	0.14063933121732033	0.5968614477106493
3901	0.14064379259031748	0.5968709144807397
3902	0.1406670421121035	0.5969202461633857
3903	0.14070225006401313	0.5969949439181335
3904	0.1407247076091127	0.5970425853237897
3905	0.14073447421657756	0.5970633030054988
3906	0.14078474267834265	0.5971699249769935
3907	0.14082768541880986	0.5972609936446462
3908	0.14085232120427868	0.5973132324861079
3909	0.14086438031078566	0.5973388014993147
3910	0.14090853958530083	0.5974324233967746
3911	0.14095154363393167	0.5975235820061815
3912	0.14097377314825738	0.5975706979689509
3913	0.1410266733326811	0.5976828061803879
3914	0.14105666909204853	0.5977463650661319
3915	0.14108399288485216	0.5978042563628239
3916	0.14111032864802084	0.5978600490022237
3917	0.14114432298425886	0.5979320587262321
3918	0.1411672935973891	0.5979807121432882
3919	0.14123730495717948	0.5981289768448899
3920	0.14125432221353265	0.5981650091366352
3921	0.1412683981497793	0.5981948118451694
3922	0.14130437616935457	0.5982709806657189
3923	0.14134162959051927	0.5983498394124728
3924	0.14137243424935103	0.5984150394478086
3925	0.14139887896330788	0.5984710057139989
3926	0.14140978280663663	0.598494080537262
3927	0.14145230633094696	0.598584060749678
3928	0.14148832152834956	0.5986602586979982
3929	0.1415041010092283	0.5986936405511298
3930	0.14154949814015966	0.5987896688424104
3931	0.14155185880833362	0.5987946619290664
3932	0.14159729635078533	0.5988907594831964
3933	0.14160537261033854	0.5989078386519918
3934	0.14164244156284797	0.5989862235080609
3935	0.14166742227050586	0.599039041151888
3936	0.14169277391685112	0.5990926383244667
3937	0.14174463039692867	0.5992022557477068
3938	0.14176857690763375	0.59925286859003
3939	0.14177748274096078	0.5992716906818959
3940	0.14180233448859061	0.5993242106447024
3941	0.14186333936539428	0.5994531146162239
3942	0.14190643021887167	0.5995441493585701
3943	0.14192568480123113	0.5995848225705753
3944	0.1419348433662131	0.5996041680751621
3945	0.1419776381659836	0.5996945546420335
3946	0.1420522162791118	0.5998520379516695
3947	0.14205659638944554	0.599861285951896
3948	0.14207047138840614	0.599890580161764
3949	0.1421072083410685	0.5999681357830838
3950	0.1421258018740054	0.6000073848913667
3951	0.1421881701721244	0.6001390194520855
3952	0.14219373090252346	0.6001507545305298
3953	0.1422209776909616	0.6002082514302541
3954	0.14223685053830243	0.600241744197274
3955	0.14228528185368436	0.6003439259558012
3956	0.14231620732548284	0.6004091642931797
3957	0.1423507246377785	0.6004819713702598
3958	0.1423964612899112	0.6005784297108927
3959	0.1424151900369212	0.6006179240618763
3960	0.1424401403182339	0.6006705340744541
3961	0.1424764328147709	0.6007470519885914
3962	0.14250320268680267	0.600803486467091
3963	0.1425288357058211	0.6008575193394157
3964	0.1425603842374362	0.600924015089162
3965	0.14257404078082822	0.6009527970975882
3966	0.14259631999707328	0.6009997489628833
3967	0.14263770715559504	0.60108695972439
3968	0.14267957276763832	0.6011751658085192
3969	0.14270897905698798	0.6012371137795904
3970	0.14272775388518527	0.6012766619297804
3971	0.14273178652543306	0.6012851561268585
3972	0.14280996686741992	0.6014498084614052
3973	0.14281943072296222	0.6014697368317073
3974	0.14284859822280482	0.601531151699251
3975	0.14289459910911378	0.6016279980776352
3976	0.14290678579951774	0.6016536522936797
3977	0.1429320499325096	0.6017068323650705
3978	0.14295150070127605	0.6017477723163404
3979	0.14297131292851778	0.6017894702016343
3980	0.1430095863469772	0.6018700143279326
3981	0.14305599733509122	0.6019676690266592
3982	0.1430823396606556	0.602023089626606
3983	0.1431153157947871	0.602092459649801
3984	0.14312368568605258	0.6021100656436529
3985	0.14316177559910814	0.6021901809447975
3986	0.14320046955467094	0.6022715558290939
3987	0.14324320057319703	0.6023614080394074
3988	0.14326728317897044	0.6024120415863982
3989	0.14329912687534005	0.6024789862505688
3990	0.14330386150899968	0.602488939185343
3991	0.14334945271013724	0.6025847705529017
3992	0.14337686008761175	0.6026423727223912
3993	0.14339824439961815	0.6026873123731649
3994	0.14342502429864223	0.6027435862556199
3995	0.14345408998490525	0.6028046574270142
3996	0.14351159961968535	0.602925475181153
3997	0.1435202766361217	0.6029437019837111
3998	0.14352752919958509	0.6029589361803109
3999	0.14354309019817463	0.6029916211603604
4000	0.14357804302759974	0.6030650311043206
4001	0.14363840426631638	0.6031917842152115
4002	0.14368143170756523	0.6032821216700183
4003	0.14369107040525758	0.603302356561916
4004	0.14373312682894399	0.603390639303337
4005	0.14376782243825795	0.6034634608690009
4006	0.1438061303536661	0.6035438539885286
4007	0.14381819606674073	0.6035691729169012
4008	0.1438419483275825	0.6036190120226331
4009	0.14386931768676206	0.6036764357434319
4010	0.14388731115744371	0.6037141849133513
4011	0.14392445433554824	0.6037921015008968
4012	0.14393705987164215	0.6038185423045713
4013	0.14395386388695935	0.6038537878484155
4014	0.14400445042305213	0.6039598780480004
4015	0.14404135974786475	0.6040372726113218
4016	0.14409290775288527	0.6041453461923267
4017	0.14412465959846796	0.6042119062798298
4018	0.14413709733298896	0.6042379769924298
4019	0.14416816087012038	0.6043030843034711
4020	0.1442050278145412	0.6043803461065476
4021	0.14422017839729187	0.6044120942157865
4022	0.14424822716740796	0.6044708661292405
4023	0.1442854978367211	0.6045489522836968
4024	0.14432319169802438	0.6046279148149141
4025	0.1443372447916339	0.6046573511298793
4026	0.14437157899944159	0.6047292632573643
4027	0.14441252112955796	0.6048150043335038
4028	0.14443349580145964	0.604858924817634
4029	0.14449604612898984	0.6049898848428487
4030	0.14450313960923508	0.6050047344918338
4031	0.14454102376130104	0.6050840358460821
4032	0.14457488419010806	0.6051549057092295
4033	0.14461186419550726	0.6052322953642945
4034	0.14462650283804362	0.60526292755022
4035	0.14464188985729673	0.6052951240855675
4036	0.14466360506323736	0.6053405591078507
4037	0.14471719578196124	0.6054526731111077
4038	0.144736455310387	0.60549295977147
4039	0.1447619788392874	0.6055463452014307
4040	0.14479156139850044	0.6056082146773621
4041	0.14481502856284095	0.6056572898153009
4042	0.14486251599402908	0.6057565845905926
4043	0.14488480490657998	0.6058031844171201
4044	0.14490567093920736	0.6058468061548519
4045	0.14492276358860218	0.6058825370604076
4046	0.1449419949678022	0.6059227363017199
4047	0.14495392720574643	0.6059476768493912
4048	0.1449774733530894	0.6059968895688905
4049	0.14501292368121665	0.6060709751319232
4050	0.145039582988236	0.6061266828897575
4051	0.14507130773888274	0.6061929688169647
4052	0.1451113188600687	0.6062765580138292
4053	0.14513210224914497	0.6063199730642617
4054	0.14516324840536543	0.606385029393065
4055	0.1451931076889844	0.6064473912228736
4056	0.1452172545153403	0.6064978177592562
4057	0.14523987702538937	0.6065450572168056
4058	0.1452786229276429	0.6066259563776615
4059	0.14529498798209395	0.6066601224065337
4060	0.14533382754918792	0.6067412017418113
4061	0.1453554460613488	0.606786326660493
4062	0.1453735570227081	0.6068241275882131
4063	0.14539639813660887	0.6068717978622993
4064	0.14543411456701866	0.6069505052926059
4065	0.14544618271976098	0.6069756872091053
4066	0.14547462037418388	0.6070350222871363
4067	0.1454912204561561	0.6070696556261137
4068	0.1455305467421817	0.6071516955656567
4069	0.14555335742980754	0.6071992766588418
4070	0.14558222954321934	0.6072594960086457
4071	0.1456042315079818	0.607305382094131
4072	0.14563758250918507	0.6073749304947208
4073	0.14566196694420383	0.6074257754565179
4074	0.14567036507575798	0.6074432857515963
4075	0.14569948094490018	0.6075039890921109
4076	0.14570220110214144	0.6075096600068303
4077	0.1457474329259798	0.6076039504067549
4078	0.14579446744274538	0.6077019831897077
4079	0.14582000936559442	0.6077552129098649
4080	0.14583958008890183	0.6077959954132541
4081	0.1458556836519771	0.6078295508135432
4082	0.1458944631541035	0.6079103490389354
4083	0.1459272817414779	0.6079787191354851
4084	0.14593912444605578	0.6080033888415174
4085	0.14600599335531328	0.6081426656375123
4086	0.14602398338488357	0.6081801304268006
4087	0.1460489832838801	0.608232189652861
4088	0.1460676436540412	0.6082710446829838
4089	0.14613491034459167	0.6084110882597753
4090	0.1461586471038452	0.6084604984968622
4091	0.14617519881851493	0.6084949500317202
4092	0.14619647733469027	0.6085392372930855
4093	0.14623622228273012	0.6086219503556908
4094	0.1462901523114052	0.6087341659651551
4095	0.1463203462784234	0.6087969834232492
4096	0.14635205655287084	0.6088629485268351
4097	0.1463779197101469	0.6089167449097723
4098	0.14641783389505936	0.6089997586559734
4099	0.14643929998988492	0.6090443992817356
4100	0.1464697202780461	0.6091076553340613
4101	0.14650781919174813	0.609186869082374
4102	0.14651964214421398	0.6092114488015187
4103	0.14655268353209625	0.6092801360327693
4104	0.14656932259329264	0.6093147227816691
4105	0.1465997939088447	0.6093780568272055
4106	0.14660441131985916	0.6093876534532338
4107	0.14665295014729182	0.6094885252959921
4108	0.14667081487953976	0.6095256470099673
4109	0.146711503598548	0.6096101869984006
4110	0.14673358057217956	0.6096560519831933
4111	0.14678661905090223	0.609766225496173
4112	0.14682065831675015	0.6098369226469731
4113	0.14683467061006827	0.6098660228092363
4114	0.14686919773903043	0.6099377214245251
4115	0.14688093276712785	0.6099620883218682
4116	0.14690222978911072	0.6100063074894202
4117	0.14694911960121618	0.6101036538642434
4118	0.1469614673468799	0.6101292860235938
4119	0.146985148584338	0.6101784418831228
4120	0.14700689277564064	0.6102235734703614
4121	0.14705735169084147	0.6103282916138807
4122	0.1470944991812723	0.6104053728767839
4123	0.14712656536876706	0.6104719025792017
4124	0.14714770637682037	0.6105157611705636
4125	0.14716424455316252	0.6105500686493647
4126	0.14721228275353684	0.6106497101537307
4127	0.1472394408149694	0.6107060345895589
4128	0.1472495015754419	0.6107268987756292
4129	0.14729463178613414	0.6108204818498405
4130	0.1473010634096619	0.610833817449551
4131	0.14733345387518576	0.6109009727833635
4132	0.14734729227819088	0.6109296617712852
4133	0.14735735878669984	0.6109505302362194
4134	0.14740947241195293	0.6110585534552533
4135	0.14745551455248537	0.6111539755702087
4136	0.1474656445172074	0.611174967873912
4137	0.1475134398666095	0.6112740043467166
4138	0.14752888317636237	0.6113060009117128
4139	0.1475644587808811	0.6113797026477638
4140	0.14759932492152417	0.6114519259726584
4141	0.14762889652532968	0.6115131752654179
4142	0.1476541906085357	0.6115655600051849
4143	0.1476696584596891	0.6115975921381236
4144	0.14770666471740745	0.6116742210155974
4145	0.14775005542124311	0.6117640579438027
4146	0.14776257699291837	0.6117899803882534
4147	0.14778813250599152	0.6118428825885864
4148	0.1478505926315028	0.6119721613934302
4149	0.1478748840796335	0.6120224320051453
4150	0.14789980423849447	0.6120739994292547
4151	0.1479066830705662	0.6120882330698074
4152	0.1479698987216553	0.6122190230443685
4153	0.14798817622878027	0.612256833072376
4154	0.1480415518213244	0.6123672358962524
4155	0.14804515452639813	0.6123746870648552
4156	0.14808109034883116	0.6124490051093338
4157	0.14809516377147264	0.6124781075723632
4158	0.14813948734393217	0.6125697553553258
4159	0.1481903899387615	0.6126749896601725
4160	0.1482076880984635	0.6127107471764337
4161	0.1482251426978587	0.6127468259585577
4162	0.14824817997345024	0.612794440920508
4163	0.1482887513541682	0.6128782875343375
4164	0.14830637574475555	0.6129147073075664
4165	0.14834028746300792	0.6129847778042831
4166	0.14837907781078424	0.6130649190082279
4167	0.14840382856129333	0.6131160488048141
4168	0.14842699813887547	0.6131639083700828
4169	0.14845119002753313	0.6132138756563895
4170	0.1485048472247967	0.6133246877193342
4171	0.14852531030121985	0.6133669424937577
4172	0.1485684353987732	0.6134559831743418
4173	0.14862257649413887	0.6135677503659228
4174	0.14866144996982192	0.6136479870034169
4175	0.14870210562545044	0.6137318909199132
4176	0.14870544219472445	0.6137387763216846
4177	0.14876128170411448	0.613853996232429
4178	0.14878707805559893	0.6139072174296348
4179	0.14884499741528334	0.6140266957260274
4180	0.14884954169874054	0.6140360688662309
4181	0.14888142482372677	0.6141018276863928
4182	0.14893641143173322	0.6142152208086417
4183	0.14898469408372106	0.6143147718061732
4184	0.1490249578028683	0.6143977767304761
4185	0.14905381535946446	0.6144572605935754
4186	0.14908297847498841	0.6145173684533058
4187	0.14912423261298524	0.6146023869813001
4188	0.14916211407675592	0.6146804445822469
4189	0.14917692362313134	0.6147109580697588
4190	0.1492191384279737	0.6147979288521751
4191	0.14923497458308163	0.6148305512663103
4192	0.14930896994586204	0.6149829584744797
4193	0.14933429767877512	0.6150351169738107
4194	0.14935414761422153	0.6150759917155545
4195	0.14943358979377797	0.615239550887731
4196	0.149445533959264	0.6152641383187908
4197	0.14946622522544104	0.6153067295997054
4198	0.14948305695064024	0.6153413741564092
4199	0.1495269339561903	0.615431676550827
4200	0.14956513589724735	0.6155102884187466
4201	0.14957097244364403	0.6155222979665855
4202	0.14963320537598773	0.6156503367604743
4203	0.14964517803673924	0.6156749664045658
4204	0.14968078059300285	0.6157482006354768
4205	0.14974261796361676	0.6158753790138715
4206	0.14975764091520588	0.6159062721359584
4207	0.14978425006510043	0.6159609872552907
4208	0.14979350510348788	0.6159800168078686
4209	0.1498333100257839	0.6160618541613355
4210	0.14984104334498716	0.6160777523000553
4211	0.14986936466620843	0.61613597170091
4212	0.1499009573365976	0.6162009094384789
4213	0.14993025552381392	0.6162611248229256
4214	0.14996757603307365	0.6163378196430578
4215	0.14999804554366045	0.6164004283696811
4216	0.1500063890070227	0.6164175714026348
4217	0.15001800838696666	0.6164414445567075
4218	0.1500558825016805	0.6165192542171726
4219	0.15008826923417085	0.6165857826550032
4220	0.15009791252382837	0.6166055903982293
4221	0.1501196699233044	0.6166502787213066
4222	0.15015573250237646	0.616724341847325
4223	0.15016634873333964	0.6167461431206528
4224	0.1501901682117534	0.6167950555070032
4225	0.15021732786472144	0.616850822081451
4226	0.150265723116615	0.6169501789510377
4227	0.15029733763011396	0.6170150758336014
4228	0.15033660393315704	0.6170956704705671
4229	0.15037400686381366	0.6171724307223202
4230	0.15038980187379858	0.6172048432015045
4231	0.1504169354442718	0.6172605192366811
4232	0.1504409705207328	0.6173098332023047
4233	0.1504493359465535	0.6173269960397085
4234	0.1504697442265594	0.617368864469683
4235	0.15051543306534484	0.6174625867186209
4236	0.15054273306037683	0.6175185808479984
4237	0.15058910231603126	0.6176136756818575
4238	0.15063045951769993	0.6176984793610236
4239	0.15065355896769037	0.6177458401278831
4240	0.15070634011126283	0.6178540436008081
4241	0.15074078217474013	0.6179246410039533
4242	0.1507727450173902	0.6179901494248428
4243	0.1508044876871244	0.6180551997256419
4244	0.15083408355466937	0.618115844414454
4245	0.15085400934966472	0.6181566708728133
4246	0.15090865792611607	0.6182686278680715
4247	0.15091780473713515	0.6182873647009545
4248	0.15092841197593382	0.6183090924437524
4249	0.15096984786543902	0.6183939619149766
4250	0.15101027714693566	0.6184767584148277
4251	0.15102584496844632	0.6185086373300551
4252	0.15106193692501152	0.6185825381029536
4253	0.15107387969287414	0.6186069898007116
4254	0.1511025914182679	0.6186657704127129
4255	0.15110990411726147	0.618680740578938
4256	0.1511101219453031	0.6186811864992975
4257	0.15116663640324138	0.6187968675765161
4258	0.15120052272972986	0.6188662201075977
4259	0.1512214362287147	0.6189090182749521
4260	0.15127340937756598	0.6190153652584816
4261	0.15128675241678707	0.6190426647164836
4262	0.15131849690606203	0.619107608150634
4263	0.15133288711408996	0.61913704564722
4264	0.15138687144793944	0.6192474668562717
4265	0.15142316675478126	0.6193216953201204
4266	0.15146197921112864	0.6194010618288054
4267	0.15151184575513268	0.6195030176086807
4268	0.15152343065954302	0.6195267013873997
4269	0.15153795927445526	0.619556401906602
4270	0.15156961809358827	0.6196211163841695
4271	0.15159119295618295	0.6196652141556429
4272	0.15160487725714444	0.6196931824490561
4273	0.15162109834818954	0.6197263338583167
4274	0.15164637673019973	0.6197779923223621
4275	0.15167717957647847	0.6198409346665301
4276	0.1517002733925703	0.6198881202344734
4277	0.15176048330788103	0.6200111249848981
4278	0.15180779692108948	0.6201077663498477
4279	0.15182287249600424	0.6201385561024018
4280	0.15183784640609715	0.6201691367055797
4281	0.15185950473211965	0.6202133659498726
4282	0.15192992084813883	0.6203571434331167
4283	0.15197210371903294	0.6204432575737638
4284	0.15200902822911247	0.6205186272348663
4285	0.15203128362490698	0.620564050136302
4286	0.15205580315020187	0.6206140902402416
4287	0.1520940532563165	0.6206921440258494
4288	0.15211062638695869	0.6207259603768425
4289	0.15213661232853234	0.6207789792226648
4290	0.1521768442245917	0.6208610550098884
4291	0.15219126623604617	0.6208904742462885
4292	0.15221554675722945	0.6209400005543578
4293	0.15223325681856295	0.6209761222445502
4294	0.15228784894598862	0.6210874558966188
4295	0.15229818053155342	0.6211085235964016
4296	0.15230802076938804	0.6211285886978062
4297	0.15235278072075928	0.6212198499557828
4298	0.1523826469109037	0.621280736803033
4299	0.15241355405297655	0.6213437395097757
4300	0.1524428927151321	0.6214035390367678
4301	0.15245526561948092	0.6214287563834439
4302	0.1525038048621141	0.6215276748450012
4303	0.1525247195975656	0.6215702922775826
4304	0.15256235069489724	0.6216469648644298
4305	0.15258157012469722	0.6216861204093116
4306	0.15262237580431767	0.621769245221713
4307	0.15262474274709212	0.6217740665544589
4308	0.152662358275038	0.6218506823065097
4309	0.15268665331835446	0.6219001617210994
4310	0.15271962582540405	0.6219673074083609
4311	0.15278053390784516	0.6220913224439141
4312	0.15281042548045248	0.6221521756756796
4313	0.15282839259346476	0.6221887502413744
4314	0.15284322111049783	0.6222189341376335
4315	0.15288277748683138	0.6222994451798709
4316	0.15290869102379562	0.6223521826322594
4317	0.15292541922064296	0.6223862243372449
4318	0.15299688787030075	0.6225316413237564
4319	0.15303689893930256	0.6226130368624131
4320	0.15305179247877876	0.6226433324522622
4321	0.15307662453556295	0.6226938411305522
4322	0.15310703049320004	0.6227556816058663
4323	0.15313239833784703	0.6228072707295264
4324	0.15317773580787503	0.6228994602877465
4325	0.15320439718892975	0.6229536673733764
4326	0.15322861660301193	0.6230029054398614
4327	0.15325163871170916	0.6230497057772418
4328	0.1532617213976723	0.6230702011900572
4329	0.15334649553569676	0.6232424977577067
4330	0.15337216296147563	0.6232946553278887
4331	0.15339210724432512	0.6233351801550746
4332	0.1534302169316101	0.6234126079769252
4333	0.15346457481445622	0.6234824049791277
4334	0.1534817921092804	0.6235173784553559
4335	0.15351406961398334	0.6235829384375473
4336	0.15352636468502173	0.6236079095787521
4337	0.15357913057346123	0.6237150651106986
4338	0.1535905689270176	0.6237382913803547
4339	0.15360895908885225	0.6237756319047835
4340	0.15365235936063587	0.6238637456455839
4341	0.1536597335266144	0.6238787158667759
4342	0.15368236110203382	0.6239246496410511
4343	0.15370871279432005	0.6239781390770569
4344	0.15371714606204948	0.6239952562021464
4345	0.15377266835920253	0.6241079388891662
4346	0.15379870111260902	0.6241607654436645
4347	0.15383274039483566	0.6242298323761766
4348	0.1538639825047103	0.6242932170200285
4349	0.1539006280180014	0.624367556001106
4350	0.15396456046271512	0.624497227985152
4351	0.15396736394881955	0.6245029135835973
4352	0.15400834420169526	0.6245860175088945
4353	0.15407974775613545	0.6247307904881809
4354	0.15409507209969572	0.6247618567099807
4355	0.15411035496424233	0.6247928373051732
4356	0.15412619836893462	0.6248249525753362
4357	0.15415708791799257	0.6248875622883019
4358	0.15416944967309928	0.6249126164465796
4359	0.1542170232460155	0.6250090267044955
4360	0.15426181162812705	0.6250997790428053
4361	0.15429357343957503	0.6251641283436337
4362	0.15431795812725346	0.6252135271274406
4363	0.15434971399775693	0.6252778526885769
4364	0.1543789719558168	0.6253371125532236
4365	0.15441487374899346	0.6254098213499072
4366	0.1544816512787639	0.6255450376271141
4367	0.1544989979634002	0.6255801577459226
4368	0.1545142644414603	0.6256110646448831
4369	0.15454605858298506	0.6256754268048542
4370	0.15457905005183903	0.6257422057639431
4371	0.1546204110208107	0.6258259155968865
4372	0.15463645356488986	0.6258583808431135
4373	0.15465024022529683	0.6258862795191699
4374	0.1546670549151208	0.625920304030195
4375	0.15473976111777113	0.6260674036875601
4376	0.15475992066029826	0.6261081844840102
4377	0.15478961801685268	0.6261682545137671
4378	0.15482729107798984	0.6262444490288892
4379	0.15487128183999543	0.6263334094884521
4380	0.1549215630806001	0.6264350754162794
4381	0.15494659620962614	0.6264856848870541
4382	0.15495251185279246	0.6264976439441707
4383	0.15497991752694087	0.6265530442438227
4384	0.1550395303747123	0.6266735341137889
4385	0.15506064461013938	0.6267162047863563
4386	0.155118916407503	0.6268339537141485
4387	0.15516308558893302	0.6269231909672229
4388	0.1551735992407655	0.6269444303634382
4389	0.15521996239122118	0.6270380833695953
4390	0.15522899891575906	0.6270563354116424
4391	0.1552522828187308	0.6271033619708327
4392	0.15529496907942514	0.6271895663646112
4393	0.15533685254455173	0.6272741380076239
4394	0.15535233499136814	0.6273053974812818
4395	0.15542503291179222	0.6274521557002216
4396	0.15545783651569695	0.627518366418281
4397	0.15547572510173469	0.6275544697554623
4398	0.15550471095347576	0.6276129655530286
4399	0.15551261517462878	0.627628915965755
4400	0.15557596158111928	0.6277567319260956
4401	0.15559796811376153	0.6278011290822361
4402	0.15563395883492112	0.6278737319227989
4403	0.15566500788653292	0.6279363593591288
4404	0.15569635559957568	0.6279995828740443
4405	0.15573935970417802	0.6280863051838546
4406	0.15575504323315095	0.6281179296935413
4407	0.15579892019906066	0.6282063954271351
4408	0.1558172693273381	0.6282433876615551
4409	0.15585902596249768	0.6283275618122969
4410	0.15587729027180913	0.6283643759547066
4411	0.15591300940567426	0.6284363663824895
4412	0.15593562384461107	0.6284819405798853
4413	0.15595959782492425	0.628530251011539
4414	0.15597242420600926	0.6285560961755712
4415	0.1560068078594105	0.6286253740114363
4416	0.15604276735831416	0.6286978187697585
4417	0.15607269133000728	0.6287580978656728
4418	0.15609793825488605	0.6288089509854979
4419	0.15612340397557567	0.6288602406445879
4420	0.1561641277011121	0.6289422522501145
4421	0.15619891526763793	0.6290123008343222
4422	0.15622574857201368	0.629066327309705
4423	0.1562765696830777	0.6291686383896937
4424	0.15630452310161988	0.6292249060308278
4425	0.15633542154578123	0.6292870958814503
4426	0.15639743276584173	0.6294118884310613
4427	0.15640554058980136	0.6294282029400738
4428	0.15647257245436633	0.6295630678120471
4429	0.15649656661417854	0.629611335880918
4430	0.15649804640359974	0.6296143125915642
4431	0.1565256389007371	0.6296698144519175
4432	0.15652816130285072	0.6296748879787956
4433	0.1565993601614475	0.6298180795807994
4434	0.1566350356706324	0.6298898161482839
4435	0.15667332679201548	0.629966803118141
4436	0.15669497176850777	0.6300103176907997
4437	0.1567332962328862	0.630087356958722
4438	0.15674101687005337	0.6301028757287503
4439	0.15676241681838504	0.6301458884290453
4440	0.15678109163335271	0.6301834213647388
4441	0.15684393406183417	0.630309706647407
4442	0.15685398773800227	0.6303299077095913
4443	0.15688238192785522	0.6303869572542872
4444	0.1569022356115408	0.630426844165604
4445	0.15693942980432685	0.6305015621198555
4446	0.1569453814385885	0.6305135173025898
4447	0.15697145012688274	0.6305658793973516
4448	0.15699082391744085	0.6306047911687216
4449	0.15702171702015988	0.6306668342225719
4450	0.15705188238156365	0.6307274098542159
4451	0.15707032334908977	0.6307644386439804
4452	0.15709978183455184	0.6308235856983033
4453	0.1571309757282793	0.6308862110786413
4454	0.15714631382928088	0.6309170018258226
4455	0.15722265170794045	0.6310702253303629
4456	0.1572456682486498	0.6311164162634623
4457	0.15726866141513157	0.6311625569125172
4458	0.15729810732103075	0.6312216414218942
4459	0.15736410813018234	0.6313540548709756
4460	0.15738187741143317	0.6313896995653783
4461	0.1574200360149291	0.6314662378853685
4462	0.15744285996972354	0.6315120136165265
4463	0.15750025384757366	0.6316271081365888
4464	0.1575214453855792	0.6316695991781278
4465	0.1575769983236852	0.6317809745172754
4466	0.1576351830433405	0.6318976051376389
4467	0.15765462139355707	0.6319365642966075
4468	0.1576868270011736	0.6320011068440617
4469	0.15774867938677875	0.6321250453630111
4470	0.1577881048370967	0.632204032577711
4471	0.15782685392125437	0.6322816551066076
4472	0.1578625481693478	0.6323531497280881
4473	0.1579021211830159	0.6324324039655914
4474	0.15793409844700265	0.632496438679021
4475	0.15794642402382417	0.6325211190090582
4476	0.15799571305120105	0.6326198041141096
4477	0.15803908371321948	0.6327066269035664
4478	0.1580519966380466	0.6327324747066443
4479	0.15808558292485064	0.6327996994363636
4480	0.15812474229106951	0.6328780699630743
4481	0.15814632016400437	0.6329212501021441
4482	0.15817734526591953	0.6329833302166059
4483	0.15822947592158126	0.6330876280780906
4484	0.15830640326237733	0.6332415053170536
4485	0.15832106674631674	0.6332708323418562
4486	0.15834278672911367	0.6333142698961617
4487	0.15836788345790193	0.6333644568578107
4488	0.15840322143934252	0.6334351169326641
4489	0.15843058257776838	0.6334898214942365
4490	0.15844737877201626	0.6335234006679322
4491	0.15845566652210646	0.633539968991768
4492	0.15851580820962757	0.6336601873120089
4493	0.1585746598857459	0.63377780492964
4494	0.15859861865743477	0.6338256813186943
4495	0.15861612092183056	0.6338606534978705
4496	0.15865252615257208	0.6339333904910807
4497	0.15868544978363364	0.6339991641250561
4498	0.1587172970367085	0.6340627809182071
4499	0.15874614835668138	0.6341204076458886
4500	0.1587617713311554	0.6341516103028081
4501	0.15878736317947623	0.6342027197661277
4502	0.1588154875918379	0.6342588822614322
4503	0.15886713395710741	0.6343620035114532
4504	0.15888336136339665	0.6343944009836435
4505	0.15890540190875432	0.6344384015434511
4506	0.15897445722520245	0.6345762401107157
4507	0.15898111437885062	0.6345895266077448
4508	0.15900580540520687	0.6346388030846026
4509	0.15902430463935524	0.6346757199453774
4510	0.15904509475727993	0.6347172059052016
4511	0.15908273329008962	0.6347923053956389
4512	0.1591286400202882	0.6348838902473206
4513	0.1591653750834779	0.6349571679237057
4514	0.15919744677493078	0.6350211363735908
4515	0.15920812449913427	0.6350424321512607
4516	0.15924206705720728	0.6351101228421835
4517	0.159279374409027	0.6351845155250317
4518	0.15933345456051742	0.6352923385236365
4519	0.1593599359899665	0.6353451295408363
4520	0.15938327693055823	0.6353916563226846
4521	0.15940281188648844	0.6354305938070128
4522	0.15943934132723336	0.6355033986536316
4523	0.1594563398046303	0.635537274553256
4524	0.1595017465498681	0.6356277558256417
4525	0.15954485086920303	0.6357136371766434
4526	0.1595721474656194	0.6357680171091015
4527	0.15959010243835647	0.6358037842417299
4528	0.1596050196144136	0.6358334984132914
4529	0.1596238862568203	0.6358710777099408
4530	0.1596986147528729	0.6360199029589118
4531	0.15975320406679006	0.6361285980895837
4532	0.15977705114909369	0.6361760752123389
4533	0.15979898581595736	0.6362197417817451
4534	0.15984720694073176	0.63631572773965
4535	0.1598689372967945	0.6363589780963183
4536	0.1599017548164926	0.636424289882402
4537	0.1599270346866881	0.6364745960457534
4538	0.15993010763692803	0.6364807108510809
4539	0.15993626945247366	0.6364929719538264
4540	0.15994550802546684	0.6365113549068809
4541	0.16000991615758883	0.6366394997406456
4542	0.16002458667014535	0.636668684224734
4543	0.16005304750586274	0.6367252983913372
4544	0.16006417410440146	0.6367474300025823
4545	0.16012848545759126	0.63687533487773
4546	0.16018180270595853	0.6369813547848125
4547	0.16021536918862905	0.6370480917775336
4548	0.16023036662039497	0.6370779074617664
4549	0.1602556591114089	0.6371281871052755
4550	0.16028111478513835	0.6371787871381895
4551	0.1603266104892685	0.6372692121417461
4552	0.1603424477426149	0.6373006864700078
4553	0.16039878940220395	0.6374126450472574
4554	0.16046769536325162	0.6375495438823051
4555	0.1604905712594587	0.6375949860425267
4556	0.16052089702509492	0.6376552221132706
4557	0.1605514159312186	0.6377158360748534
4558	0.16057250490098465	0.637757717762106
4559	0.16060543583690218	0.637823111528815
4560	0.16062610525026558	0.6378641531203932
4561	0.1606532817598424	0.6379181113112875
4562	0.16070910378976097	0.6380289300593083
4563	0.16074511402205138	0.6381004079113488
4564	0.1607660210084579	0.6381419031781846
4565	0.160784753049226	0.6381790794169443
4566	0.16086882486199386	0.6383459045024469
4567	0.16090115755559908	0.6384100511933816
4568	0.16090648756749326	0.638420625091788
4569	0.16096320696017763	0.6385331365267548
4570	0.16098907265480755	0.6385844384359901
4571	0.16101839819772262	0.6386425976088757
4572	0.161045736727481	0.6386968113162067
4573	0.16107815437641615	0.638761091214504
4574	0.16111085047808876	0.638825916696107
4575	0.16119794921182112	0.6389985723869698
4576	0.16122103127635032	0.639044320110179
4577	0.16126608689442418	0.6391336090982422
4578	0.1612884338472043	0.6391778905528775
4579	0.16130860472032266	0.6392178573773815
4580	0.1613571673968119	0.6393140698332402
4581	0.16136700447446403	0.6393335573044262
4582	0.16139630973767782	0.6393916081670544
4583	0.16141991700740194	0.6394383680287319
4584	0.1614357970926015	0.6394698204239047
4585	0.16146383284717214	0.6395253447901346
4586	0.1614782245008576	0.639553845359093
4587	0.16150308305019218	0.6396030710954097
4588	0.16154973795254587	0.6396954484775942
4589	0.16156097517070492	0.6397176963388447
4590	0.1616034677321913	0.6398018176941671
4591	0.1616354718387461	0.6398651680422424
4592	0.16165376648279317	0.639901378454893
4593	0.1616876817219346	0.6399685011411381
4594	0.16175303645686603	0.6400978268439826
4595	0.16177721465163175	0.6401456646836018
4596	0.16180283585135222	0.6401963536839952
4597	0.16185367982822324	0.6402969315624346
4598	0.16186817668745773	0.6403256058769633
4599	0.1619059668328213	0.6404003475156689
4600	0.16192809117004822	0.6404441011509804
4601	0.1619665081882067	0.640520068493499
4602	0.16201544752399877	0.6406168300385866
4603	0.16205422847596404	0.6406934963206812
4604	0.16206897107093943	0.6407226386330932
4605	0.16209739222121144	0.6407788161851398
4606	0.16214288862196546	0.6408687346103455
4607	0.16215826541960698	0.6408991222372837
4608	0.1622102813623323	0.6410019054626095
4609	0.16226169347339653	0.641103479327172
4610	0.1622716212040976	0.6411230914894989
4611	0.1622840466610876	0.6411476370472726
4612	0.1623122587118283	0.6412033643475965
4613	0.16233651760878215	0.641251279105569
4614	0.16236873284531972	0.6413149032277272
4615	0.16237900794821497	0.6413351949189152
4616	0.1624197132412431	0.6414155750786471
4617	0.16245012814108917	0.641475628371661
4618	0.1625556880982243	0.6416840096885412
4619	0.16258874208435575	0.6417492462130098
4620	0.16260433944476035	0.6417800274162692
4621	0.16264813093495037	0.6418664415055155
4622	0.16267558721535524	0.6419206152646162
4623	0.16273409165809474	0.6420360346479176
4624	0.16276687667326295	0.6421007048742551
4625	0.16278055855243564	0.6421276911992138
4626	0.16281050671131322	0.6421867573981059
4627	0.162862021067001	0.6422883454997921
4628	0.1628956183459775	0.6423545918468367
4629	0.16291287489692668	0.6423886152640979
4630	0.1629632490639689	0.6424879238372595
4631	0.16302595789571506	0.6426115277546776
4632	0.1630825257221676	0.6427230068867587
4633	0.16309215205148359	0.6427419757247659
4634	0.16312102197488487	0.6427988610202011
4635	0.16314692914243273	0.6428499042163028
4636	0.16319126052396632	0.6429372380350866
4637	0.1632368262264247	0.6430269911324796
4638	0.16328812853530925	0.6431280289269229
4639	0.1633020642926597	0.6431554720883464
4640	0.16331608755912444	0.6431830863961789
4641	0.16337264552783132	0.6432944470726517
4642	0.16339030831553258	0.643329220538312
4643	0.16341035157520165	0.6433686782617666
4644	0.1634401535060133	0.6434273427054024
4645	0.16348892947799606	0.6435233455915511
4646	0.16351427998290743	0.6435732358484573
4647	0.16354281813707838	0.6436293948301833
4648	0.16359372832642774	0.6437295665926965
4649	0.16360460192219267	0.6437509596462473
4650	0.16363208838480628	0.6438050342057307
4651	0.16366402862660576	0.6438678650517462
4652	0.16366891899876568	0.6438774845447621
4653	0.16372327506625337	0.6439843947108795
4654	0.16375485864914982	0.6440465066912745
4655	0.1637894313220461	0.6441144901217115
4656	0.16380392229925236	0.6441429829306782
4657	0.1638113355656786	0.6441575587401442
4658	0.16384467619976706	0.6442231083210399
4659	0.1638930268739457	0.6443181566456953
4660	0.16392351401052604	0.644378081410625
4661	0.16399059660328888	0.644509917685531
4662	0.16400428948027762	0.6445368247490761
4663	0.16400931414411637	0.644546698137392
4664	0.16405939256225016	0.6446450932062265
4665	0.1640786607602797	0.6446829477430409
4666	0.16410992764917198	0.6447443703247577
4667	0.16417570980355634	0.6448735776949969
4668	0.1642046141194021	0.6449303425150014
4669	0.16422800446919142	0.6449762748696257
4670	0.1642801357021347	0.6450786348193593
4671	0.1643020597347251	0.6451216779210991
4672	0.1643193297829427	0.645155581907902
4673	0.16441309759997225	0.6453396326913686
4674	0.16443707690854156	0.6453866916976447
4675	0.16447310039681604	0.6454573807636215
4676	0.1645122780505082	0.6455342504765951
4677	0.1645719939942097	0.6456514003631414
4678	0.16460432096767977	0.6457148100913459
4679	0.16464140066936536	0.6457875346837632
4680	0.1646478624143009	0.6458002072963974
4681	0.1646775826308476	0.6458584906402186
4682	0.16475875602363715	0.6460176503301399
4683	0.16477058803312739	0.6460408465168791
4684	0.16483728800854586	0.6461715936032486
4685	0.16490366470679663	0.6463016807348144
4686	0.1649333695610047	0.6463598887580967
4687	0.16495087467012803	0.6463941883671284
4688	0.1649607749381361	0.6464135862020778
4689	0.16496718270291136	0.646426140780542
4690	0.16500781710443876	0.6465057491050984
4691	0.16505935789393417	0.6466067104283159
4692	0.1651120501455324	0.6467099110138114
4693	0.16514362136221647	0.6467717370368049
4694	0.16517032029811202	0.6468240170435097
4695	0.1652309553565795	0.6469427327219228
4696	0.16525824265559136	0.6469961506512928
4697	0.16527780934668906	0.6470344519151642
4698	0.16532938588918075	0.6471354007265698
4699	0.16536572205225664	0.6472065106670873
4700	0.16537025755027548	0.6472153860969024
4701	0.16543934893737786	0.6473505746723645
4702	0.16546089697892882	0.6473927311574771
4703	0.16551387610755672	0.6474963676007045
4704	0.16558686752368815	0.6476391244150748
4705	0.1656056813317487	0.6476759154127001
4706	0.16562621082488746	0.647716059102526
4707	0.16568817666977922	0.6478372129926676
4708	0.16572582029581917	0.6479108016978987
4709	0.16577721834929934	0.6480112651391541
4710	0.16582593603242157	0.6481064751105686
4711	0.16585986325639132	0.6481727715220175
4712	0.16588895144496374	0.6482296066865222
4713	0.16595774139608335	0.6483639949648475
4714	0.16598365572703433	0.6484146140656694
4715	0.16600859164400472	0.6484633182759985
4716	0.16601379561526247	0.6484734820813495
4717	0.16602853097295825	0.6485022606435551
4718	0.16607411175842898	0.6485912730974897
4719	0.1661018485641599	0.6486454329507952
4720	0.16612780021819973	0.6486961029600588
4721	0.16615541375661724	0.6487500134146563
4722	0.16616973963768839	0.6487779803493645
4723	0.16621131814556483	0.6488591429401608
4724	0.16624971167943936	0.6489340793443376
4725	0.166269325295693	0.64897235781261
4726	0.16630503275538427	0.6490420396683939
4727	0.16634656280937749	0.6491230747035792
4728	0.16639412208512186	0.6492158617636047
4729	0.16644223051559806	0.6493097067220523
4730	0.16650409769365482	0.6494303708914951
4731	0.1665251700982668	0.6494714648548621
4732	0.1665680101684223	0.6495550006166873
4733	0.1666136353843233	0.6496439554464893
4734	0.16662527411089778	0.6496666453551281
4735	0.16665456245528046	0.6497237400080175
4736	0.16667034153666432	0.6497544976451373
4737	0.1666992979500863	0.6498109376289066
4738	0.16676016262838553	0.6499295551776318
4739	0.16678951344781473	0.6499867484707331
4740	0.1668088412270135	0.6500244080218933
4741	0.16684030887279122	0.6500857170421115
4742	0.1668900543222326	0.6501826252658982
4743	0.1668962113661002	0.6501946186888744
4744	0.166938253544692	0.6502765075369502
4745	0.16696226977316594	0.6503232812008689
4746	0.1670213771691449	0.650438383596003
4747	0.16704676583233244	0.6504878177876469
4748	0.16706284269663052	0.650519119060422
4749	0.16711692619266702	0.6506244072881397
4750	0.1671469566664224	0.650682862412808
4751	0.16719112093884136	0.6507688198175053
4752	0.16719547798393386	0.6507772993665509
4753	0.16722454044240734	0.6508338570158663
4754	0.16728028867634423	0.6509423333632629
4755	0.1673056126146326	0.6509916033632677
4756	0.16732151808360723	0.6510225469774947
4757	0.1673366523265335	0.6510519888290398
4758	0.16736372758172816	0.6511046571641653
4759	0.16740867510119278	0.6511920822443661
4760	0.16747437400688922	0.6513198486535168
4761	0.16748180524267295	0.6513342987976181
4762	0.16755883523008772	0.651484065827993
4763	0.16757549467489835	0.6515164517450525
4764	0.1675904858615486	0.6515455931965671
4765	0.167596853949581	0.6515579717640607
4766	0.1676530638284827	0.6516672247826444
4767	0.16767684335530633	0.6517134386377498
4768	0.16771112806889316	0.6517800628241911
4769	0.1677344567250964	0.6518253926256704
4770	0.16777218794643747	0.6518987013116425
4771	0.1677890763502626	0.6519315114323404
4772	0.1678099458951225	0.6519720536749685
4773	0.1678776735334665	0.6521036074775796
4774	0.16788963482885572	0.6521268382764598
4775	0.16791257751602703	0.6521713944247902
4776	0.16793305445027334	0.6522111593543715
4777	0.16793693534787466	0.652218695542255
4778	0.16799339811840502	0.6523283288984442
4779	0.16806023943959794	0.6524580903996687
4780	0.16811294245307506	0.6525603864936209
4781	0.16814278223866322	0.6526182981503168
4782	0.16817185119456152	0.6526747088758018
4783	0.1682219731080009	0.6527719631663564
4784	0.16824911394903888	0.6528246199781057
4785	0.16825978634667024	0.6528453246739041
4786	0.1683088813121574	0.6529405615743054
4787	0.16836203998080068	0.6530436657909717
4788	0.16846504133041323	0.6532433963663836
4789	0.1684928053105941	0.6532972232297304
4790	0.16854260461425186	0.6533937595275141
4791	0.16856841995464947	0.6534437971322798
4792	0.1686074970988989	0.6535195326640237
4793	0.1686400450836597	0.6535826073129248
4794	0.16868802596803967	0.6536755782358269
4795	0.16873795909508638	0.65377231791379
4796	0.16877590704489925	0.6538458281202068
4797	0.16880945350239673	0.6539108051712745
4798	0.1688600268201297	0.6540087498115943
4799	0.16892933730071352	0.6541429586324953
4800	0.16897137740636942	0.6542243492565443
4801	0.1689756442643734	0.6542326094270581
4802	0.16901031019167784	0.6542997150063811
4803	0.1690533327715262	0.6543829876496704
4804	0.1690908306182064	0.6544555582165862
4805	0.16916158309244445	0.6545924654252682
4806	0.16924103248480282	0.6547461671926273
4807	0.1692625630485396	0.6547878137293883
4808	0.1692937000368579	0.6548480372737832
4809	0.16933235017787088	0.6549227846641499
4810	0.16934411167956404	0.6549455291122146
4811	0.16938249050244839	0.6550197407698095
4812	0.16943839409632094	0.6551278243638589
4813	0.1694712059692473	0.6551912542920671
4814	0.16950341816128078	0.6552535189805959
4815	0.16951166396108008	0.6552694567819829
4816	0.1695282152642617	0.6553014466122435
4817	0.1696124898310272	0.6554643055907495
4818	0.1696502293513005	0.6555372233711836
4819	0.16967498483853583	0.6555850498653328
4820	0.16973689063275	0.6557046338219576
4821	0.16974176559209017	0.6557140498966418
4822	0.16976541974415948	0.6557597364119113
4823	0.169847752860419	0.6559187328617021
4824	0.16987191341195262	0.6559653828601727
4825	0.16989224473888137	0.6560046366937102
4826	0.169943598158994	0.6561037746396824
4827	0.16999816940011797	0.6562091081850926
4828	0.17006039617484484	0.6563291978320547
4829	0.17008139456420407	0.6563697170562475
4830	0.17015204549622184	0.6565060291954652
4831	0.17018598838413385	0.6565715076893863
4832	0.1702138798670606	0.6566253076611731
4833	0.17027781794263033	0.6567486213907111
4834	0.17030676335694458	0.6568044391518745
4835	0.1703327967389398	0.6568546373563792
4836	0.17035595845971194	0.6568992951287863
4837	0.17039057223535103	0.6569660277812535
4838	0.1704794994893368	0.6571374415025779
4839	0.1705627327559731	0.6572978391505461
4840	0.17058915171002914	0.6573487425593731
4841	0.17060094812355037	0.6573714703338722
4842	0.17066604353179854	0.6574968734559189
4843	0.1706875810607219	0.657538359187058
4844	0.17072396507870058	0.6576084363788394
4845	0.17077438444504198	0.6577055339158789
4846	0.17080125612203337	0.657757277494195
4847	0.17086184976760416	0.657873940503718
4848	0.170893001672327	0.6579339102754906
4849	0.17093038068691213	0.6580058604909678
4850	0.17095252764306954	0.6580484870705022
4851	0.1709716540330033	0.6580852976989123
4852	0.17099902721830837	0.6581379765185027
4853	0.17103257328659088	0.658202529104471
4854	0.17105294592734277	0.6582417290186123
4855	0.17108809875667613	0.6583093626695232
4856	0.17111710662562873	0.6583651682530066
4857	0.17119509239993475	0.6585151744970473
4858	0.17121957243024305	0.6585622549797848
4859	0.17126024406787527	0.6586404680443906
4860	0.17128700942478298	0.6586919337496245
4861	0.17131227941506832	0.6587405204023815
4862	0.17140830025538153	0.6589251071631405
4863	0.17144004040774377	0.658986111837831
4864	0.1714786449249015	0.659060302233024
4865	0.17152410489960532	0.6591476567815882
4866	0.1715602212417396	0.6592170486296884
4867	0.17157374907268305	0.6592430383402857
4868	0.1716114964783359	0.659315553354893
4869	0.17162153125642274	0.6593348294194015
4870	0.17165347908587647	0.6593961950776753
4871	0.17170994176365698	0.6595046350986272
4872	0.17173515158457647	0.6595530463419678
4873	0.17180099029467252	0.6596794618145527
4874	0.17183825825999613	0.6597510084864848
4875	0.17186204909721153	0.6597966778437258
4876	0.1719012516366658	0.6598719249112921
4877	0.17193584385878258	0.6599383156086683
4878	0.1719660028084718	0.6599961923529792
4879	0.17201457534492512	0.6600893951523705
4880	0.1720537487449027	0.6601645529517487
4881	0.17208823366178133	0.660230708380723
4882	0.17211658425464477	0.6602850908354535
4883	0.17217487144211396	0.6603968839646908
4884	0.1721903247074906	0.6604265197043229
4885	0.17226259284852008	0.6605650954058547
4886	0.17228685939547578	0.6606116205079039
4887	0.17230799801826033	0.660652145918807
4888	0.17232524254533418	0.6606852040151208
4889	0.17237548171011496	0.6607815040507456
4890	0.1723923712392249	0.6608138752875842
4891	0.1724197174554941	0.6608662849227763
4892	0.17246245890069964	0.660948191534813
4893	0.1724843296937739	0.6609900992141985
4894	0.17254619253201195	0.6611086231922058
4895	0.17258507535425216	0.6611831085247462
4896	0.172604686466852	0.6612206730940833
4897	0.1726431888998654	0.6612944172826328
4898	0.17267708097726367	0.6613593243949606
4899	0.17270392385706387	0.6614107269866625
4900	0.1727469879541429	0.6614931839446847
4901	0.17278020459241494	0.6615567784649811
4902	0.172813210735731	0.6616199639299734
4903	0.1728546541094209	0.6616992927022406
4904	0.17287538365395366	0.6617389685611497
4905	0.17289622226214169	0.6617788507678144
4906	0.17293659899695854	0.6618561194003466
4907	0.17297676674236953	0.6619329791417355
4908	0.17302641797224622	0.6620279729059844
4909	0.17309869466287306	0.6621662298140638
4910	0.1731183541984111	0.6622038312268007
4911	0.17315621644778165	0.6622762416767839
4912	0.17321580345772464	0.6623901840675225
4913	0.17326066175596258	0.6624759492584519
4914	0.17330067710816943	0.6625524457861117
4915	0.17330673789689602	0.6625640313013931
4916	0.17333077876365266	0.6626099846827421
4917	0.17335424735945373	0.6626548411118031
4918	0.17338618982800438	0.662715889101044
4919	0.17342508209643992	0.6627902118572904
4920	0.1734305315555116	0.6628006250562234
4921	0.17349115338473564	0.6629164543607754
4922	0.1735822345614735	0.6630904438899774
4923	0.17359658199956254	0.6631178471911725
4924	0.17361913630115666	0.6631609231376789
4925	0.1736429065769915	0.6632063184175166
4926	0.17370774117902738	0.6633301204939022
4927	0.17376790967716932	0.663444991947901
4928	0.173784451453353	0.6634765694049239
4929	0.17382626090641326	0.6635563749457548
4930	0.17384641473185616	0.6635948409740605
4931	0.17389173306897981	0.6636813283921584
4932	0.17390875044658882	0.6637138021598171
4933	0.17394537596936935	0.6637836881925195
4934	0.17395614524124886	0.6638042358970138
4935	0.174022506853881	0.6639308394127991
4936	0.17406552654096216	0.6640128987179363
4937	0.17409237836901303	0.6640641129731727
4938	0.17413046771679544	0.6641367536764675
4939	0.17416744866041012	0.6642072729264793
4940	0.17417059366036336	0.6642132698060005
4941	0.17423329448340774	0.66433281631016
4942	0.17425459343278296	0.6643734203711293
4943	0.17431533589237685	0.6644892054377343
4944	0.1743256343887031	0.6645088340565671
4945	0.1743596154615462	0.6645735968290462
4946	0.17439213120852884	0.6646355610043795
4947	0.17445353135947383	0.6647525534745234
4948	0.17450988641183157	0.6648599148438536
4949	0.17452957929388593	0.6648974274421361
4950	0.17455348249860012	0.6649429573610458
4951	0.17458188545644834	0.6649970541865442
4952	0.17459598656345066	0.6650239097943001
4953	0.1746488942771476	0.6651246630538771
4954	0.17466374325133008	0.6651529375215504
4955	0.1747152467139106	0.6652509978108646
4956	0.17476862564630172	0.665352613659617
4957	0.17477882433799935	0.6653720268327732
4958	0.17481149485858263	0.6654342112387774
4959	0.1748611951242249	0.6655287985734147
4960	0.1749211475378854	0.6656428794545035
4961	0.17495583277237664	0.6657088715751445
4962	0.17498650281387879	0.6657672189410972
4963	0.1750591921790521	0.6659054843816544
4964	0.1750840167707848	0.6659526976858284
4965	0.175106102107019	0.6659946984513176
4966	0.17516739913420562	0.666111256134456
4967	0.17519779439452898	0.6661690458456295
4968	0.17525326309005404	0.6662744941013931
4969	0.1753040824727627	0.666371089176528
4970	0.17532410751839786	0.6664091479890457
4971	0.175331456680045	0.6664231149708224
4972	0.17539217318525363	0.6665384946661567
4973	0.17541771210151502	0.6665870203525285
4974	0.17544491272238638	0.666638699506748
4975	0.17546191397388278	0.6666709985841507
4976	0.17553955923261894	0.6668184896141083
4977	0.17555483476337855	0.6668475024041759
4978	0.17563481467257208	0.6669993875105394
4979	0.1756574433011088	0.6670423539215056
4980	0.1757264780208923	0.6671734174210072
4981	0.17576306623254134	0.6672428702774189
4982	0.17579143543474055	0.6672967165846979
4983	0.17580886990621583	0.6673298060156502
4984	0.17581361096162673	0.6673388039298614
4985	0.1758696238619589	0.6674451000379054
4986	0.17593419216092698	0.6675676107905449
4987	0.17593876873518743	0.6675762934486423
4988	0.17599911912521882	0.6676907794020088
4989	0.17603677267920867	0.6677621990386696
4990	0.17606116904582342	0.6678084689366636
4991	0.17609083025614253	0.6678647197651644
4992	0.17618962033811753	0.6680520354792985
4993	0.1762157328787496	0.6681015386497591
4994	0.17622782862705988	0.6681244680705699
4995	0.17623522673824263	0.6681384919828616
4996	0.17632404042151054	0.6683068248619182
4997	0.17633859166317642	0.6683344004933142
4998	0.17640410071878915	0.668458530695184
4999	0.17642868262582995	0.6685051039125467
5000	0.17649106934108286	0.6686232880725917
5001	0.17652525469229188	0.6686880392673605
5002	0.17657297126311633	0.6687784097480651
5003	0.1766608608147578	0.6689448319407817
5004	0.17668723524591332	0.6689947648486256
5005	0.17670767225766343	0.6690334542834175
5006	0.1767291369387594	0.669074086796671
5007	0.1767790281954672	0.6691685211158837
5008	0.176803087660259	0.6692140561798613
5009	0.1768634297721891	0.6693282463364753
5010	0.17686937673525402	0.6693394991910211
5011	0.1769062328507848	0.6694092341823275
5012	0.1769319283041699	0.6694578479279877
5013	0.1769706087435435	0.6695310215740082
5014	0.17701177803633386	0.6696088947190382
5015	0.17706113251954916	0.6697022385010603
5016	0.1770802901802021	0.669738467742952
5017	0.17712355605052119	0.6698202810489662
5018	0.17715407221371246	0.6698779793730437
5019	0.17718681997573738	0.66993989155684
5020	0.1772509626853341	0.6700611417480541
5021	0.17730374334665838	0.6701608975893193
5022	0.1773099654184721	0.6701726563727809
5023	0.1773357427586303	0.6702213694856136
5024	0.177359389486717	0.6702660531290299
5025	0.1774744048256981	0.6704833474698182
5026	0.17749605105184413	0.6705242350323474
5027	0.1775061127582928	0.6705432397436383
5028	0.17755765955595512	0.6706405937085396
5029	0.1776676366604426	0.6708482549651928
5030	0.1777126082555726	0.6709331528335034
5031	0.1777474027267688	0.6709988308456885
5032	0.17778264920779124	0.6710653555174207
5033	0.17783130463766564	0.6711571775816767
5034	0.17792242242744813	0.6713291004248758
5035	0.17799998226849043	0.6714754071816621
5036	0.17807550491661361	0.6716178404065336
5037	0.17810514581912654	0.6716737339181374
5038	0.178116982972827	0.6716960538042042
5039	0.1781853930254445	0.6718250318228745
5040	0.1782625620693227	0.6719704940364056
5041	0.17830387576888732	0.6720483566523174
5042	0.17832369269839435	0.6720857017880555
5043	0.17835869620729355	0.6721516610645296
5044	0.17839052543281297	0.6722116332241918
5045	0.17843492334470268	0.6722952781825646
5046	0.17845449316390136	0.6723321441056578
5047	0.17853376230130555	0.6724814518397387
5048	0.1785743287087106	0.6725578480538892
5049	0.17860489563557366	0.6726154071303727
5050	0.17864387265485293	0.6726887956941134
5051	0.178667748358403	0.672733746526824
5052	0.17867946488422037	0.6727558041538009
5053	0.17871818754060817	0.6728286985980428
5054	0.1787803741823782	0.6729457468926915
5055	0.17879924494176158	0.6729812615912146
5056	0.17886350233205478	0.6731021797052925
5057	0.17889187924666436	0.6731555718319872
5058	0.17890591330681746	0.6731819758268284
5059	0.17899761889193747	0.67335448727915
5060	0.17907567245312028	0.6735012824926163
5061	0.1791296678213263	0.6736028127796767
5062	0.17917848485066545	0.6736945927975069
5063	0.17919659197518173	0.6737286324974048
5064	0.17923134890081113	0.6737939674469986
5065	0.17926609013795214	0.6738592665755259
5066	0.1793002690552564	0.6739235026014878
5067	0.17932800315637334	0.6739756217085989
5068	0.1793556408196787	0.6740275555765483
5069	0.1793787235142425	0.6740709271470536
5070	0.17943189118049221	0.6741708167051086
5071	0.1794696577576608	0.6742417622443652
5072	0.1795252972983037	0.6743462690319545
5073	0.17955246470568292	0.6743972912194598
5074	0.17964654255289994	0.6745739458169809
5075	0.17966144104313345	0.674601917201343
5076	0.17974905808172295	0.6747663916076677
5077	0.17980246484706122	0.6748666269421268
5078	0.1798505321475357	0.6749568282895951
5079	0.17988773939559782	0.6750266417817342
5080	0.17994260781410013	0.6751295804827802
5081	0.1799830345795098	0.6752054151411581
5082	0.18004631392785078	0.6753241007826165
5083	0.18007819250572066	0.6753838837868007
5084	0.1801112396965671	0.6754458527456416
5085	0.18013581785779376	0.6754919371842935
5086	0.18020917482195103	0.6756294639534116
5087	0.18021225963738258	0.6756352466314558
5088	0.1802544465583503	0.6757143236678884
5089	0.18031873121801456	0.675834803894553
5090	0.18035158632483583	0.6758963715785233
5091	0.1803846033693016	0.6759582370706664
5092	0.1804224200948036	0.6760290889809771
5093	0.18043951971031058	0.6760611237015036
5094	0.18046460099096642	0.6761081086680182
5095	0.1805153898383847	0.6762032418290341
5096	0.18056397289638643	0.6762942307780544
5097	0.1806143975220646	0.6763886557687713
5098	0.18063208613969226	0.6764217762938864
5099	0.18064832509871226	0.6764521810211838
5100	0.18066633128588355	0.6764858929890993
5101	0.1807209242181144	0.6765880939878489
5102	0.18076638917052512	0.6766731951215169
5103	0.18080872369900897	0.6767524271174599
5104	0.18089581754361547	0.6769154001018416
5105	0.18093602011231474	0.6769906152903623
5106	0.18102163883910175	0.6771507719554033
5107	0.18104420340649416	0.6771929744738442
5108	0.1810667922096562	0.6772352196863277
5109	0.18109729918164952	0.6772922691470853
5110	0.18112335539255514	0.6773409916723522
5111	0.18115216993323593	0.6773948679196705
5112	0.1811955692314614	0.6774760060626369
5113	0.1812736676168887	0.6776219921991551
5114	0.1813438366575715	0.6777531295157839
5115	0.18135953284138817	0.677782460282447
5116	0.1814232883384886	0.6779015843227767
5117	0.18146548152991848	0.6779804087359759
5118	0.18152929031924395	0.6780995975381402
5119	0.1815415986809012	0.6781225859869981
5120	0.1816078687660403	0.6782463458894644
5121	0.18163273164691907	0.6782927716889054
5122	0.18167367707155946	0.6783692210718925
5123	0.18170477972699514	0.6784272872197082
5124	0.18173314597077975	0.6784802403749212
5125	0.1817702291127711	0.678549459711845
5126	0.18183498804287335	0.6786703217037914
5127	0.18188427489066575	0.6787622931523812
5128	0.1819085999162833	0.6788076801386331
5129	0.18196192341373527	0.6789071634709595
5130	0.18197586167671062	0.6789331650794214
5131	0.18199785625210108	0.678974193585505
5132	0.1820222863908083	0.6790197624659884
5133	0.18206689154151812	0.679102955365435
5134	0.1820800087993553	0.6791274183747366
5135	0.18213799533839695	0.679235549723114
5136	0.1821656870817019	0.6792871822822101
5137	0.18220271791134215	0.6793562218749433
5138	0.18221567650902387	0.6793803799872314
5139	0.18224472377127407	0.6794345283295803
5140	0.18231550644259845	0.679566459507457
5141	0.1823345665720893	0.6796019811327263
5142	0.18236480111053804	0.679658324263093
5143	0.18242166084051045	0.6797642717286082
5144	0.18247432221127782	0.6798623816105953
5145	0.18252049728116118	0.679948395650475
5146	0.18256602373229958	0.6800331908043932
5147	0.1826104317895899	0.680115892711559
5148	0.18263273802840344	0.6801574302187988
5149	0.18266302810309376	0.6802138307454302
5150	0.1827072356584706	0.680296137416147
5151	0.18278676152802903	0.6804441754943936
5152	0.18279456901302077	0.6804587074575266
5153	0.18292026949943146	0.6806926293170557
5154	0.18295029550608605	0.6807484942105638
5155	0.1829625251704927	0.6807712468015902
5156	0.18301088094010848	0.6808612024981076
5157	0.18305761437286033	0.6809481288874082
5158	0.18312229267536134	0.6810684152781227
5159	0.18315462543184383	0.6811285386169135
5160	0.1831751268759395	0.6811666586695094
5161	0.1832079978378676	0.6812277739510209
5162	0.18324740673400727	0.6813010376495623
5163	0.18325027076569367	0.6813063617634759
5164	0.18332707199379367	0.6814491164884275
5165	0.18335793736406047	0.6815064792495448
5166	0.18341979293743627	0.6816214222403058
5167	0.18346881266959342	0.6817124992906026
5168	0.18349445423923727	0.6817601356369638
5169	0.18355653627512236	0.6818754565004931
5170	0.1836011184131725	0.6819582582920369
5171	0.18361093861988162	0.6819764958757022
5172	0.18372101319417797	0.6821808873611996
5173	0.18377666614222038	0.6822842029866906
5174	0.18377904561057304	0.6822886199468183
5175	0.18382838825816963	0.6823802072858213
5176	0.18389517621378965	0.6825041561510162
5177	0.18393949475225924	0.6825863925781304
5178	0.18397176780622332	0.6826462714565564
5179	0.18404200233870546	0.6827765652705806
5180	0.18408864669427624	0.6828630826275857
5181	0.18416808645432192	0.6830104046635166
5182	0.1842405842666487	0.6831448250426808
5183	0.18428412263960084	0.683225538142177
5184	0.18429841713438233	0.6832520357437295
5185	0.18431352317977892	0.6832800365940433
5186	0.1843294786346015	0.6833096106796506
5187	0.18438226463239177	0.6834074425565017
5188	0.18443157472088076	0.6834988196441466
5189	0.18450444617635248	0.6836338362077017
5190	0.18452621494002122	0.683674164299494
5191	0.18453910240819227	0.683698038075914
5192	0.1845974214634411	0.6838060625364276
5193	0.1846669756097202	0.6839348754613552
5194	0.18468803183056093	0.6839738663887849
5195	0.18470899068879787	0.6840126748174705
5196	0.18471703787940086	0.6840275747971568
5197	0.18472581948381875	0.6840438342290172
5198	0.18480209843105397	0.6841850509747516
5199	0.18482122095672518	0.6842204483210957
5200	0.18487889752959083	0.6843272012469994
5201	0.1849438943088725	0.684447483107252
5202	0.18497429760040748	0.6845037396311303
5203	0.18502287431665543	0.6845936136342037
5204	0.18508006851950548	0.684699416121442
5205	0.18513711305101943	0.6848049254520782
5206	0.18514890840838052	0.684826740068369
5207	0.185161683993031	0.6848503667565956
5208	0.18519795934020747	0.6849174485837685
5209	0.1852175824669241	0.6849537337186786
5210	0.1852893221038256	0.6850863711666907
5211	0.1853240401045137	0.6851505511064414
5212	0.1854228830717697	0.6853332399953138
5213	0.18548988534274055	0.6854570508628315
5214	0.18552864764929908	0.6855286679980165
5215	0.185542636893261	0.6855545126509336
5216	0.1855888632497605	0.685639907345685
5217	0.1856289141705421	0.6857138854599077
5218	0.185690773179651	0.6858281296455577
5219	0.18576343583754737	0.6859623022264446
5220	0.185784753452208	0.6860016605115246
5221	0.18579417535526338	0.6860190552629136
5222	0.18579835741386658	0.6860267760532512
5223	0.18584198510980798	0.6861073150075468
5224	0.1858696035627672	0.6861582951954267
5225	0.18590430772647112	0.6862223493439423
5226	0.18593194883246653	0.6862733627925244
5227	0.18596022028494988	0.6863255356638766
5228	0.18597538485713286	0.6863535191243617
5229	0.18604943158960519	0.686490142521314
5230	0.1860675054151708	0.6865234863527475
5231	0.18610242172855454	0.6865878977734557
5232	0.18617008031788623	0.6867126928912113
5233	0.18624374585548592	0.6868485419395929
5234	0.18624751128376008	0.6868554851683063
5235	0.18631135663073928	0.6869732015581067
5236	0.18632804157094943	0.6870039614924263
5237	0.1863455130307494	0.6870361699583033
5238	0.18637381451807497	0.6870883402706424
5239	0.18644846746084548	0.6872259347907562
5240	0.18650852736693632	0.687336612562175
5241	0.1865251532781867	0.6873672474693828
5242	0.18657106995719017	0.68745184645931
5243	0.18659497183702975	0.6874958802562029
5244	0.18663888717545646	0.6875767769645991
5245	0.18666121379547573	0.6876179013160016
5246	0.18674206359789053	0.6877668014321724
5247	0.1867670490714695	0.687812810360628
5248	0.1868606259710712	0.6879850980595421
5249	0.18689856772904415	0.6880549416636097
5250	0.1869221258007037	0.6880983040528118
5251	0.1869454205534639	0.6881411790747841
5252	0.1869892488627656	0.6882218397746905
5253	0.18700664467080605	0.6882538520338276
5254	0.18705443951392642	0.6883417977947929
5255	0.18709620999758528	0.6884186491246042
5256	0.18714257391987704	0.6885039416370164
5257	0.18716311505645034	0.6885417263728467
5258	0.18723635944505995	0.6886764401083366
5259	0.18728912523715913	0.6887734725387734
5260	0.18733100003827732	0.6888504675061992
5261	0.18735033667907547	0.6888860187773153
5262	0.18743788077720908	0.6890469495310396
5263	0.18748959188284087	0.6891419914784093
5264	0.1875521932085472	0.6892570314689118
5265	0.18757608352222974	0.6893009286957729
5266	0.18759378708992086	0.6893334562907122
5267	0.18763673818751833	0.6894123659776634
5268	0.18769118167236556	0.689512376481471
5269	0.18770670784576735	0.6895408947827547
5270	0.18771846490765096	0.6895624892375363
5271	0.18781390158137806	0.6897377548620736
5272	0.18783565610626518	0.6897776999421418
5273	0.18786239034747207	0.6898267854770256
5274	0.1878938515647935	0.6898845455263075
5275	0.1879727186060556	0.6900293172796247
5276	0.18802840378381375	0.690131517109948
5277	0.18804585218663364	0.6901635373077551
5278	0.18808202259006582	0.6902299101976087
5279	0.18817092397591584	0.6903930176157065
5280	0.18820415985611066	0.6904539856069836
5281	0.18826042017908928	0.6905571774324883
5282	0.18832608130494868	0.6906775925700549
5283	0.18834945554266855	0.6907204532328546
5284	0.18837711832723217	0.6907711742437541
5285	0.18841165944720792	0.6908345017767512
5286	0.18846182137650974	0.6909264580955357
5287	0.18849490900699645	0.6909871072918741
5288	0.1885287092451114	0.691049057192723
5289	0.188550554378479	0.6910890925316442
5290	0.1885860905730575	0.6911542143752459
5291	0.18862889470296898	0.6912326469260449
5292	0.18873257609638128	0.6914225916283271
5293	0.1887466852987317	0.6914484357066004
5294	0.18881352133992768	0.6915708473549631
5295	0.1888728536979281	0.6916794976937194
5296	0.18893219531666228	0.6917881479225579
5297	0.18897568705813478	0.6918677673329474
5298	0.1889941189214236	0.6919015073906275
5299	0.18908504322937175	0.6920679228891348
5300	0.189109695951589	0.692113036986719
5301	0.18912987863107042	0.6921499687866426
5302	0.18918594684490425	0.6922525563233105
5303	0.1891950276291868	0.6922691699270335
5304	0.18923127825834854	0.6923354877137651
5305	0.18934346564969143	0.6925406858300602
5306	0.1893771953070758	0.692602367704768
5307	0.18943426812003525	0.6927067250102108
5308	0.189461618329423	0.6927567291366404
5309	0.18955019759646155	0.6929186529952395
5310	0.189574244780315	0.6929626049773829
5311	0.18962861644342968	0.6930619719250745
5312	0.18963933799350655	0.6930815644152488
5313	0.18968713590187733	0.6931689032614089
5314	0.1897018943114055	0.6931958683782594
5315	0.18975341845473542	0.6932900000118587
5316	0.18979540350535867	0.6933666948246725
5317	0.1898306720947842	0.6934311140068429
5318	0.18988450002100896	0.6935294208631462
5319	0.18991197646466765	0.6935795961875173
5320	0.18993857585698803	0.6936281664519647
5321	0.18996837447076687	0.6936825744286899
5322	0.18998354858648372	0.6937102785386396
5323	0.19001396813176633	0.693765813627719
5324	0.19013349985879965	0.6939839922939731
5325	0.1901455682445704	0.6940060166443556
5326	0.19020859556519085	0.6941210277803126
5327	0.19023967509373885	0.6941777341375284
5328	0.1902571771836223	0.6942096656514575
5329	0.19029492103726806	0.6942785220515659
5330	0.19033826111391183	0.6943575792621278
5331	0.19040283622349022	0.6944753548846975
5332	0.19050642398657394	0.6946642422145246
5333	0.19060078754038917	0.6948362649471412
5334	0.19071024440052334	0.6950357491175931
5335	0.19073832997889464	0.6950869256090024
5336	0.19080573690336505	0.6952097366169145
5337	0.19082432598672436	0.69524360089482
5338	0.19088144807570237	0.6953476515577874
5339	0.19091518128564086	0.6954090909284515
5340	0.19094363433971812	0.6954609091630484
5341	0.19098702448265825	0.6955399231460113
5342	0.1909946631396582	0.6955538323050079
5343	0.19106263151644587	0.6956775830396591
5344	0.19113778299655224	0.6958143865046834
5345	0.19118613039615523	0.6959023824221154
5346	0.1912297475538007	0.695981759395897
5347	0.19126063815833816	0.6960379703918561
5348	0.19131044927312202	0.6961286010896041
5349	0.19134743012337388	0.6961958796509728
5350	0.19140790745503	0.6963058909083838
5351	0.1914470688948803	0.6963771182338789
5352	0.19145539658921187	0.6963922638110622
5353	0.19150247899500247	0.696477886384789
5354	0.1915132405995435	0.6964974556204655
5355	0.19156563924033523	0.696592731079994
5356	0.19163735150223055	0.696723103015086
5357	0.19166882373671565	0.6967803114154743
5358	0.19171287593912736	0.6968603790635136
5359	0.19173871040782448	0.6969073305556812
5360	0.19175222005489526	0.6969318816914982
5361	0.19178053415667953	0.6969833342166375
5362	0.19182146065115882	0.6970576993315196
5363	0.19184225230725346	0.6970954755824371
5364	0.1918780882915771	0.6971605809899554
5365	0.19193767458224487	0.6972688215629516
5366	0.19198067346683034	0.697346920098499
5367	0.1920590656630061	0.6974892807230461
5368	0.19210398812687435	0.6975708470498699
5369	0.19212973891409768	0.6976175988031876
5370	0.19222463810272952	0.6977898656565458
5371	0.19229069932828347	0.6979097589604173
5372	0.19233414575470364	0.6979885978552758
5373	0.19245110558123094	0.698200791633492
5374	0.19247371727929283	0.6982418073546941
5375	0.192518808955994	0.6983235926770508
5376	0.19258587105660524	0.698445209286118
5377	0.1926884679165889	0.6986312269410144
5378	0.1927546381566687	0.6987511734754617
5379	0.19281386100031367	0.6988585090336998
5380	0.19283478978198465	0.6988964364425545
5381	0.1928721827339959	0.6989641953105151
5382	0.1929262144324105	0.6990620932485629
5383	0.19294031232091477	0.6990876344106135
5384	0.1929983743013318	0.6991928155383107
5385	0.19301225946749012	0.6992179666149592
5386	0.1930662457590494	0.6993157467919886
5387	0.19312309850313125	0.6994187039208907
5388	0.19314694906520122	0.6994618914379009
5389	0.19317994639129354	0.6995216371044806
5390	0.19323290507951618	0.6996175145761793
5391	0.193236477851718	0.6996239823215489
5392	0.19327148266323083	0.6996873479368374
5393	0.19331141411645464	0.6997596247394886
5394	0.19336702208645717	0.6998602639449633
5395	0.19343420409693796	0.6999818305282696
5396	0.1934626177100263	0.7000332389197484
5397	0.19349702207137404	0.7000954812437079
5398	0.19350800952477348	0.7001153579250063
5399	0.1935233688765259	0.7001431425751177
5400	0.19359559347529537	0.7002737801323924
5401	0.19362939449480354	0.7003349099706239
5402	0.19367106932277486	0.7004102724090018
5403	0.19368375906840132	0.7004332182280035
5404	0.19372193356554712	0.7005022414868959
5405	0.19378613628311062	0.7006183110022435
5406	0.1938154169560865	0.7006712399711837
5407	0.19382630362000333	0.7006909181405271
5408	0.1938721442340488	0.7007737711961717
5409	0.1939608600597812	0.70093408977475
5410	0.193970641224558	0.7009517630965633
5411	0.19402072975319554	0.7010422597200798
5412	0.19408022933667868	0.7011497444334601
5413	0.19412783479318443	0.7012357307989754
5414	0.1941909132739705	0.7013496487541848
5415	0.19427706005082718	0.7015051975164874
5416	0.19429049020428235	0.701529444227947
5417	0.1943209977209761	0.7015845191859167
5418	0.19440023506438223	0.7017275454882528
5419	0.1944546513969619	0.7018257520764514
5420	0.19449148379579415	0.7018922166785015
5421	0.19452243132375455	0.7019480570797112
5422	0.19458189125294129	0.702055331578748
5423	0.19465029382650134	0.7021787196584199
5424	0.19474727807026884	0.7023536276695325
5425	0.19476227726010226	0.70238067434423
5426	0.1948536813091649	0.7025454724452742
5427	0.19486286637050382	0.702562030631836
5428	0.194884110390332	0.702600326370836
5429	0.1949329295751899	0.7026883228404357
5430	0.19501619381348667	0.7028383810207436
5431	0.19504275823987605	0.702886248488329
5432	0.19509952307931824	0.7029885243246048
5433	0.1951842819666268	0.7031412106410897
5434	0.19520799808007763	0.7031839273753304
5435	0.1952890074291233	0.7033298193574263
5436	0.19536129440029437	0.7034599774219125
5437	0.19539917562374892	0.7035281757644298
5438	0.1954120733235742	0.7035513942490285
5439	0.1954278706593912	0.7035798316245642
5440	0.1954620872688461	0.7036414222834916
5441	0.19547786512959034	0.7036698209681139
5442	0.19551765419957112	0.7037414325112558
5443	0.19555848151382552	0.7038149050909337
5444	0.19557640001746873	0.7038471486964563
5445	0.19562711098683733	0.7039383929820688
5446	0.19566421264639602	0.7040051425350171
5447	0.19569385400123093	0.7040584657148096
5448	0.19574344580530675	0.7041476696346676
5449	0.19579387452762398	0.7042383673855365
5450	0.19582740518837766	0.7042986669402208
5451	0.1958398410526693	0.7043210295497531
5452	0.1958567752026243	0.7043514799934578
5453	0.19591903275372946	0.7044634182044125
5454	0.19598017213079905	0.704573328646206
5455	0.1960427983206347	0.7046858941625542
5456	0.19615608110873797	0.7048894651547863
5457	0.1961947831607235	0.7049589998922978
5458	0.19624270821406642	0.7050450957970429
5459	0.19627205301367556	0.7050978076502867
5460	0.19633025857463907	0.7052023502240874
5461	0.19636133767854405	0.7052581648243843
5462	0.19639678631542823	0.7053218212260839
5463	0.1964113715774036	0.7053480108413643
5464	0.19641868345328825	0.705361139839627
5465	0.19650514951399115	0.7055163773338762
5466	0.19654249158679452	0.7055834091457589
5467	0.19656267432464733	0.7056196360178612
5468	0.19657036530071575	0.7056334403951892
5469	0.19662531437280714	0.7057320595166467
5470	0.1966440455310894	0.7057656738662118
5471	0.19666339953412773	0.7058004042718071
5472	0.19669598491594018	0.705858874284826
5473	0.19673450374325915	0.7059279848087108
5474	0.19679066045943408	0.7060287291321397
5475	0.19683112123016394	0.7061013062511041
5476	0.19685838683938103	0.7061502101426469
5477	0.19688170319456294	0.7061920279231112
5478	0.19690257322327023	0.7062294561277208
5479	0.19696271398977788	0.706337301183862
5480	0.19701147441614553	0.7064247268086009
5481	0.19704544184872294	0.7064856227542687
5482	0.19717117711752272	0.7067109920717991
5483	0.19718406559857776	0.706734089470017
5484	0.1972169108730889	0.7067929479496141
5485	0.19723788572124049	0.706830532152057
5486	0.19728487395595098	0.706914721710727
5487	0.19732690329448196	0.7069900178429559
5488	0.19740308057049596	0.7071264700348584
5489	0.19743721885154222	0.7071876115289827
5490	0.19745905392861438	0.7072267152734215
5491	0.19749038741349198	0.70728282563685
5492	0.1974968741959427	0.7072944412709254
5493	0.19751955009286937	0.7073350446363375
5494	0.19758173248250524	0.7074463762036911
5495	0.19762843289399754	0.7075299772645679
5496	0.19765687576859453	0.7075808896310257
5497	0.1976703316505459	0.7076049742039707
5498	0.19776216937527039	0.7077693319101819
5499	0.1977718751429834	0.7077866996415054
5500	0.19783129914287634	0.7078930250677814
5501	0.19789209875204317	0.7080017953005572
5502	0.19793734364466958	0.7080827273706927
5503	0.19803270931807132	0.708253282995215
5504	0.19809116002687946	0.7083577981843502
5505	0.1981477972122236	0.7084590559200024
5506	0.19816290242791382	0.7084860590536676
5507	0.19822716142667302	0.7086009214069665
5508	0.19828160629104652	0.7086982265191503
5509	0.1983026197153567	0.7087357786206328
5510	0.1983258329327348	0.7087772595558758
5511	0.19836782673372025	0.7088522943491903
5512	0.198407064397297	0.7089223972813028
5513	0.19842568279119405	0.7089556589165255
5514	0.19847585566319428	0.7090452846463714
5515	0.19848790991101462	0.7090668159247696
5516	0.19853992170743603	0.709159711817554
5517	0.19855814629385587	0.7091922590397179
5518	0.19857332890373752	0.7092193724666377
5519	0.19860097095404805	0.7092687335653459
5520	0.19864299870846083	0.7093437769932149
5521	0.19866306462202046	0.7093796032533185
5522	0.19870046402337213	0.7094463723934178
5523	0.198742415219228	0.7095212603739932
5524	0.19877409508863889	0.7095778075513539
5525	0.19880451374741617	0.7096320992825903
5526	0.19884728484273645	0.7097084308237727
5527	0.19886524664503114	0.7097404839510556
5528	0.1988804891751007	0.7097676833575906
5529	0.19892091350695576	0.7098398131745104
5530	0.19892681840296408	0.7098503487665201
5531	0.1989420222249459	0.7098774749031981
5532	0.19899803116689627	0.7099773951910819
5533	0.1990045496737925	0.7099890233328803
5534	0.199075531667109	0.7101156333603299
5535	0.19909916717448137	0.7101577868208846
5536	0.1991343260483009	0.7102204873489224
5537	0.19919104476800914	0.7103216249316773
5538	0.19923970255827725	0.7104083772508638
5539	0.19926973915280793	0.7104619244202978
5540	0.1993199322668534	0.7105513962368811
5541	0.19940823689557433	0.7107087764561769
5542	0.19947147688267172	0.7108214640052363
5543	0.19952108975136887	0.7109098568419895
5544	0.1995518183148716	0.7109645989187984
5545	0.19965068461310817	0.711140697875495
5546	0.19968556851498412	0.7112028220772046
5547	0.1997940288750467	0.7113959427999083
5548	0.1998456202653461	0.7114877862272041
5549	0.1998595185850717	0.7115125261059223
5550	0.19988663334755097	0.7115607896036494
5551	0.20000547853728146	0.711772292017479
5552	0.20003484464648355	0.7118245436253404
5553	0.20010353043501886	0.7119467424199155
5554	0.20016325863139955	0.7120529877272018
5555	0.2002519568954393	0.7122107361299748
5556	0.2002610147637585	0.7122268434335319
5557	0.2002834234948801	0.7122666905635427
5558	0.20035259934112504	0.7123896847596314
5559	0.2003743084782829	0.7124282790841218
5560	0.20039816984585931	0.7124706972142352
5561	0.20043177054201894	0.7125304245761162
5562	0.20048732685841816	0.7126291684600612
5563	0.20054513520001407	0.7127319004927459
5564	0.20057646827419767	0.7127875767605063
5565	0.20058921740836866	0.7128102296672245
5566	0.20063060075146655	0.712883755426452
5567	0.2006328828121002	0.7128878097415028
5568	0.20065491482477144	0.7129269506885703
5569	0.2006607379201938	0.712937295343093
5570	0.2007548061492787	0.7131043855558999
5571	0.2007743767349549	0.7131391432053824
5572	0.2007981094816985	0.7131812906418018
5573	0.20080988288103677	0.713202198321365
5574	0.20086500299265106	0.7133000746980596
5575	0.2008727253288243	0.7133137861210191
5576	0.20092807991585684	0.7134120634509243
5577	0.20102872537195862	0.7135907161643187
5578	0.2010466688948693	0.7136225624729234
5579	0.20106712677511787	0.7136588695493663
5580	0.20112492325554723	0.7137614323299604
5581	0.20117093443170553	0.7138430709564149
5582	0.20120073320437695	0.713895938583114
5583	0.2012590652185184	0.713999417257075
5584	0.20127832813304006	0.714033585607815
5585	0.20136497974354262	0.7141872670872428
5586	0.20138822412522975	0.7142284866737005
5587	0.2014056568582246	0.7142593988214285
5588	0.20144544691868227	0.7143299505168131
5589	0.2015489078683644	0.714513364362422
5590	0.20164583745427106	0.7146851568081868
5591	0.20167666377418492	0.7147397829577522
5592	0.20169795779500826	0.7147775148445644
5593	0.20172211893685862	0.7148203247073026
5594	0.2017557120802296	0.7148798423797513
5595	0.2018090481541635	0.7149743288360012
5596	0.20187481109202132	0.7150908126679693
5597	0.20189159236495915	0.7151205337725093
5598	0.20192851816635476	0.7151859282527303
5599	0.2020112016066732	0.7153323364505543
5600	0.20206227815434002	0.7154227631117861
5601	0.2021103840574768	0.715507920050292
5602	0.2021878943744277	0.7156451072851765
5603	0.20221932539440543	0.7157007302531695
5604	0.20224289659736266	0.7157424409936358
5605	0.2022871583904143	0.715820758480166
5606	0.20233653516861008	0.7159081163888592
5607	0.20236035444884826	0.7159502538955805
5608	0.20244609121355747	0.7161019060268388
5609	0.2024528174834447	0.7161138021682999
5610	0.20253145714768098	0.7162528703276163
5611	0.2026073327885921	0.7163870249357424
5612	0.20264300391635892	0.7164500858528073
5613	0.20268689791368497	0.7165276758874218
5614	0.20271998655015666	0.7165861600728622
5615	0.20277997749862925	0.7166921819412424
5616	0.20278844543965996	0.7167071460512393
5617	0.20283745193914113	0.71679374168187
5618	0.20285609144577718	0.7168266753798881
5619	0.20295209340069928	0.716996274975599
5620	0.20301269766364216	0.7171033194180015
5621	0.20305908890700386	0.7171852488113223
5622	0.20308356490646215	0.717228470951536
5623	0.20312705065065345	0.7173052559547728
5624	0.20321188567446694	0.7174550298423547
5625	0.20327808455020416	0.7175718804114951
5626	0.20337351774508886	0.7177403002925117
5627	0.20342397515166602	0.7178293312257288
5628	0.20345690322382073	0.7178874260976787
5629	0.20354277917399072	0.7180389145945826
5630	0.2036431792701371	0.7182159837310348
5631	0.20370035174920986	0.7183167956188088
5632	0.20373746863201825	0.7183822360210388
5633	0.20374074696969494	0.718388015738664
5634	0.2038303378211623	0.7185459466414575
5635	0.20385368809205745	0.7185871028358535
5636	0.20390625585851627	0.7186797479197863
5637	0.2039391289503123	0.7187376771704299
5638	0.2039757010417849	0.7188021193445969
5639	0.2040006980950167	0.7188461622974915
5640	0.20402551748075753	0.7188898895438484
5641	0.20405985172522711	0.718950375857489
5642	0.20406868772353004	0.718965941328795
5643	0.20412486036876348	0.7190648870327585
5644	0.20413737280573196	0.7190869252993982
5645	0.20419347561030546	0.719185731366187
5646	0.20426543688204046	0.7193124468765262
5647	0.2042823065085241	0.7193421491158316
5648	0.20429929429704505	0.7193720581629567
5649	0.20437279364297298	0.7195014482847352
5650	0.20440546744315338	0.719558960604737
5651	0.20447780805865193	0.7196862779755676
5652	0.2044861837374588	0.7197010174708636
5653	0.2044922152007224	0.7197116314354838
5654	0.20453625501295128	0.7197891264607466
5655	0.20456027532991888	0.7198313904969769
5656	0.20460668067534898	0.7199130342326144
5657	0.20461812461508816	0.7199331668259333
5658	0.2046362874899848	0.7199651184575576
5659	0.20464331410328218	0.719977479102658
5660	0.20465625402417284	0.7200002414010371
5661	0.2046707374722034	0.7200257180267983
5662	0.20473238121084011	0.7201341403059088
5663	0.2047640300318051	0.7201897995904861
5664	0.2047831067864501	0.7202233468988758
5665	0.20484971756310283	0.7203404726145973
5666	0.20490958643680773	0.7204457273905869
5667	0.20493218198859633	0.7204854483726083
5668	0.20501081814423655	0.7206236667123215
5669	0.205034589409547	0.7206654441170188
5670	0.2050637545766379	0.7207166978610077
5671	0.20508284795858392	0.7207502498627069
5672	0.20514477789105057	0.7208590659960648
5673	0.20516955558367012	0.7209025978988729
5674	0.20526999686064973	0.7210790361563599
5675	0.20537461057369769	0.7212627579565283
5676	0.2054358004240989	0.7213701974138174
5677	0.20552316431429865	0.7215235665146303
5678	0.2055363822336494	0.7215467680038845
5679	0.20555475895694897	0.7215790235315687
5680	0.2055843308924054	0.7216309262970746
5681	0.20559331694667857	0.7216466973039942
5682	0.20559773465912917	0.7216544504997725
5683	0.20564027343407418	0.7217291028508335
5684	0.20566138651778657	0.7217661518578503
5685	0.20571483604066437	0.7218599359923044
5686	0.20576524444662309	0.7219483729289714
5687	0.20580488151463813	0.7220179049310403
5688	0.2058121804085058	0.722030708041676
5689	0.2058398689611841	0.7220792749265527
5690	0.2059074539365855	0.7221978080976968
5691	0.20593793344509798	0.7222512578861512
5692	0.2059983907395914	0.7223572659246446
5693	0.20601622689657156	0.7223885375250391
5694	0.20606777902281653	0.7224789147157655
5695	0.2061278573629088	0.722584225140681
5696	0.20619342811565758	0.7226991456195562
5697	0.20620490325831223	0.7227192552818503
5698	0.2063209363158017	0.7229225664781919
5699	0.20633061584986861	0.7229395242132245
5700	0.20635409434839244	0.7229806549287321
5701	0.20643109499172976	0.723115531785447
5702	0.20647422048449096	0.7231910608260314
5703	0.20649995743459662	0.7232361321967428
5704	0.2065552508817492	0.7233329543528222
5705	0.20659755209348576	0.7234070175730156
5706	0.20661376470314324	0.7234354014657495
5707	0.20666006076589175	0.7235164472151563
5708	0.20669746767631467	0.7235819250104899
5709	0.20671315280060393	0.7236093787989927
5710	0.20675122545297786	0.7236760133104942
5711	0.20678725286920138	0.7237390626133051
5712	0.2068112098000538	0.7237809850826193
5713	0.20688145450798473	0.7239038929934225
5714	0.20695984595798814	0.7240410307114133
5715	0.20700270102047702	0.7241159902219355
5716	0.20703682343641666	0.7241756695612037
5717	0.20706445956855568	0.724224000931295
5718	0.20711242111114253	0.7243078706817838
5719	0.20713226427372655	0.724342567332338
5720	0.20716902111790733	0.7244068339155965
5721	0.2072264680704102	0.7245072641832343
5722	0.20723741566764026	0.7245264014803181
5723	0.20724490536663115	0.7245394937967133
5724	0.20730122712150986	0.7246379390723171
5725	0.20731690277233392	0.7246653362969594
5726	0.207405100531653	0.7248194652219839
5727	0.20745525061225295	0.7249070897728068
5728	0.20746936994274617	0.7249317578123047
5729	0.20752765910893517	0.725033586579052
5730	0.20753077615969218	0.7250390315351932
5731	0.20756378204424727	0.7250966846785172
5732	0.2075843883887974	0.725132676558093
5733	0.2076513859952596	0.7252496849582641
5734	0.207703010681853	0.7253398323481738
5735	0.20773476615873884	0.725395278419659
5736	0.20789801901180444	0.725680256215723
5737	0.20790869889463798	0.7256988953557619
5738	0.2079346989188561	0.7257442700781789
5739	0.20797459416990816	0.7258138889569427
5740	0.20797617888717668	0.7258166542168464
5741	0.20803431581932932	0.7259180932502399
5742	0.20810488535400032	0.7260412060122171
5743	0.20820016098654126	0.7262073869248997
5744	0.2082400022033513	0.7262768671832042
5745	0.20833434661169217	0.7264413706443285
5746	0.2083594254979229	0.7264850931330702
5747	0.20844291154132397	0.7266306236066672
5748	0.20845404154943503	0.726650022915377
5749	0.20856901939151182	0.7268503959408119
5750	0.20858657565501487	0.726880986554396
5751	0.2086345015786908	0.726964487713935
5752	0.2086718974677921	0.7270296357720876
5753	0.20868781695063238	0.7270573676210268
5754	0.2087167239857029	0.727107721171537
5755	0.2087309921464496	0.7271325737860047
5756	0.20873817638070027	0.7271450871309052
5757	0.2088252189175596	0.7272966788458706
5758	0.20885246232404614	0.7273441189801764
5759	0.20886911098717126	0.7273731085016898
5760	0.20891286226477915	0.727449285003619
5761	0.20892929992591128	0.7274779029869887
5762	0.2089794817763722	0.7275652626717015
5763	0.20903016985096592	0.7276534929755001
5764	0.2091215873567906	0.7278125920090424
5765	0.20915381969623734	0.7278686794721674
5766	0.2092095026836164	0.727965563204301
5767	0.20930852873260808	0.7281378283840383
5768	0.20938572807260827	0.728272095673397
5769	0.2094513144133374	0.728386145858373
5770	0.20946507339183315	0.7284100695199783
5771	0.20952935024462038	0.7285218216006203
5772	0.2095402606954984	0.7285407888671858
5773	0.2095581622779544	0.7285719087923477
5774	0.2095810800473789	0.7286117468648569
5775	0.20963338230312342	0.7287026559790928
5776	0.20968359561242783	0.7287899235234808
5777	0.20969560702292772	0.7288107970437856
5778	0.20973740452084266	0.7288834283935158
5779	0.20976574566931794	0.7289326725798774
5780	0.20979679086115116	0.7289866113613085
5781	0.20982511750768917	0.7290358233845333
5782	0.20985780507353743	0.7290926075263324
5783	0.2099063888024268	0.7291769979727212
5784	0.20991633749383673	0.7291942777492512
5785	0.20993885591092504	0.7292333882366471
5786	0.20996753345845762	0.7292831930022963
5787	0.20999194222719283	0.7293255814306346
5788	0.21001141533688994	0.7293593967943672
5789	0.21003832022211344	0.7294061149748348
5790	0.21009129018551612	0.7294980843343349
5791	0.2101345753994955	0.729573229892221
5792	0.21024499849848471	0.7297648955333081
5793	0.2102910979819753	0.7298448972957162
5794	0.21033381681289853	0.7299190243934296
5795	0.2103470646338838	0.7299420109118534
5796	0.21042361404990315	0.7300748189261581
5797	0.21048418559064175	0.730179889297961
5798	0.21051327053368674	0.7302303360971764
5799	0.21066778239367487	0.7304982730097654
5800	0.2107529432918386	0.7306459073623653
5801	0.2108119175682139	0.7307481272864104
5802	0.2108441808738791	0.7308040431200277
5803	0.21090238086098095	0.7309048992380325
5804	0.21092010411557602	0.7309356095159909
5805	0.2109656793580074	0.7310145748863366
5806	0.21103954726597687	0.7311425430742163
5807	0.211096110973601	0.7312405184604268
5808	0.21115777570640495	0.7313473145033383
5809	0.21122599501391237	0.7314654441297295
5810	0.2112553335066197	0.7315162412592852
5811	0.21126262238453758	0.7315288607905848
5812	0.21128083182543286	0.7315603865862415
5813	0.2113303109168673	0.7316460423080251
5814	0.21136902748718306	0.7317130595003102
5815	0.21138821809805303	0.7317462755822713
5816	0.21143433037483864	0.7318260828845708
5817	0.21145285793871094	0.7318581464038846
5818	0.2114610369183234	0.7318723003742661
5819	0.21148769785629565	0.7319184360295568
5820	0.211599630472361	0.7321120990864366
5821	0.2116306206286384	0.7321657084374122
5822	0.21166427081614483	0.7322239148869598
5823	0.21169518030463258	0.7322773765325519
5824	0.2117435816689523	0.7323610846225436
5825	0.21175700724576607	0.73238430188861
5826	0.21179783031093263	0.7324548939593256
5827	0.21183135517326734	0.7325128607426127
5828	0.21184063118960206	0.7325288988000387
5829	0.2118589464193031	0.7325605644559453
5830	0.21189367458449967	0.7326206030860241
5831	0.2119118203332975	0.7326519718016204
5832	0.21202524484251326	0.7328480193212618
5833	0.21207527311520782	0.7329344735501702
5834	0.2121669121162171	0.7330928091446518
5835	0.2122027314152283	0.7331546891099822
5836	0.2122082161387864	0.7331641638344244
5837	0.21222123871386858	0.7331866595206687
5838	0.2122653106808535	0.7332627859748676
5839	0.21229099022666414	0.7333071391613956
5840	0.21230666197214218	0.7333342057616865
5841	0.212378392351701	0.7334580782254612
5842	0.21242251058731246	0.7335342563987959
5843	0.21243897579646598	0.7335626845556947
5844	0.21245348496873215	0.7335877345861654
5845	0.212479484138187	0.7336326199133032
5846	0.212530387156302	0.7337204916397396
5847	0.2126412684484722	0.7339118649036274
5848	0.21270760759961688	0.7340263377286087
5849	0.2127173578818812	0.734043161014922
5850	0.21274309163648192	0.7340875605775471
5851	0.21286100842392772	0.734290973188885
5852	0.21288663475815459	0.7343351724993222
5853	0.21295831004020443	0.7344587811307396
5854	0.21301437203138643	0.7345554491409743
5855	0.21309396519320734	0.7346926702349128
5856	0.21315921064660798	0.7348051363192213
5857	0.21319539311069644	0.7348674979976693
5858	0.21323211403497885	0.734930782319808
5859	0.21326994974212785	0.7349959821434707
5860	0.21328930090285858	0.7350293265100477
5861	0.21332537631195783	0.7350914847205101
5862	0.21332873081271866	0.735097264284324
5863	0.2133739718370053	0.7351752068803631
5864	0.2134264230986522	0.7352655611474473
5865	0.21348296816767487	0.7353629551062406
5866	0.2134972043051501	0.7353874735811607
5867	0.2135408217575014	0.7354625895296192
5868	0.21357030208642513	0.7355133548367133
5869	0.21360497267215442	0.7355730533147464
5870	0.21363267564186883	0.7356207509341004
5871	0.2136500793423161	0.7356507141932862
5872	0.21371088230384125	0.7357553866564025
5873	0.2137411527023039	0.7358074916776656
5874	0.2137745614680934	0.7358649945481526
5875	0.21385047761067988	0.735995644034005
5876	0.21388451231027564	0.7360542092388701
5877	0.2139050426125633	0.7360895345007183
5878	0.21395233125435842	0.7361708947863354
5879	0.21406122413225465	0.7363582112074094
5880	0.21413846406164236	0.7364910496668603
5881	0.21416942419713028	0.7365442886743165
5882	0.21423280263917505	0.7366532621579469
5883	0.2142505601368292	0.7366837916738643
5884	0.21434892073017664	0.736852874873004
5885	0.2143969862293029	0.7369354860096293
5886	0.21441851702534934	0.736972488417154
5887	0.21449271557445035	0.7370999903705898
5888	0.21458959354943669	0.7372664312050092
5889	0.21460628822072325	0.7372951096258317
5890	0.21463826862146124	0.7373500430457696
5891	0.21468084434672471	0.7374231699313419
5892	0.21471058575492505	0.7374742486478195
5893	0.21477098228229144	0.7375779644279885
5894	0.21478381944031077	0.7376000071250505
5895	0.21482857880124753	0.7376768583171383
5896	0.21484571182281312	0.7377062733549635
5897	0.21488510346480597	0.7377738989298218
5898	0.21491471808404344	0.7378247357258993
5899	0.21496926032313185	0.7379183543960772
5900	0.2150169568526638	0.7380002130591505
5901	0.21502938177117847	0.7380215357031437
5902	0.2150343545725956	0.7380300694516253
5903	0.2151735844669534	0.7382689597005017
5904	0.21525852399888754	0.738414660746369
5905	0.2152985100582131	0.7384832408908896
5906	0.215357964658214	0.7385851997825914
5907	0.2153695474257256	0.7386050614711179
5908	0.21539218135508098	0.7386438717295317
5909	0.215442511601929	0.7387301653839704
5910	0.2154868689308446	0.7388062098243291
5911	0.21550928078937096	0.7388446288468558
5912	0.21559464948366178	0.7389909519099076
5913	0.21560164579200516	0.7390029423897984
5914	0.21568179702821708	0.7391402940673268
5915	0.2157043657952552	0.7391789645740032
5916	0.2157668684556273	0.7392860493455782
5917	0.2157973523323911	0.7393382712391616
5918	0.2158286387068901	0.7393918640554157
5919	0.21583814757561773	0.7394081517519369
5920	0.2159288527397309	0.7395635021700674
5921	0.21599219338686468	0.7396719661279704
5922	0.2160624985776765	0.7397923374869533
5923	0.2161050340448684	0.7398651540662757
5924	0.21619002416907473	0.7400106274244652
5925	0.21625152332523997	0.7401158746328823
5926	0.21626173214758176	0.7401333441567721
5927	0.21632111185134192	0.7402349476210047
5928	0.21633545765154674	0.7402594923511013
5929	0.21636695422535038	0.7403133780834974
5930	0.2164365595307705	0.7404324480111499
5931	0.21647808113624428	0.7405034675969816
5932	0.21649338559921583	0.7405296430128571
5933	0.21651583206142777	0.740568031806509
5934	0.21653425572354484	0.7405995391674917
5935	0.21655887111575128	0.7406416332694085
5936	0.21666304975403947	0.7408197597969483
5937	0.2167203721757879	0.7409177524504176
5938	0.2167969953315763	0.7410487194626395
5939	0.21681823270347314	0.7410850150345015
5940	0.216940605605183	0.7412941209061146
5941	0.21698455666667982	0.7413692083094209
5942	0.21700797021890458	0.7414092056684858
5943	0.21709678806517504	0.7415609135350042
5944	0.21712369897307582	0.7416068733560447
5945	0.2171828477650379	0.7417078806708849
5946	0.21721623288506683	0.7417648857598067
5947	0.21726294409385516	0.741844637791765
5948	0.21727939893949447	0.7418727298070269
5949	0.21732304828670077	0.7419472436228011
5950	0.21734175111455936	0.7419791689366292
5951	0.2173493034363738	0.7419920601937292
5952	0.2174414591525628	0.7421493451770387
5953	0.21748716836413898	0.7422273461226375
5954	0.21749151140475548	0.7422347569217264
5955	0.2176169428095624	0.7424487563750026
5956	0.21766553786721973	0.7425316481887191
5957	0.21769082147868493	0.742574772462604
5958	0.21769616009126125	0.7425838777953125
5959	0.21774335747826032	0.7426643709909977
5960	0.2177475890626978	0.742671587357464
5961	0.21778595226132014	0.7427370071468143
5962	0.2179687269674433	0.7430486091263975
5963	0.2180405373777924	0.743170998774237
5964	0.218147273999369	0.743352877468093
5965	0.21817036251672034	0.7433922143376123
5966	0.21819518857644757	0.7434345092082547
5967	0.21821290923002964	0.7434646974952007
5968	0.21830036664505445	0.7436136689450525
5969	0.2183147110565529	0.7436380997909713
5970	0.2183433615201613	0.7436868937482154
5971	0.21841489343359155	0.7438087041614637
5972	0.21843034610604778	0.7438350156203739
5973	0.21849250053441305	0.7439408373447992
5974	0.2185071336925397	0.7439657490045084
5975	0.21856009712135713	0.7440559075931888
5976	0.21860683771481412	0.7441354640995785
5977	0.2186466922123909	0.7442032931615048
5978	0.21872622539322154	0.7443386335889152
5979	0.21874179505326935	0.7443651253670143
5980	0.21874280826425008	0.7443668493129231
5981	0.2187657232516912	0.7444058373611366
5982	0.21879214386946272	0.7444507874292212
5983	0.21881640450635753	0.7444920602767777
5984	0.2188770039388148	0.7445951436658916
5985	0.21895724512080345	0.7447316169327706
5986	0.21900827043959614	0.7448183871936424
5987	0.21909197074344827	0.744960700472347
5988	0.2191017038248077	0.7449772475930752
5989	0.21916423903113338	0.7450835543477756
5990	0.2191878210383501	0.7451236386544395
5991	0.21932032542658678	0.7453488273406597
5992	0.21932718458472128	0.7453604824973127
5993	0.21935304164357655	0.7454044174566365
5994	0.219369322710857	0.7454320800643592
5995	0.21938485187606446	0.7454584641843472
5996	0.21941063913259026	0.7455022747838939
5997	0.21943180183590458	0.7455382266937766
5998	0.21949751325798544	0.7456498484130201
5999	0.21952575655498532	0.7456978191904776
6000	0.2195587316636308	0.7457538229680292
6001	0.21958548585992577	0.7457992582742048
6002	0.2196577621855376	0.7459219876863297
6003	0.21967217489019478	0.7459464588838273
6004	0.21967279232545353	0.7459475072034915
6005	0.21976369033559395	0.7461018233811231
6006	0.21981800330391132	0.7461940144550948
6007	0.2198976397202855	0.7463291690721203
6008	0.21990556745289133	0.7463426222514491
6009	0.21995927589906591	0.7464337578597756
6010	0.22001621688769984	0.7465303664834203
6011	0.22010661122993197	0.7466837078882109
6012	0.22013383648672477	0.7467298855722806
6013	0.22015948649104655	0.7467733888046438
6014	0.22018150968599068	0.7468107388296409
6015	0.2202091266345528	0.7468575728873752
6016	0.22022920195689785	0.7468916156744487
6017	0.22027480363889934	0.7469689390963591
6018	0.22032392575993293	0.7470522229141259
6019	0.22042344435179467	0.7472209226855671
6020	0.22046493686515392	0.7472912478165745
6021	0.2204926829809423	0.7473382706616903
6022	0.22053558678064009	0.747410976230512
6023	0.2205643828436825	0.7474597706028496
6024	0.22064526219977224	0.7475968020744982
6025	0.22067315135073448	0.7476440480045954
6026	0.2207393278235049	0.7477561430576917
6027	0.22076770411512694	0.7478042039644488
6028	0.2207775338590809	0.7478208518751128
6029	0.22084496542595286	0.7479350457449743
6030	0.2209448045732967	0.7481040891267685
6031	0.2209771325824369	0.7481588173456171
6032	0.2210032121113171	0.7482029645693671
6033	0.22102554468495259	0.7482407669061293
6034	0.22109734581238194	0.7483622917015429
6035	0.22110254272018368	0.7483710868025525
6036	0.2211274259859186	0.7484131971113845
6037	0.22115348425357717	0.7484572933531863
6038	0.22120613451115143	0.7485463810840557
6039	0.2212833470981144	0.748677010734057
6040	0.22129240141769446	0.7486923275025024
6041	0.2213345739281115	0.7487636646352217
6042	0.22138439196357557	0.7488479258407607
6043	0.22144877516619074	0.7489568082295914
6044	0.2214764471664066	0.7490036011855162
6045	0.22152019571380255	0.7490775733887846
6046	0.22153409696820262	0.7491010767865643
6047	0.2215798052214862	0.7491783523307071
6048	0.22159324897145471	0.749201079161963
6049	0.2216337667344813	0.7492695707889085
6050	0.22168304814019724	0.7493528681263626
6051	0.22177994247252367	0.749516615679919
6052	0.22179683643738496	0.7495451621438151
6053	0.22181042237311457	0.7495681180989726
6054	0.2219009186950475	0.749721010464461
6055	0.2219130077028228	0.7497414323260283
6056	0.22199937548601018	0.7498873165328827
6057	0.22201001008361632	0.7499052775166491
6058	0.2220896273094239	0.7500397309718471
6059	0.22217580222817357	0.7501852315632428
6060	0.22221918437124022	0.7502584687344392
6061	0.22226779088291737	0.7503405171255144
6062	0.22232067137445638	0.7504297698586382
6063	0.22233493983842156	0.7504538506340973
6064	0.22235748860462673	0.7504919044357529
6065	0.22239930714844014	0.7505624732376208
6066	0.2224368420917849	0.7506258078129195
6067	0.22245659617482694	0.750659137712787
6068	0.22247014660019582	0.7506819996910461
6069	0.2225808584049198	0.7508687641243909
6070	0.22262569229462117	0.7509443830983923
6071	0.22271527393296714	0.7510954529537835
6072	0.22275786260774766	0.7511672635447777
6073	0.2227630361679039	0.7511759864388111
6074	0.22280201911173322	0.7512417104718171
6075	0.2228645323251154	0.7513470938068539
6076	0.22290958686358353	0.7514230365454576
6077	0.22292292793532054	0.7514455224303982
6078	0.2229738421333715	0.751531330252443
6079	0.2230328690585415	0.7516307985302246
6080	0.22308075271354272	0.7517114792353986
6081	0.2230991475949634	0.7517424710585733
6082	0.22312451039236036	0.7517852003794638
6083	0.22312638311091873	0.7517883552976304
6084	0.2231670900984043	0.7518569299840334
6085	0.22317389127314752	0.7518683865823195
6086	0.22321131010574843	0.75193141559066
6087	0.22325461817155665	0.7520043579424494
6088	0.22326795603690786	0.7520268210456748
6089	0.22329287619935068	0.7520687887959231
6090	0.223330068642485	0.7521314197931253
6091	0.2233555074555047	0.7521742550142121
6092	0.22337232062121587	0.7522025645745071
6093	0.22339532592580108	0.75224129856699
6094	0.22343269429917068	0.7523042113834661
6095	0.22348381025301098	0.7523902608945681
6096	0.2235617551469056	0.7525214557816751
6097	0.22359497463153008	0.7525773630327676
6098	0.2236712365043082	0.752705693435248
6099	0.2237164198506214	0.7527817158267802
6100	0.22379146906203418	0.7529079715054631
6101	0.2239033092255434	0.7530960815196205
6102	0.22398806389675852	0.7532386036910543
6103	0.22405598972980226	0.7533528072793024
6104	0.22410519506506701	0.753435525314484
6105	0.2241119768475717	0.7534469253117189
6106	0.2241199844263111	0.7534603856179762
6107	0.22413969496931202	0.7534935169490736
6108	0.2241837186598683	0.753567510841072
6109	0.22419963091856318	0.7535942539705022
6110	0.22425286112246298	0.7536837090577324
6111	0.2243354971613976	0.753822560574438
6112	0.22434191008699034	0.7538333350027043
6113	0.22439391068027323	0.7539206960966671
6114	0.224417326354526	0.7539600311678866
6115	0.22451877746739357	0.7541304312051786
6116	0.22460350972595183	0.7542727202995135
6117	0.22465082490476665	0.7543521640030694
6118	0.2247121202414478	0.7544550684022042
6119	0.22472015081531027	0.7544685493239651
6120	0.2247678048926412	0.7545485412530224
6121	0.22477807862875987	0.7545657855910725
6122	0.2248227929477589	0.7546408334286451
6123	0.22486391324652907	0.7547098425298918
6124	0.2248972728545245	0.7547658228124281
6125	0.22499226807686293	0.7549252101996576
6126	0.22505706310107002	0.7550339069927415
6127	0.22511210347349095	0.7551262275943124
6128	0.22512046272010894	0.7551402477817394
6129	0.22527029650900193	0.7553915059364941
6130	0.2252966763808755	0.7554357340218237
6131	0.22532804941294624	0.7554883301916155
6132	0.22533791559253136	0.7555048698589334
6133	0.2254338069940376	0.7556656033843218
6134	0.2255779096766362	0.7559070845662782
6135	0.22563329732378123	0.7559998803219061
6136	0.22565234726921243	0.7560317937244692
6137	0.22567100535766196	0.7560630493632194
6138	0.22573173453389722	0.7561647726606336
6139	0.2257770939142369	0.7562407421354523
6140	0.22581332779416655	0.7563014224207649
6141	0.22585639838938162	0.7563735457086624
6142	0.22588859153168606	0.75642744981261
6143	0.22590499973974057	0.7564549221907154
6144	0.22598113191860417	0.7565823777808476
6145	0.22601823864569506	0.7566444916909805
6146	0.22615682939938975	0.7568764372647488
6147	0.2262167317393658	0.7569766678612788
6148	0.22625697028807684	0.7570439888942956
6149	0.22638042993122762	0.7572505054805159
6150	0.22640092116759308	0.7572847766584152
6151	0.22643913380917216	0.7573486823851293
6152	0.22647139741322328	0.7574026349137528
6153	0.22650189555171996	0.7574536316248054
6154	0.22651411602071733	0.7574740648175383
6155	0.22653257814886815	0.7575049333094407
6156	0.22657076996372397	0.7575687856461218
6157	0.22660041285378804	0.757618341451065
6158	0.22664040041277153	0.7576851859270292
6159	0.22664863615782185	0.7576989523281663
6160	0.2266626654045788	0.7577224022400214
6161	0.2266965748841104	0.7577790790009246
6162	0.2267323015241831	0.7578387884029254
6163	0.22678533044173502	0.7579274061711986
6164	0.2268282468620373	0.7579991171419704
6165	0.22689255165693856	0.758106554210155
6166	0.22690645289907024	0.7581297776727142
6167	0.2269858776740867	0.75826245133168
6168	0.2270492435508727	0.7583682830528622
6169	0.22709907438668714	0.7584514985958265
6170	0.227234587422447	0.7586777538928682
6171	0.22724242250836837	0.7586908334469461
6172	0.22727420355963057	0.7587438850493172
6173	0.22731216822702918	0.7588072540017657
6174	0.22741795403181897	0.7589837991022201
6175	0.2274483349856786	0.7590344940480616
6176	0.22761997052640282	0.7593208288058999
6177	0.22763758739700132	0.7593502124270606
6178	0.22772399489467773	0.7594943172016505
6179	0.22774665446765288	0.7595321028307415
6180	0.22779167757239144	0.7596071748523124
6181	0.22782109333041922	0.7596562190047976
6182	0.22787531028697813	0.7597466052757416
6183	0.22788631216208713	0.7597649454293289
6184	0.22794278827105427	0.7598590842771324
6185	0.227975412099784	0.7599134589425673
6186	0.22800112052460997	0.759956304851077
6187	0.22806299920211726	0.7600594225480918
6188	0.2280880071584568	0.7601010930774804
6189	0.22810114527544625	0.7601229840865866
6190	0.22813355593293713	0.7601769847155434
6191	0.22828160648026696	0.760423608595041
6192	0.22830739912618248	0.7604665660264508
6193	0.22840538710339886	0.7606297420493134
6194	0.22846501130432548	0.7607290150607822
6195	0.22848272562234545	0.7607585065229919
6196	0.22852400257400507	0.7608272215076902
6197	0.22855884074467658	0.7608852128306554
6198	0.2286842773937294	0.7610939770148726
6199	0.22874652809039958	0.7611975595764213
6200	0.22879540360877215	0.7612788765225647
6201	0.2288156433233096	0.7613125479297671
6202	0.22888715874648907	0.7614315112460918
6203	0.22890749078217923	0.7614653294579962
6204	0.22892200646503783	0.7614894724293978
6205	0.22900181104058406	0.7616221924105369
6206	0.22901719275226917	0.7616477704970362
6207	0.22904403807697338	0.76169240924732
6208	0.2290472757429353	0.761697792703036
6209	0.22907128679439157	0.7617377160890415
6210	0.229167480964445	0.7618976380012384
6211	0.22919697803679828	0.7619466698851124
6212	0.22925527844751356	0.7620435712048073
6213	0.2292759734502632	0.7620779654792192
6214	0.22930596059577144	0.7621278001725801
6215	0.2294128452911581	0.7623054019828505
6216	0.22942319165187391	0.7623225915123447
6217	0.22946519075391378	0.7623923651889484
6218	0.22951974591460447	0.7624829888822577
6219	0.22952499855414765	0.7624917136770862
6220	0.22956227085944	0.7625536212480306
6221	0.22959036686350662	0.7626002840861003
6222	0.22967055035385225	0.7627334399657791
6223	0.22972601553120467	0.762825534036182
6224	0.22977104153540823	0.7629002867863142
6225	0.22984098066046477	0.7630163860966831
6226	0.229912581533183	0.7631352256195794
6227	0.22995031576662425	0.7631978475542117
6228	0.2299601383243743	0.7632141477598743
6229	0.2299685496477135	0.7632281057925976
6230	0.22999192160805482	0.7632668886693059
6231	0.2300219311296331	0.7633166828683362
6232	0.23003848771922086	0.7633441534959756
6233	0.23008084404438375	0.7634144264431546
6234	0.2301354010337137	0.7635049318569922
6235	0.2301734837935609	0.763568101565005
6236	0.23029606722873214	0.7637714011380339
6237	0.23030161584188125	0.7637806020040417
6238	0.23037576300920254	0.7639035442820247
6239	0.23038812898468597	0.7639240461907661
6240	0.23039896441518545	0.7639420101123962
6241	0.2304231085955794	0.7639820369210124
6242	0.2305966270796816	0.7642696384084335
6243	0.23069533249906174	0.7644331912869377
6244	0.2307247809973349	0.764481980074544
6245	0.23074930099559843	0.7645226011962573
6246	0.23079681192118853	0.764601304158155
6247	0.23082279612164328	0.7646443441685983
6248	0.23091048709302686	0.7647895768735907
6249	0.23091919446967976	0.7648039964181776
6250	0.23099574190562913	0.7649307484064569
6251	0.2311186806433172	0.7651342740449033
6252	0.23125443417692937	0.7653589517579776
6253	0.2312601680392575	0.7653684400855731
6254	0.23128650382491256	0.7654120187215606
6255	0.23134381779597551	0.765506849341107
6256	0.2313612666076254	0.7655357174844304
6257	0.23139117348534613	0.765585194312606
6258	0.23144486755446583	0.7656740157643213
6259	0.23146609284749536	0.7657091240882554
6260	0.23147452366474253	0.7657230688842896
6261	0.23157750716449352	0.7658933858403041
6262	0.23165579729965893	0.7660228388912795
6263	0.2316841914919617	0.7660697833960018
6264	0.2317790218495652	0.7662265468739781
6265	0.23180452565480372	0.7662687015843702
6266	0.2318249118681884	0.7663023958657362
6267	0.23203991201606997	0.7666576573976299
6268	0.2320925688409391	0.7667446412868058
6269	0.23210732204856863	0.7667690103633128
6270	0.23218726876703916	0.7669010514122391
6271	0.23224142318617827	0.7669904806471924
6272	0.2323233706363816	0.7671257867649606
6273	0.23240518797947302	0.7672608542542385
6274	0.232475068398618	0.7673761969468005
6275	0.23255730102974118	0.767511905659184
6276	0.23259306754327289	0.767570923736542
6277	0.2326626328020062	0.7676856998959343
6278	0.2326682178607809	0.7676949139755059
6279	0.23283403198438632	0.7679684192893043
6280	0.23283708056567096	0.767973446918785
6281	0.232885227364346	0.7680528448213187
6282	0.23293742577990412	0.7681389148906476
6283	0.23299127229540556	0.7682276924106349
6284	0.2330913118716138	0.7683926018601879
6285	0.23315353108189105	0.7684951487773285
6286	0.23350811449949604	0.7690792962912801
6287	0.23354452790041386	0.7691392593061145
6288	0.23368858969194242	0.7693764442631236
6289	0.23370654917485745	0.7694060078324362
6290	0.23373764869717603	0.7694571988739691
6291	0.2337828497891952	0.7695315955843834
6292	0.23386820249274587	0.7696720584291029
6293	0.23389056429002564	0.769708854451299
6294	0.23390649179386824	0.7697350618617356
6295	0.23396508453318787	0.7698314637645431
6296	0.23405745979745482	0.7699834231201409
6297	0.2340870841070391	0.7700321494149628
6298	0.23418198977430837	0.7701882302374289
6299	0.23420487119556763	0.7702258560405629
6300	0.23428108834916664	0.7703511729197907
6301	0.23434745020860137	0.7704602690422273
6302	0.23439721945419803	0.7705420774652646
6303	0.23443431037037624	0.7706030401787661
6304	0.2344482781797071	0.7706259964516683
6305	0.23458714592935426	0.7708541901853736
6306	0.23459702448447786	0.7708704204980249
6307	0.23465410061394368	0.7709641890021427
6308	0.2346799595827183	0.771006668101421
6309	0.23470905794838984	0.7710544658311614
6310	0.23474239678588216	0.7711092254279587
6311	0.23475544479922367	0.7711306559487934
6312	0.23480487380868012	0.7712118345096044
6313	0.23489548398028773	0.7713606237899896
6314	0.2349688500606753	0.7714810758446041
6315	0.23500466963611072	0.7715398774080937
6316	0.23502747559805945	0.7715773134348786
6317	0.23509117139150426	0.7716818605727765
6318	0.2352129076336131	0.7718816330505182
6319	0.235223539052731	0.7718990770430838
6320	0.23535790006303955	0.7721195021206745
6321	0.2354276725638577	0.7722339421213975
6322	0.23544538318983968	0.7722629881744029
6323	0.2354543179545061	0.7722776410898835
6324	0.2354801691852444	0.7723200352572779
6325	0.23553716020074977	0.7724134882228251
6326	0.23556190250612125	0.7724540567439795
6327	0.23566580024646813	0.7726243885815829
6328	0.23572189125568555	0.7727163295914315
6329	0.23584468292819732	0.7729175641408139
6330	0.2358576059068897	0.7729387396455252
6331	0.23592012506280927	0.7730411749168475
6332	0.23593120646796523	0.7730593299637488
6333	0.23598936148827757	0.773154600342888
6334	0.23602939197941836	0.7732201720402865
6335	0.23607239398841434	0.7732906050194258
6336	0.23619116312918567	0.7734851036442085
6337	0.23625060194957484	0.7735824234368612
6338	0.23634956733058304	0.773744433317047
6339	0.23639024128554353	0.7738110082059146
6340	0.23644539710418078	0.773901277774775
6341	0.2364823207952594	0.7739617022460318
6342	0.2365566684508203	0.7740833555601113
6343	0.2365880565030385	0.7741347093499319
6344	0.23675611663876187	0.7744096135233054
6345	0.23688027293630726	0.7746126393837263
6346	0.236887678444998	0.7746247475169379
6347	0.23694919369235276	0.7747253186824247
6348	0.23697354219019431	0.7747651223907387
6349	0.237083705622423	0.7749451865176791
6350	0.23710974911668603	0.7749877489667601
6351	0.23718923820015375	0.7751176421997021
6352	0.23726386316199877	0.7752395671570664
6353	0.23736086198482903	0.7753980186810434
6354	0.23740541083964642	0.7754707801987298
6355	0.23744983278804196	0.7755433276431718
6356	0.2375123301890122	0.7756453834181705
6357	0.23756862579920313	0.7757373004209803
6358	0.23764567344644302	0.7758630827890175
6359	0.23778118839772802	0.7760842651520723
6360	0.23782596046694368	0.7761573265729361
6361	0.23782854286035826	0.7761615404487552
6362	0.23792385995737936	0.7763170601623774
6363	0.23794491689017577	0.7763514125272427
6364	0.23796666332106084	0.7763868881466223
6365	0.237976821797304	0.7764034594248849
6366	0.23804459819062682	0.7765140123763704
6367	0.23808335882837306	0.7765772294236185
6368	0.23812008934731688	0.7766371306798788
6369	0.23815679967472173	0.7766969943911983
6370	0.2382743161751789	0.7768885981075535
6371	0.2383325550797818	0.7769835356931837
6372	0.23841991082022582	0.7771259160611301
6373	0.23847357229751015	0.77721336550767
6374	0.2385241236813194	0.7772957375895361
6375	0.23859689498299444	0.7774143010875523
6376	0.23861279491979565	0.7774402038394173
6377	0.23864206396202095	0.7774878840830634
6378	0.23871051741451563	0.7775993856201263
6379	0.2388799825322797	0.7778753529164522
6380	0.23893639476189457	0.7779671963019111
6381	0.23899399676178518	0.778060965536849
6382	0.2390824449959062	0.7782049267940396
6383	0.23911401668805854	0.7782563074701071
6384	0.23915058721784216	0.7783158191577122
6385	0.23928084754339807	0.7785277564804152
6386	0.23943711691154598	0.7787819351681573
6387	0.2394618190680896	0.7788221066699182
6388	0.2395479879600711	0.7789622212861563
6389	0.23960972337596512	0.779062590442124
6390	0.23964970889601034	0.7791275918178717
6391	0.23968816288132233	0.7791900983807734
6392	0.23975431489864163	0.7792976160826331
6393	0.2398058005659946	0.7793812861180596
6394	0.2398754019348236	0.7794943819412194
6395	0.2399017139473985	0.77953713226786
6396	0.24004991804391243	0.7797778824425035
6397	0.2401255996718953	0.7799007948128794
6398	0.2401631080687439	0.7799617039502161
6399	0.24020033242833444	0.7800221471428285
6400	0.24029731463476492	0.7801796003690994
6401	0.24038760759395034	0.7803261648629037
6402	0.24045125877203652	0.780429467592877
6403	0.24049147873993793	0.780494735572369
6404	0.24058701624229464	0.780649749616812
6405	0.24060666196071445	0.7806816218939084
6406	0.2406645482576193	0.7807755262980077
6407	0.2407056269580954	0.7808421582047392
6408	0.2407392039416725	0.7808966176920243
6409	0.24079815524996456	0.7809922233487545
6410	0.24088749954685493	0.7811370972365379
6411	0.24091548632701812	0.7811824729353961
6412	0.24093014344672903	0.7812062358554372
6413	0.24104237268237605	0.7813881640480582
6414	0.24110180161578854	0.7814844836344136
6415	0.2411352171709044	0.7815386367616673
6416	0.2412693184923822	0.7817559231415558
6417	0.24132467886384862	0.7818456067703208
6418	0.24134421307051684	0.7818772496687677
6419	0.24142136638554137	0.7820022155848854
6420	0.24151741050345513	0.7821577512065429
6421	0.24154235916626848	0.782198148472407
6422	0.24168765318251564	0.7824333693780874
6423	0.2417129179726596	0.7824742640990917
6424	0.24177084597158277	0.7825680208856538
6425	0.24181612143805045	0.7826412916587268
6426	0.2418231861033807	0.7826527240197781
6427	0.2418895096787373	0.7827600436881024
6428	0.24206235670879872	0.7830396622372481
6429	0.24210105240970844	0.7831022474697084
6430	0.24221824699596453	0.7832917638703407
6431	0.24223530027522117	0.7833193370574393
6432	0.24232213118610088	0.7834597175827606
6433	0.24234068085591923	0.7834897037852058
6434	0.24243955713296894	0.783649521452758
6435	0.2425222914601097	0.7837832232014493
6436	0.2425968997824046	0.7839037734698249
6437	0.2426015056350484	0.7839112148842324
6438	0.24280514837405467	0.7842401583095312
6439	0.24287568102228804	0.7843540572920696
6440	0.2429159531749212	0.7844190829810822
6441	0.24295842168669715	0.7844876491965541
6442	0.242999253642323	0.7845535675107421
6443	0.2430136899958191	0.7845768719535632
6444	0.24312646002874005	0.7847588915296915
6445	0.24324370952831018	0.7849480965560465
6446	0.24329029115293116	0.7850232524712665
6447	0.24329589299120305	0.7850322901274047
6448	0.2433331468817383	0.7850923905820373
6449	0.24337706300929263	0.785163233092633
6450	0.2434499579150968	0.7852808080896791
6451	0.24347810289090935	0.7853261994932915
6452	0.24348442515285612	0.7853363954937885
6453	0.24356377307218186	0.7854643497415313
6454	0.2435837584636321	0.785496574341885
6455	0.2435903918957127	0.7855072698470669
6456	0.24361667971994638	0.7855496539489304
6457	0.24368133263553296	0.7856538847149359
6458	0.2437174896387888	0.7857121695168483
6459	0.24373641056471615	0.7857426681758815
6460	0.24375461161194448	0.7857720053446717
6461	0.24385005264856302	0.7859258230605649
6462	0.24388598854079313	0.7859837314040653
6463	0.24401378570606314	0.7861896336338021
6464	0.24402446274673542	0.7862068336597114
6465	0.24414553745766268	0.7864018509126507
6466	0.24422185834678728	0.7865247575184636
6467	0.24428076065035148	0.7866196002309117
6468	0.244346106312675	0.7867248044671079
6469	0.2444071609681308	0.7868230876205935
6470	0.24447497399779572	0.7869322357253286
6471	0.24454846413254308	0.7870505042941618
6472	0.24459582239065553	0.787126709100203
6473	0.24465402808400585	0.7872203585544463
6474	0.24465529586929563	0.7872223982206338
6475	0.24483375466788007	0.7875094575165441
6476	0.24488082870902625	0.78758516086658
6477	0.2449167611364331	0.7876429416424476
6478	0.24499548995929593	0.787769525913016
6479	0.24500800271454765	0.7877896426943852
6480	0.24501463643233962	0.7878003075272431
6481	0.24502452656981902	0.7878162073421201
6482	0.24505603311239801	0.7878668564901145
6483	0.24512183390870806	0.7879726257426971
6484	0.2451551724860063	0.7880262092866519
6485	0.24523001976118236	0.7881464945589662
6486	0.2452576604676044	0.78819091063834
6487	0.24527404723763901	0.788217241492667
6488	0.24541232018519354	0.7884393884467144
6489	0.24543427681295843	0.7884746578312436
6490	0.24553778590597386	0.7886409053794629
6491	0.24554168548117228	0.7886471678622274
6492	0.24565595582057217	0.788830657066707
6493	0.2456682598363995	0.7888504116526042
6494	0.2457292965780848	0.7889484012515439
6495	0.24575076163201237	0.7889828587834834
6496	0.24577961483542898	0.7890291740311218
6497	0.24582280343864982	0.7890984954251447
6498	0.245864276302841	0.789165057180363
6499	0.24589396696652863	0.7892127056783934
6500	0.24598363463397707	0.789356589672435
6501	0.24606107753011253	0.7894808362505661
6502	0.24617156363577217	0.7896580623168655
6503	0.24620514056150608	0.7897119137562233
6504	0.24625317793647122	0.7897889508095326
6505	0.24629385839543771	0.7898541837752067
6506	0.24630098998660518	0.7898656190509007
6507	0.2463266919469803	0.7899068299393691
6508	0.24641203414857168	0.7900436534185534
6509	0.2464271097700155	0.7900678206977989
6510	0.2465600421763152	0.7902808886851899
6511	0.24658512436204366	0.7903210847116088
6512	0.24672283665657838	0.7905417422609406
6513	0.2467462180782124	0.7905792003903619
6514	0.24680430605081388	0.7906722523545384
6515	0.24687239312479042	0.7907813080849913
6516	0.2469300559296759	0.7908736554012521
6517	0.2470630808966933	0.7910866545364418
6518	0.24708733395171728	0.7911254822667073
6519	0.2471266747742323	0.7911884605827689
6520	0.2471591937918249	0.7912405145044042
6521	0.24720653348523453	0.7913162860939196
6522	0.24728763543497606	0.7914460804604019
6523	0.24733961920993514	0.7915292633354781
6524	0.24736122903657767	0.7915638401586866
6525	0.24747649442628944	0.7917482451447762
6526	0.2476324538227432	0.7919976852593636
6527	0.24769330495923628	0.792094988739122
6528	0.24778588976810992	0.7922430127468908
6529	0.24787383538780625	0.7923835940398072
6530	0.24787515690267514	0.7923857062944226
6531	0.24793951129420605	0.7924885608750638
6532	0.24800381257596205	0.7925913172419421
6533	0.24801580896176528	0.792610486536453
6534	0.24814032326858168	0.7928094233744563
6535	0.24815095717575197	0.7928264108825324
6536	0.24816348697632	0.7928464265849332
6537	0.2482667231094499	0.7930113216900958
6538	0.24834168030092207	0.7931310264469548
6539	0.24859267199191498	0.793531722424135
6540	0.24876994625645835	0.7938146102531694
6541	0.248946588722808	0.7940963896441332
6542	0.24901773885606468	0.7942098598222364
6543	0.24909233760078095	0.7943288124364769
6544	0.24912704824404114	0.7943841547722845
6545	0.24914923915552056	0.7944195337406591
6546	0.2492521539433839	0.7945835901853446
6547	0.2493321144330776	0.7947110318086765
6548	0.24938040336664688	0.7947879851734707
6549	0.24945139631858748	0.7949011061913234
6550	0.24948460539904546	0.7949540164108302
6551	0.24954694201173533	0.7950533244332199
6552	0.2496546020798263	0.7952248077309074
6553	0.24977779447480944	0.7954209859015868
6554	0.24981667640579708	0.7954828935272182
6555	0.24984185599280018	0.7955229817757794
6556	0.2500257912671951	0.7958157626149848
6557	0.2504103351371371	0.7964275164937672
6558	0.25049818265140367	0.7965672033053112
6559	0.25054453000880217	0.7966408906210144
6560	0.2506325541749943	0.7967808208203891
6561	0.25064763893482334	0.7968047982851554
6562	0.250781160678335	0.7970170017620257
6563	0.25080166495877115	0.7970495838069517
6564	0.25080330132037526	0.7970521839874736
6565	0.25099827949363174	0.797361943838456
6566	0.2510355832943859	0.7974211942963662
6567	0.2512589863683158	0.7977759382873342
6568	0.25134541475463185	0.7979131364818843
6569	0.2513935760522271	0.7979895784797899
6570	0.25144645077507616	0.7980734932322929
6571	0.25146010608242253	0.7980951634345305
6572	0.2517071093660384	0.7984870421768245
6573	0.25182240096911884	0.7986698902341306
6574	0.25182699254331553	0.7986771714278003
6575	0.25190290435412577	0.7987975406966846
6576	0.2519812868292027	0.7989218085344336
6577	0.25201789702093286	0.7989798438327148
6578	0.25218480199484794	0.7992443719469765
6579	0.2522575260948169	0.7993596051754086
6580	0.2523242945609691	0.7994653869222585
6581	0.25249323412871927	0.7997329765685022
6582	0.252551233502765	0.7998248232843789
6583	0.2526264802895899	0.799943966962445
6584	0.25267383712963365	0.8000189413737806
6585	0.25272167431139586	0.8000946691197379
6586	0.2528013059356178	0.8002207125627472
6587	0.25281902489298425	0.8002487559863986
6588	0.2528489091057007	0.8002960508792486
6589	0.25286395945285506	0.800319868569831
6590	0.2529271997281423	0.8004199407288253
6591	0.25297993406430536	0.8005033786002081
6592	0.25299005934094704	0.8005193981258093
6593	0.2531086010768119	0.8007069229752749
6594	0.2531939430939989	0.8008419009739083
6595	0.2532980102192415	0.8010064640583683
6596	0.25335405067125844	0.8010950677582493
6597	0.2534360595024998	0.8012247115403571
6598	0.253595160382398	0.8014761665949983
6599	0.2536310398642769	0.8015328623388787
6600	0.2537291529523314	0.8016878773965301
6601	0.2537745862896261	0.801759650239635
6602	0.25383408715102546	0.8018536363919864
6603	0.2538390327837539	0.801861447900511
6604	0.2538660378259079	0.8019041003761057
6605	0.25395406278627813	0.8020431135727418
6606	0.25397398689865347	0.8020745753330532
6607	0.25403484308959623	0.8021706644649929
6608	0.25407545771983525	0.8022347866980519
6609	0.2540993778614045	0.8022725493340198
6610	0.2541401188541388	0.8023368628918329
6611	0.2541530183352808	0.8023572248833816
6612	0.25416655586338743	0.8023785934843084
6613	0.25420320656463163	0.8024364427122397
6614	0.2543443115611733	0.8026591229933684
6615	0.254443953008946	0.8028163317099838
6616	0.25450595872868265	0.8029141453376175
6617	0.2545196546809567	0.802935749008373
6618	0.25462037561831713	0.803094605977713
6619	0.25463946098971196	0.8031247038667246
6620	0.25469915547544597	0.803218835598278
6621	0.2547768608457145	0.8033413520180547
6622	0.2547978834610331	0.8033744947214206
6623	0.2548539905510654	0.8034629423242039
6624	0.2548702259558169	0.8034885341116819
6625	0.25489194690777733	0.8035227714651404
6626	0.2549662372947345	0.803639859645836
6627	0.2550853223037405	0.8038275125070968
6628	0.2551048413991837	0.8038582663067616
6629	0.2551340988668364	0.8039043614392584
6630	0.25522283861781453	0.8040441547304912
6631	0.25525235540754593	0.804090647662388
6632	0.2552716258001826	0.8041209996840747
6633	0.25539972449844456	0.804322733687356
6634	0.2554426502792313	0.8043903232879488
6635	0.25558035425303394	0.8046071093644772
6636	0.25569057583903015	0.8047805880976865
6637	0.2556969717267056	0.8047906534941908
6638	0.2557969147004444	0.8049479203411815
6639	0.25581810004591915	0.8049812529299026
6640	0.25601068940621774	0.8052842058039658
6641	0.2561350660942166	0.8054797961144472
6642	0.2561883000532218	0.8055634954130105
6643	0.25621262007953793	0.805601730688535
6644	0.2563627504840952	0.805837721409066
6645	0.25651776366153156	0.8060813148878602
6646	0.2565663957474225	0.8061577219899471
6647	0.2567858359022775	0.8065023999529866
6648	0.2568715092167109	0.8066369283454768
6649	0.2568759529456618	0.8066439054921055
6650	0.25706493496358807	0.8069405723541898
6651	0.25712673813043535	0.807037568246861
6652	0.25713699484615515	0.8070536643410036
6653	0.2572020222066544	0.807155705768516
6654	0.25723493785899915	0.8072073523426916
6655	0.2572424682212889	0.8072191674549213
6656	0.2573343537993112	0.8073633216804058
6657	0.25765603341192245	0.8078677844627081
6658	0.257816843546656	0.8081198512613385
6659	0.25796641823370664	0.8083542361558769
6660	0.25800496279708135	0.8084146248249022
6661	0.25817552437523383	0.8086817935105839
6662	0.2582168677343543	0.8087465407082597
6663	0.258307385167406	0.8088882805703657
6664	0.25839917821179487	0.8090319925329611
6665	0.2585389998351588	0.8092508493980259
6666	0.25856416573129254	0.8092902342244349
6667	0.2585769223793764	0.8093101977475207
6668	0.2586090436605452	0.8093604637822768
6669	0.258655747982822	0.809433544995672
6670	0.2587335288492467	0.8095552390050975
6671	0.25888488237038576	0.8097919905435528
6672	0.25893149220859657	0.8098648850567312
6673	0.2590521112319393	0.8100534942850562
6674	0.25907127717581796	0.8100834595931655
6675	0.259208012456233	0.8102972084476068
6676	0.25922330132734805	0.8103211049830469
6677	0.25925348984189667	0.8103682876209027
6678	0.25932692804513585	0.8104830551736524
6679	0.25947089713792604	0.8107079996496759
6680	0.25954201351824985	0.8108190923947279
6681	0.25963911135142204	0.8109707468685589
6682	0.2597185108449	0.8110947377113925
6683	0.259725568104723	0.811105757463897
6684	0.25988111977973943	0.8113486099001918
6685	0.259924729576512	0.8114166819166937
6686	0.25997477860952706	0.8114947981191077
6687	0.26002001143194436	0.8115653907431497
6688	0.2602299248712356	0.8118929119074452
6689	0.2602731917843518	0.8119604034537802
6690	0.2604400561793222	0.8122206407295531
6691	0.2605713018836618	0.8124252694740804
6692	0.2605751166689827	0.8124312164387437
6693	0.2606225192024567	0.8125051098080301
6694	0.2607995246408323	0.8127809750956881
6695	0.26104764230737504	0.8131675121825344
6696	0.26106841695804317	0.8131998682206216
6697	0.261089190717769	0.8132322215838215
6698	0.2611810108870161	0.8133752082698347
6699	0.26128882719057966	0.8135430728089426
6700	0.2614253792028515	0.8137556276938054
6701	0.26158223580509876	0.8139997199130486
6702	0.2616384224719042	0.8140871369259017
6703	0.2617068982279566	0.8141936610073938
6704	0.26182648398809905	0.8143796607810373
6705	0.2620176441606509	0.8146768968540291
6706	0.26234875348125064	0.8151914842384914
6707	0.26242945893622416	0.8153168618890653
6708	0.2624721355093245	0.8153831530655871
6709	0.26251682754319244	0.8154525691586787
6710	0.2625301968427375	0.8154733333339974
6711	0.2626971438865855	0.8157325782272115
6712	0.26284581694311404	0.8159633768944068
6713	0.26286200437532753	0.815988502172511
6714	0.2629131794272259	0.8160679282992104
6715	0.2629939159103825	0.816193219464331
6716	0.2630313610944079	0.8162513223626418
6717	0.26311457488516654	0.8163804286319032
6718	0.2631560510282902	0.8164447712803979
6719	0.2631717664479361	0.8164691495544177
6720	0.26320647831397365	0.8165229931593956
6721	0.2633053225534352	0.8166762967917746
6722	0.263552697553666	0.8170598398755236
6723	0.2635662213936144	0.8170808027509898
6724	0.2638601324383008	0.8175362521612046
6725	0.2638823533192919	0.8175706756892018
6726	0.2639778051319602	0.8177185285983134
6727	0.26442210256632964	0.8184063847269697
6728	0.2645163379539642	0.818552204558362
6729	0.2645787377040663	0.8186487476328858
6730	0.26461212993840133	0.8187004064482951
6731	0.26490504058826264	0.8191534086253288
6732	0.264914664736127	0.8191682886402724
6733	0.2650970165006058	0.8194501739150456
6734	0.2652260904896695	0.819649642080838
6735	0.26529061932863857	0.8197493453622807
6736	0.26529322788114973	0.8197533755725502
6737	0.2653904564543735	0.8199035794627
6738	0.26553759062115995	0.8201308278648002
6739	0.2655911017579724	0.8202134600866086
6740	0.2656576929925055	0.820316279050271
6741	0.2656938879919091	0.8203721598637118
6742	0.2657476752571953	0.8204551940320024
6743	0.2659567815257042	0.8207779223273994
6744	0.2660092710168347	0.8208589130991889
6745	0.2660865370037322	0.8209781192246496
6746	0.266119942230712	0.8210296515194249
6747	0.2661442647746195	0.8210671704541456
6748	0.26626541317277364	0.8212540233539904
6749	0.26629939473303677	0.821306427086044
6750	0.2664473065159591	0.8215344862487401
6751	0.26647747573539876	0.8215809951682106
6752	0.2664859259326826	0.8215940215345807
6753	0.2664967740613174	0.8216107441192662
6754	0.26656587638537504	0.8217172586017186
6755	0.26668538522897983	0.821901437230324
6756	0.2667647630824179	0.8220237459909386
6757	0.2669106392849984	0.8222484707865807
6758	0.26697620186379706	0.8223494510626799
6759	0.26698579077391604	0.8223642189785355
6760	0.2670122010530033	0.8224048921757675
6761	0.26716397091578353	0.8226385866394926
6762	0.26724773422395004	0.8227675365293201
6763	0.26733087002964484	0.8228955004266947
6764	0.2673825947892177	0.8229751059230977
6765	0.26746089670993517	0.8230955995821
6766	0.2676742953510619	0.8234238951623088
6767	0.26786956515176724	0.8237241864288475
6768	0.26790709677175434	0.8237818910439385
6769	0.268146039717433	0.8241491694857886
6770	0.2681873784102839	0.8242126944523472
6771	0.2682933001857672	0.8243754415847961
6772	0.26845514967232814	0.8246240587243534
6773	0.2686222003870412	0.8248805868916711
6774	0.26902981258010483	0.8255061940275257
6775	0.2690468932302217	0.8255323992248921
6776	0.2690568027834728	0.8255476021173064
6777	0.2691280391600512	0.8256568822528699
6778	0.26918393151784203	0.8257426137773057
6779	0.26919942009312875	0.8257663696393277
6780	0.2692239164671767	0.8258039399686062
6781	0.26928139118352545	0.8258920827959139
6782	0.2692881926918704	0.825902512919582
6783	0.26939351125691796	0.8260640022956609
6784	0.26961038070057325	0.826396437920137
6785	0.26964837481264875	0.8264546647078092
6786	0.2696635373933958	0.8264779005412182
6787	0.26973482850859465	0.8265871415570535
6788	0.2700517212114463	0.8270725489225547
6789	0.27014253333900523	0.827211599887033
6790	0.2701833530902969	0.827274095222147
6791	0.2702563865454595	0.8273858981930681
6792	0.2703318501747758	0.8275014055183971
6793	0.2704514271177466	0.8276844012484353
6794	0.2706895785636132	0.8280487381366648
6795	0.2707537142614757	0.8281468289804097
6796	0.27078685770275607	0.8281975148887187
6797	0.2711146290744343	0.8286986051947349
6798	0.2718264945300845	0.829785848587656
6799	0.27186199827635354	0.8298400367277181
6800	0.2718661641230106	0.8298463946834489
6801	0.2718906537631927	0.8298837700258966
6802	0.2720881752824442	0.8301851598322528
6803	0.2723723237053287	0.8306185381806566
6804	0.2727276654731256	0.8311601814226007
6805	0.27279065877802167	0.8312561645412598
6806	0.2728635453108286	0.8313672081771686
6807	0.27306223224980836	0.8316698351679384
6808	0.27310338561699254	0.8317325035281181
6809	0.27320597117620465	0.8318887002973057
6810	0.2732561523576157	0.8319650954816631
6811	0.27334102471006216	0.832094288094863
6812	0.2735184688979117	0.8323643286799576
6813	0.2736072335015988	0.8324993807965819
6814	0.2736612889746373	0.8325816135007454
6815	0.2738425222327633	0.8328572580853097
6816	0.2739241848362634	0.8329814320479182
6817	0.2739672111651226	0.8330468492833
6818	0.2740463004024702	0.8331670831708595
6819	0.27413470700957354	0.8333014610759741
6820	0.2743498234371728	0.8336283472316505
6821	0.2745108780462068	0.8338729983629243
6822	0.2745494475298357	0.8339315769546991
6823	0.2746666046260742	0.834109487677624
6824	0.27482646176499687	0.8343521800158501
6825	0.2749218055955382	0.8344968957649698
6826	0.27502626407353614	0.834655417197581
6827	0.27512231840110707	0.834801158307437
6828	0.2752549986163647	0.8350024292317659
6829	0.275327466085381	0.8351123391894177
6830	0.27535649134826445	0.8351563571668593
6831	0.27545814078938047	0.8353104943424144
6832	0.2754791809797231	0.8353423952986745
6833	0.2757311812246527	0.83572438127705
6834	0.2758802510460001	0.8359502615165841
6835	0.2763453263779442	0.8366545818364578
6836	0.2764795127528698	0.8368576864476175
6837	0.27650756410181976	0.8369001387641437
6838	0.27664466945238697	0.8371076001169994
6839	0.27684032372642964	0.8374035659343592
6840	0.27711645468796103	0.8378210907684221
6841	0.27714752870066417	0.8378680633191038
6842	0.2773232089092223	0.8381335780751781
6843	0.27786538164955893	0.8389524624746704
6844	0.27795903460013827	0.8390938326477574
6845	0.27803862505865296	0.8392139566130653
6846	0.2781671424427182	0.8394078885208734
6847	0.2782913692086151	0.8395953033367909
6848	0.2786973779358282	0.8402075371631775
6849	0.27873513102313713	0.8402644436087682
6850	0.2790868840225939	0.8407944671260796
6851	0.27921241970996324	0.8409835441676481
6852	0.2792450407757532	0.841032669808816
6853	0.27933224256448247	0.8411639771156785
6854	0.2793701646321162	0.8412210732718061
6855	0.2796199400900469	0.8415970429741578
6856	0.27985733324740397	0.8419542188476488
6857	0.280096419372835	0.8423137888376827
6858	0.28012278169062355	0.8423534266548469
6859	0.28030477356034655	0.8426270148699614
6860	0.28034156804927773	0.8426823171978541
6861	0.28045817376890053	0.8428575522924014
6862	0.28048186410402276	0.8428931496792732
6863	0.2805119894868592	0.8429384142761787
6864	0.2805343075516775	0.8429719464970694
6865	0.28080943171611383	0.843385202757928
6866	0.2812054441258122	0.8439796865941565
6867	0.2815473008540826	0.8444925367298879
6868	0.28171349326979883	0.844741744499137
6869	0.282002420764579	0.8451748202553402
6870	0.28222881529712157	0.8455140098449162
6871	0.28231310653937935	0.8456402622007829
6872	0.28257954070290353	0.8460392063465603
6873	0.2830496379401156	0.8467426461968609
6874	0.2832293718647939	0.8470114404412414
6875	0.28353064968167596	0.8474618138086826
6876	0.2836693830595952	0.8476691227215726
6877	0.28412421532535015	0.8483484220555162
6878	0.28437774889401407	0.8487268425330133
6879	0.2845978253341126	0.8490551886487211
6880	0.2847727506756362	0.84931608040692
6881	0.28536846569123697	0.8502039568248608
6882	0.28556055993321783	0.8504900637867719
6883	0.28577566556628176	0.8508103299407983
6884	0.28579507390791026	0.8508392206742972
6885	0.286004157397194	0.8511503945268344
6886	0.2862417749414428	0.8515038968638551
6887	0.28668067147933113	0.8521564552901064
6888	0.28680853407067364	0.8523464694712891
6889	0.2878052897842625	0.8538262796017823
6890	0.2881022873690201	0.8542667144455207
6891	0.28849804188155975	0.8548532489854321
6892	0.2886949466234527	0.8551449250501086
6893	0.2888689296807227	0.8554025643353635
6894	0.28997435028867874	0.8570376947270184
6895	0.2916856087446676	0.8595628415022771
6896	0.2920298714125698	0.8600699425143651
6897	0.29306576985094945	0.8615940270308963
6898	0.2935488820039293	0.8623038935288635
6899	0.2935811617712639	0.8623513033566523
6900	0.2940576683683868	0.8630508534913692
6901	0.2942785396692904	0.8633749181284911
6902	0.29835016345165727	0.8693272069717682
6903	0.30305362041746847	0.876152833962273
