# mode	eigenvalue	frequency_thz
1	-2.3960999530587604e-17	7.790630325159217e-9im
2	-1.0000396121617265e-17	5.033020892775689e-9im
3	-8.624022641129236e-18	4.6738532873302174e-9im
4	-4.098612089804441e-18	3.222096477347055e-9im
5	4.781764339694006e-17	1.1005612465509917e-8
6	9.416839306318043e-17	1.5444459403096312e-8
7	0.0008301546006682769	0.045856364545968274
8	0.0013326347725763027	0.05809994246275766
9	0.0017064100326935985	0.06574486374452088
10	0.0020905545666642226	0.07276975045245675
11	0.0027334621990992057	0.08321021955715982
12	0.0030574844553173572	0.08800396924114547
13	0.003549996588893551	0.09482745599736096
14	0.00396038184879612	0.10015869616941947
15	0.004276654466162972	0.10408118137908831
16	0.004361951587496843	0.10511399740145048
17	0.004937153358670611	0.11183002976583718
18	0.0050047025025024994	0.11259244884833083
19	0.005213014709710757	0.11491179453338791
20	0.005351011818400895	0.1164228125531976
21	0.0056158339427875665	0.11926891279988763
22	0.006151378401495655	0.12482637350404345
23	0.006395895606976949	0.12728312079530435
24	0.006589805913746335	0.1291981942003055
25	0.0071953938544187124	0.13500424274392728
26	0.007376298510517485	0.13669082780522632
27	0.007549989104429993	0.13829080164746668
28	0.007866150396466454	0.14115662127173262
29	0.008212328239034918	0.1442292288274089
30	0.008581154246589196	0.1474324171936378
31	0.008877362984120223	0.1499554038276524
32	0.009062809205695218	0.15151357663284198
33	0.009080967567657066	0.15166528796091244
34	0.009445040392278678	0.15467568267394835
35	0.009536871024762214	0.15542579103925694
36	0.009987908547415754	0.15905869329317618
37	0.01008313688212654	0.15981515604580715
38	0.010197698360927035	0.16072047697117825
39	0.010368568498411987	0.16206137983020574
40	0.010538570145823906	0.16338454650315648
41	0.010815831963023576	0.16551985507401284
42	0.01105172017112643	0.16731507473994978
43	0.01118760515307073	0.16834053259865636
44	0.011779833169766772	0.17273872179410912
45	0.011829395387750722	0.17310172896842435
46	0.012099958027874155	0.17507013379146724
47	0.012426867840543554	0.17741934498567896
48	0.012581526481372531	0.17851996775995516
49	0.01283604653911685	0.18031662631887965
50	0.012929984558171995	0.1809752289930774
51	0.01304372664544296	0.18176948473823232
52	0.013398736199773222	0.18422647825038685
53	0.013598330876019134	0.18559357346056896
54	0.013692806099557805	0.18623716881114688
55	0.013957049497162075	0.18802558174992137
56	0.014002517900156414	0.1883316017100662
57	0.014067431470779181	0.1887676354621855
58	0.01422282419779542	0.1898073617484
59	0.014315055172748774	0.1904217906720177
60	0.014370193585899645	0.19078816943118132
61	0.014476948123323449	0.19149552996680852
62	0.014665263180882746	0.19273698558053998
63	0.014731780896927291	0.19317359279622554
64	0.015185969900312912	0.19612881261994286
65	0.015351353007003089	0.19719389301639345
66	0.015411512069032888	0.19757989808506657
67	0.015503180965234186	0.19816663733848613
68	0.015760100494731193	0.19980190420765442
69	0.016005217869193036	0.20134967218253344
70	0.016141183060104702	0.20220310170733252
71	0.01625727363996029	0.2029289412927215
72	0.016507926303735838	0.20448732437201408
73	0.016604105887850745	0.20508215807702107
74	0.016803176575409442	0.20630788522012689
75	0.016929639988524134	0.2070827831368835
76	0.017096022700168464	0.2080978889943355
77	0.017215247360511974	0.20882224736995136
78	0.017478692236683212	0.21041398400254258
79	0.01754104208099281	0.21078894341143917
80	0.017700068024214515	0.21174228695415725
81	0.017782482604545777	0.21223466883467124
82	0.018102149901674337	0.2141337931727795
83	0.018211210186478508	0.21477787201496437
84	0.018389911177238653	0.21582907404930352
85	0.01843942059257267	0.2161194068544057
86	0.018871260185709254	0.21863545112237348
87	0.018978783700637745	0.2192574302791729
88	0.019076256074059755	0.21981974692665884
89	0.019211046415795418	0.22059498875365155
90	0.019258740239864774	0.220868646328409
91	0.019450423173352317	0.22196508165415665
92	0.019481837118093148	0.2221442547656012
93	0.019589961377085283	0.2227598524712147
94	0.019694169788957383	0.22335154994760564
95	0.01976759474364227	0.2237675187488144
96	0.019890412219123407	0.22446158412254272
97	0.020090225938616126	0.2255862070498787
98	0.02020275407941211	0.2262170946717163
99	0.02029166091906686	0.22671430827692168
100	0.020332648461058086	0.22694316520716695
101	0.020468217114123714	0.22769848406215026
102	0.02067874804100794	0.22886651286725265
103	0.020830940906861835	0.2297071826149662
104	0.021004689863878982	0.2306631765033108
105	0.02129323173123341	0.2322420850817485
106	0.021377083873459674	0.2326989171455774
107	0.021490403579876676	0.23331486924417782
108	0.021595164207702033	0.23388285525189526
109	0.021680374427586947	0.2343438285709326
110	0.021758521349300963	0.2347657948988796
111	0.02188855593997394	0.23546626068431215
112	0.022035621208846726	0.2362559641546704
113	0.02215686810373094	0.23690504969570556
114	0.022221274600724154	0.23724912251496594
115	0.022495596268154693	0.2387090510127999
116	0.02254555134750818	0.23897394989768506
117	0.022708536144237255	0.23983618168001955
118	0.02279582540328713	0.24029669227661596
119	0.0229311552733614	0.24100891038435351
120	0.023108220625084924	0.24193760902405229
121	0.023209888563170567	0.2424692445569067
122	0.023371517331307125	0.24331203219034345
123	0.02361534923632309	0.2445779598399205
124	0.023686440018357003	0.2449458174659518
125	0.02376260238923057	0.24533930592809208
126	0.023813480689730528	0.24560181447626087
127	0.024025924293345092	0.24669490713957676
128	0.02408583174730607	0.24700227643134176
129	0.024191451585586103	0.24754325427715368
130	0.024248230222410926	0.24783358268279645
131	0.024343909679347228	0.24832205621158648
132	0.02451418740024511	0.2491890088006124
133	0.024698446407303794	0.2501237606156034
134	0.024815340708707494	0.25071496235581087
135	0.024979819167306704	0.2515444715193382
136	0.025056538651768837	0.25193045444400647
137	0.025202656215528103	0.2526639546695712
138	0.025275549885976353	0.2530290809641793
139	0.02537441272300736	0.2535234472495972
140	0.02551810742564939	0.25424028248748404
141	0.025640569191505275	0.25484960371974114
142	0.025738086793658948	0.25533377271347946
143	0.025861308876278254	0.2559442530508415
144	0.026014935223849966	0.25670333218377406
145	0.026178508632437227	0.2575091008851106
146	0.02625548693094891	0.25788742766316636
147	0.026320516118765028	0.25820659597268714
148	0.026487382534594938	0.25902378997497433
149	0.026565584711704546	0.2594058831286829
150	0.026791062441472675	0.2605044221574686
151	0.026866642893378194	0.2608716187798991
152	0.026968192349954716	0.2613641698156007
153	0.02710035415838665	0.26200381492466807
154	0.027170775544177607	0.2623440079155482
155	0.027390168124756125	0.26340103718104324
156	0.0274141299575271	0.2635162280003552
157	0.027489406941210843	0.2638777770991669
158	0.027670419836840383	0.2647451458817496
159	0.027837094876410794	0.26554130578013174
160	0.02786074544967848	0.26565408462391593
161	0.027932422978881558	0.26599559015126323
162	0.028035844163794472	0.26648756612970903
163	0.02812617468947095	0.2669165277691314
164	0.02826515858516165	0.2675751915199096
165	0.028411752814266108	0.26826816925838337
166	0.028482901068486194	0.2686038556510284
167	0.028591435164071394	0.26911512656565706
168	0.02867590478004929	0.2695123659191557
169	0.02873596106974841	0.2697944397913539
170	0.028842949391100513	0.2702962158934281
171	0.028893829402399193	0.27053451702243875
172	0.028935703891441098	0.2707304826214707
173	0.029037022556506812	0.27120405121841584
174	0.02906802813945744	0.27134880772984843
175	0.02922790022634537	0.27209398410001934
176	0.029267804616679965	0.27227966355383054
177	0.029367816792149712	0.272744475626924
178	0.02951930417608874	0.2734470168265288
179	0.029566763547798258	0.27366674442519084
180	0.029733325160291937	0.2744364999368878
181	0.029822063772209046	0.2748457204097284
182	0.03001921883034273	0.27575273275888784
183	0.030107942437338903	0.2761599339984333
184	0.030149999121567045	0.27635274554761985
185	0.030212640883421866	0.27663968155016494
186	0.03034935352665867	0.2772648744054807
187	0.030386924813967753	0.2774364427425639
188	0.030433862414012705	0.2776506331552949
189	0.03048530150605278	0.2778851756280926
190	0.030561362286376962	0.2782316212101037
191	0.030703551076630246	0.27887811576844
192	0.030813274922219226	0.2793759782128254
193	0.030881086483315744	0.2796832241899857
194	0.03089078801154249	0.27972715304630535
195	0.031011921918086643	0.280275071886984
196	0.031107803883654424	0.2807080116016819
197	0.031168795390649182	0.2809830618906491
198	0.031254924883274846	0.28137101773815193
199	0.03132264584109431	0.28167568019471295
200	0.031411222793371794	0.2820736727424883
201	0.031486432341901086	0.2824111627865603
202	0.03157659939968205	0.2828152412654485
203	0.031684215583294394	0.28329676254714753
204	0.03174754875309535	0.2835797603196527
205	0.031858074069414544	0.28407295605151517
206	0.031992163603256206	0.28467015494609826
207	0.03202799730379656	0.28482953663707844
208	0.0321263105954027	0.28526635872077793
209	0.03225307109122862	0.28582859112556747
210	0.03229877219365858	0.2860310223553835
211	0.032371370783110705	0.2863523007155361
212	0.03241426409873687	0.2865419518375242
213	0.03246263238502033	0.286755659862757
214	0.03254907840795861	0.2871372124917507
215	0.03259272549746949	0.287329668093752
216	0.032698941172372	0.287797473259445
217	0.03272019442585879	0.2878909875882325
218	0.03286236693310328	0.2885157671645305
219	0.0330028840699209	0.28913194560316297
220	0.03304749567541685	0.28932729647431354
221	0.033107858332020755	0.2895914102326945
222	0.0332039011689363	0.29001114500749986
223	0.033329838171539686	0.29056060707342096
224	0.03344259253729385	0.2910516732952242
225	0.03357288426435619	0.2916180881361494
226	0.0336050813097136	0.29175788831982963
227	0.03362370180968477	0.29183870832069164
228	0.03369692870134559	0.29215632383672946
229	0.03375379978380991	0.2924027593792496
230	0.0338351745444723	0.2927550142514962
231	0.03402370046053407	0.2935694808620689
232	0.034052484743640365	0.2936936355022279
233	0.03408916892211459	0.2938517885672069
234	0.03414036801973161	0.29407237625028754
235	0.0342916439584545	0.29472317333868286
236	0.0343809255872773	0.29510659414971996
237	0.034426594550728266	0.2953025274976524
238	0.03449738597146442	0.2956059869320672
239	0.03457368626165202	0.2959327126273805
240	0.0346417791884106	0.2962239892403731
241	0.034776981576829936	0.29680148829183284
242	0.03487484524290118	0.29721879990064654
243	0.03490499916782853	0.29734726465621725
244	0.035051209644966975	0.2979693797419073
245	0.03514556520233019	0.2983701672130466
246	0.03520661136419532	0.2986291821259599
247	0.035307943614212245	0.2990586330556766
248	0.035327892315862995	0.2991431039765614
249	0.035375042415635154	0.2993426619356441
250	0.035388719274189524	0.29940052294904274
251	0.03551295699399255	0.29992560904807
252	0.03560208704823827	0.3003017482929308
253	0.03570982350085925	0.30075578074313003
254	0.03582787741714573	0.301252508228242
255	0.035942879395610694	0.30173560798883137
256	0.03610739809509593	0.3024253756922727
257	0.036154452221633326	0.3026223675764138
258	0.03624230737357417	0.30298982995675633
259	0.036288287647223395	0.30318196920500207
260	0.03639320578634259	0.30361993874273535
261	0.036549110136587105	0.30426958036389856
262	0.03657406037994812	0.30437341743257135
263	0.0366140196709988	0.30453964488435065
264	0.03666663511714258	0.30475838263838023
265	0.036699502431417626	0.30489494201778333
266	0.03673720934248542	0.30505153398988605
267	0.03679448722177041	0.305289248013707
268	0.036841689935498786	0.3054850091632456
269	0.036979850346651924	0.3060572744329938
270	0.03704087794001167	0.30630971243703264
271	0.037081793123374375	0.30647883989514635
272	0.03721532915444159	0.30703017770531515
273	0.03727058702212218	0.30725803461549955
274	0.037361598019481516	0.3076329523722745
275	0.037368707071117654	0.3076622187130669
276	0.0374382996557343	0.30794856859492
277	0.03745761173863276	0.30802798408119325
278	0.03757489127936112	0.30850982403209976
279	0.037654826953875606	0.30883780687168716
280	0.03769689548094501	0.30901027778581963
281	0.03773453742717683	0.3091645192142407
282	0.03781174506067465	0.3094806442434579
283	0.03789717818636139	0.30983007245398514
284	0.037908763515417145	0.309877427022641
285	0.03799143951665738	0.3102151520088219
286	0.03804601172352078	0.31043787389868943
287	0.03816657192856724	0.3109293426451271
288	0.03822393527852208	0.31116291421160547
289	0.038267486421660245	0.3113401283403578
290	0.038345703189068804	0.3116581474972566
291	0.0384426228125569	0.3120517604112436
292	0.03849352109745762	0.3122582713677708
293	0.038503036349474204	0.3122968627004138
294	0.0386347807970666	0.3128306938854396
295	0.03873637465733376	0.31324173299747454
296	0.03882096231321817	0.31358355557447304
297	0.03893164743365371	0.3140302772220835
298	0.03901504307709989	0.31436644007410547
299	0.03907468272166327	0.31460662362607306
300	0.0391187770817205	0.31478408464892244
301	0.03914639718214589	0.31489519284989037
302	0.03923122667266291	0.31523619413023934
303	0.0392710286951045	0.31539606495703354
304	0.03937462827839101	0.31581180883646204
305	0.03943254350169976	0.3160439836083303
306	0.03951713798993177	0.31638280597565466
307	0.039538489952750416	0.31646826866321726
308	0.03960099666533279	0.31671832347270323
309	0.039743203773331875	0.31728648133209975
310	0.039810093911626314	0.3175533749400457
311	0.03987017038692806	0.3177928907724835
312	0.03995388885405779	0.3181263629128567
313	0.04000065682878627	0.31831249966676556
314	0.04006562618647262	0.3185708975247003
315	0.04009164847762389	0.31867433530679745
316	0.04012513530943802	0.31880739501955485
317	0.04023096184306746	0.3192275314888264
318	0.040326084226452674	0.3196047006419331
319	0.04037355069460713	0.3197927432586291
320	0.04043136469379562	0.320021629287228
321	0.04050519614232237	0.32031369070894483
322	0.04053520028755013	0.32043230461881983
323	0.040668627237598794	0.3209592439176085
324	0.04070771644026493	0.3211134540364843
325	0.04079729335252877	0.32146656331998147
326	0.040909054605903945	0.3219065794524719
327	0.04091721401634822	0.32193868037702256
328	0.04098707154293088	0.3222133844286296
329	0.04101868689825061	0.3223376300333801
330	0.04112356478821757	0.3227494485423052
331	0.041232530799420936	0.3231767638077578
332	0.04126520513334786	0.32330478765398585
333	0.041318592095942464	0.32351385824422496
334	0.04134988567768597	0.32363634537032204
335	0.041434992244698404	0.3239692292446441
336	0.04145248195833747	0.32403759575020147
337	0.04153346621007147	0.3243539717125317
338	0.0416077860683141	0.32464404101398614
339	0.04168465066289628	0.32494376999496294
340	0.041751771241078844	0.32520527681651096
341	0.041862561545745094	0.3256364647724859
342	0.041910184953569525	0.32582163631473354
343	0.04192342011752457	0.3258730792083978
344	0.042042949734723924	0.3263373037368563
345	0.042103741388530916	0.3265731508686483
346	0.04214050782120094	0.326715707198506
347	0.04221004763813232	0.32698516746838036
348	0.04227413962808481	0.32723332142598244
349	0.04233816309997341	0.3274810223514525
350	0.04236647531419264	0.3275904999794454
351	0.042438562258272604	0.32786908063940645
352	0.04249147038563427	0.3280733940623508
353	0.04256839387342978	0.32837021996900284
354	0.04274535365172065	0.3290520410474369
355	0.04275088583011696	0.32907333360372704
356	0.04278851858471767	0.3292181400987792
357	0.04290527323465529	0.3296669937275907
358	0.04295408503340768	0.32985446561182497
359	0.042984065699295734	0.32996955980505677
360	0.04305642895116437	0.330247193260283
361	0.043175126675782535	0.33070209177634147
362	0.04323349580808143	0.3309255569529443
363	0.04328700341345302	0.3311302773719373
364	0.04333796260228743	0.33132512993389834
365	0.04340232748477985	0.33157107816839104
366	0.04347774365876632	0.33185902319835664
367	0.04352549165925634	0.3320411998176797
368	0.04355633362092794	0.3321588204126932
369	0.043619894737076594	0.33240108929733164
370	0.04372141999311102	0.33278769605247804
371	0.043777440005125866	0.3330008273144236
372	0.04387722261024662	0.33338011830884834
373	0.04392369916644091	0.3335566365338772
374	0.04408582025352144	0.3341716434511529
375	0.04414726682190053	0.33440444563861815
376	0.04418935593085066	0.33456381487145365
377	0.044251026077485954	0.33479719014308706
378	0.044295263421613496	0.3349644951773994
379	0.04442833719300022	0.33546727534929965
380	0.044467659240604376	0.33561569799471475
381	0.044509075729522	0.33577195525013986
382	0.04461656914828769	0.3361771704669631
383	0.04465756014977571	0.3363315646247698
384	0.044690964724929956	0.3364573318272577
385	0.04475658325659131	0.3367042468143146
386	0.044790164564057766	0.336830539393837
387	0.04491642036208519	0.33730493909947407
388	0.04496983012103662	0.3375054228317257
389	0.04502788130015803	0.33772319404415074
390	0.04504945595688822	0.3378040926917797
391	0.04511686219033172	0.3380567216064631
392	0.045193126219325024	0.3383423208313583
393	0.045235762033835274	0.3385018815979912
394	0.04524523863434096	0.3385373367220997
395	0.04539624819736319	0.33910181368829717
396	0.04543172544999197	0.3392342921602146
397	0.04553527833087632	0.3396206817746114
398	0.04555602175145469	0.3396980294132052
399	0.04567067711931146	0.34012523668035877
400	0.04574163755238903	0.3403893674950967
401	0.04576680181334091	0.3404829853625027
402	0.0458383534765238	0.34074903639123705
403	0.04589633331876876	0.3409644709609767
404	0.045918976717862076	0.3410485696461195
405	0.04598435024756777	0.3412912538330535
406	0.04600370432365137	0.34136306828709817
407	0.04606475465684389	0.3415895002645077
408	0.04608413679223963	0.34166135604347825
409	0.046093354143334826	0.3416955224122081
410	0.04625079171645277	0.3422785767005317
411	0.04631419555588278	0.342513106128306
412	0.04632001665411396	0.3425346301963311
413	0.04635998610989021	0.3426823845749764
414	0.04642995270294683	0.3429408755873981
415	0.04649133020346579	0.34316747394493075
416	0.04654111241589289	0.343351154055108
417	0.04662607401096599	0.34366440785375574
418	0.046659648904787014	0.3437881199591796
419	0.04667591289710522	0.3438480312563855
420	0.0467533511603273	0.34413314576073856
421	0.046803352222894265	0.34431711572661033
422	0.04683689921555518	0.34444049080708045
423	0.0468760407503093	0.34458438498171734
424	0.04695374484413393	0.3448698669676731
425	0.046967886382907637	0.34492179704751896
426	0.04704288095882811	0.34519705902358283
427	0.04707312021914176	0.3453079878887015
428	0.04708676485558326	0.34535802982936575
429	0.047231208179905906	0.3458873342325325
430	0.0472495130487173	0.3459543535740855
431	0.0472834390187869	0.34607853190133697
432	0.047357857366620466	0.34635076746014287
433	0.047421079840411634	0.3465818785182201
434	0.047502249825170165	0.346878371321402
435	0.047533658887523145	0.34699303245884267
436	0.04760772089908328	0.3472632514993537
437	0.04762759175055994	0.3473357155501154
438	0.0476952859504382	0.3475824660540353
439	0.047771621818904215	0.3478605061255948
440	0.04781207151655425	0.34800774704464166
441	0.04782492874677074	0.3480545355942025
442	0.04788797538339891	0.34828387666377414
443	0.04793223473370029	0.3484447861397559
444	0.04801310007227888	0.3487385887503152
445	0.048049555635499286	0.34887095938754975
446	0.04809812975151738	0.349047254647942
447	0.04814298238363487	0.3492099640928005
448	0.048245256786734234	0.3495806961364472
449	0.04830571601482423	0.3497996685605927
450	0.04835024332122937	0.3499608508245941
451	0.048453058331340795	0.3503327426504423
452	0.048489085971867504	0.3504629647374494
453	0.04856800670776465	0.3507480551792232
454	0.0486116813285435	0.3509057242606007
455	0.048655521886511066	0.351063921173218
456	0.048695441502540966	0.35120790753942005
457	0.04881344349074477	0.3516331850753638
458	0.04882733323115631	0.35168320967844313
459	0.04888018884375624	0.3518735068182133
460	0.0489178530289994	0.35200904717964876
461	0.048970533132449916	0.3521985371310768
462	0.04900094204796214	0.3523078713854142
463	0.04905556143753708	0.3525041684437338
464	0.04913241971443082	0.35278020502852075
465	0.049174882900288895	0.35293261901715944
466	0.049287167575692375	0.353335327941927
467	0.04929487750779197	0.3533629627705614
468	0.04933396481668987	0.35350303077639467
469	0.04936283482619995	0.35360644982311207
470	0.049415690320265826	0.35379571208123795
471	0.0494841623830446	0.3540407429213615
472	0.04950637334063865	0.3541201895700957
473	0.049537523587517736	0.3542315812548357
474	0.049648295266364884	0.3546274116573186
475	0.04968050409085484	0.35474242346288914
476	0.04971013509398346	0.3548481974198083
477	0.04971516581789033	0.3548661524921927
478	0.04978585798641414	0.35511836271784225
479	0.04981908263627587	0.3552368372799791
480	0.04986531786410818	0.355401640065112
481	0.04992698923269752	0.35562134520102034
482	0.049950690683298445	0.35570574586071446
483	0.04998780364771444	0.3558378645892498
484	0.05005100264046064	0.35606273435202934
485	0.05016356739065996	0.35646290218970517
486	0.05019501661863389	0.35657462397457385
487	0.050257084800411723	0.35679501538526226
488	0.05031290235778377	0.35699309591131084
489	0.05041964523917637	0.3573715900930544
490	0.05047063844770731	0.3575522629096824
491	0.050504025157783926	0.3576705051250886
492	0.05052327892261717	0.35773867640012696
493	0.050667419416693525	0.3582486186008344
494	0.05071943798056756	0.35843247242825105
495	0.050802040304408554	0.35872422753653077
496	0.05086769700697448	0.3589559607976847
497	0.050921731978899286	0.35914656336247164
498	0.05095325148069969	0.3592576983251121
499	0.05097311379246212	0.35932771341675795
500	0.051009136764144654	0.359454660399023
501	0.051095250319956924	0.35975794788679244
502	0.051142166285834435	0.35992307594487183
503	0.05117530790492275	0.36003967739610765
504	0.051223845962696815	0.36021037968966135
505	0.05125732796046352	0.36032808456642695
506	0.051280859707899314	0.36041078665866105
507	0.05134128759269232	0.3606230729727003
508	0.05140264122643576	0.3608384837155238
509	0.05143066242523215	0.3609368225269778
510	0.051465820341854034	0.36106016936109836
511	0.05150381325960875	0.361193415061822
512	0.05153422535970006	0.3613000385185501
513	0.051594797428399106	0.3615123077793689
514	0.0516374979397155	0.3616618729348177
515	0.051663603409797865	0.36175328092907494
516	0.05176752985952698	0.3621169493899708
517	0.051801096534005595	0.36223433080708384
518	0.05183111421075456	0.3623392693025999
519	0.05189565744224741	0.36256480247546435
520	0.051920316028324365	0.3626509298516972
521	0.05196314774152648	0.36280048362607625
522	0.05205846471515252	0.3631330770311666
523	0.05209636310465067	0.36326523282060535
524	0.052134149745956336	0.363396951083544
525	0.05222143537038333	0.36370103261668046
526	0.05228479383845317	0.3639215987008193
527	0.05234543746127577	0.3641325886159214
528	0.052386632030205584	0.3642758421227766
529	0.05243553430933771	0.36444582598023084
530	0.05249638314255781	0.3646572253083626
531	0.05257843782841647	0.3649421035137364
532	0.05264318563947418	0.36516673868036337
533	0.05264924666279396	0.3651877596386265
534	0.0526757661553167	0.36527972082939725
535	0.052736549402373586	0.3654904105618796
536	0.05277490750768804	0.36562330673596743
537	0.052848038211746884	0.3658765429294468
538	0.05294240813496147	0.3662030672647273
539	0.0529838638901901	0.36634641410670926
540	0.05302987112037568	0.3665054335263633
541	0.05308970801909386	0.36671215065701074
542	0.05316802032299314	0.36698251841563184
543	0.05319238657972131	0.36706660059451973
544	0.05322670364361751	0.3671849879970231
545	0.05326749360291964	0.3673256560388072
546	0.05331498111082104	0.36748935337925304
547	0.05334281808302867	0.367585278162025
548	0.05343444625130993	0.36790084748905433
549	0.05344521498877971	0.36793791747228655
550	0.053574193725255244	0.3683816201577732
551	0.05361888381917042	0.36853523495104146
552	0.05364804376999809	0.36863543293986967
553	0.053693628726870106	0.3687920151839909
554	0.053726621819271694	0.3689053034897325
555	0.05373318772360535	0.36892784466996603
556	0.05378635826328154	0.3691103319107249
557	0.0538215175418656	0.3692309529499524
558	0.053866713374322514	0.3693859485651496
559	0.05392988280691782	0.3696024743416161
560	0.05395343636195903	0.36968317637046944
561	0.05403435241901203	0.36996028659619323
562	0.054112984521876586	0.3702293763354947
563	0.05411655130577665	0.3702415777177602
564	0.054141600089834485	0.3703272541714918
565	0.05423177299542795	0.37063551613472717
566	0.05424526291721796	0.3706816102688971
567	0.05429587062788322	0.37085448227065787
568	0.05436277406605638	0.3710828956027648
569	0.054422501955044056	0.37128669235403783
570	0.054445582081810405	0.3713654137952088
571	0.05447477177058459	0.37146494977148387
572	0.05457519600676252	0.3718071899126173
573	0.05465071250008331	0.37206433849937526
574	0.05467288172646999	0.372139795358472
575	0.05472599522342718	0.37232051427361496
576	0.054760587538718625	0.37243816762954873
577	0.05479898179951605	0.3725687084364656
578	0.05484117556502758	0.3727121148589779
579	0.05490637793981063	0.3729336135392488
580	0.054919760999389056	0.37297906079749915
581	0.054976955584648886	0.37317322434808486
582	0.05502142458136357	0.37332411743007976
583	0.05510985026242928	0.3736239841361557
584	0.05517062234175765	0.37382993325451674
585	0.055251615227366484	0.3741042319635795
586	0.055308372536009176	0.37429633222275926
587	0.055367935755145495	0.3744978233742799
588	0.05541616984966455	0.3746609108258162
589	0.05548676872794723	0.3748994893950612
590	0.055546616094994054	0.3751016159661359
591	0.055620185501467065	0.3753499377701609
592	0.055643134500537594	0.3754273648494667
593	0.055696496565487995	0.3756073401404991
594	0.05577537837630017	0.3758732285338678
595	0.055794863914869534	0.37593887983857716
596	0.05586365209909672	0.3761705515859887
597	0.055928204426278036	0.37638782769303986
598	0.05594452188830642	0.3764427306373024
599	0.05598529168541721	0.3765798727391141
600	0.05600017298318491	0.37662991824843034
601	0.05609405216489852	0.37694547890267427
602	0.05611536011997519	0.3770170655897678
603	0.05616624334919887	0.3771879590751486
604	0.05618904857777971	0.37726452628112556
605	0.05625675560848255	0.3774917571318271
606	0.05629275324441326	0.37761251274226404
607	0.05632124235968011	0.3777080533315982
608	0.05632601015292085	0.37772404015751027
609	0.056389011343594475	0.37793522512887817
610	0.056400255573356595	0.3779729042668823
611	0.05645529621096811	0.37815728992546294
612	0.05649528276998248	0.37829118818845575
613	0.05654244885537898	0.3784490667858472
614	0.05656036018581241	0.3785090039630464
615	0.05660663976718584	0.3786638266724439
616	0.056656401147353125	0.3788302267226281
617	0.056697710445130736	0.3789683078469894
618	0.05676822388368158	0.3792038910386981
619	0.05678118196662749	0.3792471676709604
620	0.05681359631780947	0.3793554015658573
621	0.05685465824635452	0.37949246603496534
622	0.05689279223367165	0.3796197127331931
623	0.056919857096580116	0.3797099977539185
624	0.05694816939940704	0.379804421110599
625	0.05699711549993685	0.3799676041667355
626	0.05707006291659573	0.3802106760485048
627	0.05709954561824622	0.3803088728086579
628	0.05714050258158494	0.38044524433500887
629	0.05720678479503304	0.38066583606255966
630	0.05721167808072666	0.38068211618445025
631	0.057246863103820086	0.38079915741419357
632	0.057284602302387556	0.3809246550095006
633	0.057380074009022466	0.38124195132776995
634	0.057405865901775016	0.3813276243334331
635	0.05742395659003524	0.3813877047421449
636	0.057470691346526825	0.38154287026446515
637	0.05751639912063637	0.38169456505699345
638	0.057533816528292786	0.3817523540242494
639	0.057577575054687934	0.3818975012294715
640	0.057635635230500075	0.38209000194817877
641	0.05766129423748818	0.38217504446622325
642	0.05771729798037033	0.3823605938780032
643	0.05775891132003603	0.38249840727973194
644	0.057837371048317585	0.3827581121087363
645	0.05785710526274346	0.38282340541581084
646	0.057893456876516744	0.38294365048602197
647	0.05793639081754837	0.3830856201826061
648	0.0579744275798385	0.3832113524351206
649	0.05799638600603137	0.38328391823619873
650	0.058042689648045015	0.3834368924268085
651	0.058062052271099535	0.3835008429861693
652	0.058127815572192265	0.38371796538451736
653	0.05817268635557652	0.38386603910864425
654	0.05819292702300379	0.38393281468313306
655	0.05822403059092567	0.384035405201752
656	0.0582976221053474	0.3842780268662512
657	0.05835061458095626	0.384452641350123
658	0.058421168832281385	0.38468500028923613
659	0.05846208535101731	0.3848196879062799
660	0.058491356793643215	0.38491601373631706
661	0.058514066777469474	0.3849907306568834
662	0.0585769265938223	0.38519746684874
663	0.058671752687822605	0.3855091254028579
664	0.05868337128535389	0.3855472941420286
665	0.05873877794301678	0.3857292609119642
666	0.05877201248779562	0.38583836876221816
667	0.058821204184714516	0.3859998067785299
668	0.05886880004120423	0.3861559433001185
669	0.05888107234019339	0.3861961919057526
670	0.05895494401383696	0.38643837513612667
671	0.058960067006807566	0.38645516489062937
672	0.05902032320956094	0.3866525898210374
673	0.05904676589608688	0.3867391954829195
674	0.05913016691486952	0.3870122253512797
675	0.05916558738189584	0.3871281230581001
676	0.05918648758369627	0.387196493388209
677	0.059229565846724036	0.387337376207285
678	0.05925576907438129	0.38742304598230065
679	0.05929825326440326	0.38756190507932897
680	0.059340373203533775	0.3876995245302048
681	0.059411861266100645	0.387932987381711
682	0.05945948663175168	0.38808844244504304
683	0.05948527842440975	0.38817260404805926
684	0.05950307287538218	0.38823065876400953
685	0.05955047162463014	0.3883852556918227
686	0.05959493431895187	0.38853022039380225
687	0.05960381838849744	0.3885591792382626
688	0.059665463959568496	0.38876006202546953
689	0.05971558962528137	0.38892332871738744
690	0.05973798133009096	0.3889962396624285
691	0.05974652061912355	0.3890240413436208
692	0.059785014476812094	0.38914934257166095
693	0.05985500621050886	0.38937706912015324
694	0.059882181982171837	0.3894654528843432
695	0.05989760904819249	0.38951561740853674
696	0.05993614876247143	0.38964090961022924
697	0.059951213619824806	0.3896898743505676
698	0.05997511739207654	0.3897675552606113
699	0.06002345741958707	0.3899246002164941
700	0.060094889835045996	0.39015655098456764
701	0.06011157791044677	0.3902107195670002
702	0.06020232909794117	0.39050516143634073
703	0.06022344545384085	0.390573641536126
704	0.06025676308269686	0.39068166581324953
705	0.06034566132624375	0.3909697505999547
706	0.06038849208057728	0.39110847274427907
707	0.060397183754050635	0.39113661771620656
708	0.06043840751937741	0.39127007901951505
709	0.060465665637285	0.39135830175839875
710	0.060520514462454954	0.39153576343988833
711	0.06053266690189364	0.39157507139904674
712	0.060547649147574475	0.3916235271441589
713	0.060603257201184466	0.39180332292896103
714	0.06062139054535069	0.39186193506839817
715	0.06064637081813135	0.39194266407947664
716	0.06068924217979161	0.39208117316883423
717	0.06073379339931647	0.39222505772944005
718	0.06077378820400426	0.39235418174738546
719	0.060793632299412925	0.3924182330314886
720	0.060822873329952884	0.39251259599051347
721	0.06087016954792065	0.3926651763664699
722	0.06089988732836243	0.3927610173479244
723	0.06097653815309344	0.3930081113100165
724	0.06098660891763855	0.3930405641916271
725	0.06104157540327333	0.3932176456299361
726	0.06106435049618892	0.3932909950902312
727	0.061121326159070226	0.39347443101066004
728	0.06115170494322827	0.39357220203972987
729	0.061189051552359236	0.3936923650319994
730	0.06125080323823876	0.3938909711229412
731	0.06127476482303288	0.3939680095331686
732	0.061342143076908634	0.3941845553119084
733	0.06139680852792618	0.3943601562677584
734	0.061410025384769	0.3944026008294393
735	0.061439161874550584	0.39449615350703715
736	0.06149714837826669	0.3946822730522534
737	0.06153267313967181	0.3947962536974978
738	0.06160627320235739	0.39503229370562837
739	0.061621523249273544	0.39508118392356634
740	0.061669503999856316	0.39523496625617044
741	0.06169654306058905	0.3953216023600156
742	0.06174695509356576	0.3954830773418881
743	0.06178088191420882	0.3955917113697644
744	0.06183005622133804	0.395749115071127
745	0.06188312749486605	0.39591892249033533
746	0.06191879117845217	0.3960329914941294
747	0.06194077810598521	0.39610329951903467
748	0.062009346186381764	0.3963224808998004
749	0.062078082549879156	0.3965420786112786
750	0.06211148994127391	0.3966487640474198
751	0.06214911637041624	0.39676888849656794
752	0.06219910929055684	0.39692843741020284
753	0.06225295097043981	0.3971001976747535
754	0.062270409276954784	0.39715587544483816
755	0.06234919618002773	0.3974070444233423
756	0.06239873733933776	0.39756489807306605
757	0.06245361932307883	0.39773969611886556
758	0.062478831535635555	0.39781997077724973
759	0.062498840907775646	0.39788366827624216
760	0.0625535935622937	0.3980579148504522
761	0.06259575838116867	0.3981920495301717
762	0.06261361645462189	0.39824884599650845
763	0.06267837206678978	0.3984547291969512
764	0.0627147183140741	0.39857024141215386
765	0.06274810610866231	0.3986763218590289
766	0.06279154118609752	0.3988142825269868
767	0.06280512766947213	0.3988574267980396
768	0.06284512099685752	0.39898439968713134
769	0.06286404288303993	0.3990444597928104
770	0.06291777165810915	0.3992149514591413
771	0.06294360638884523	0.39929690407762825
772	0.06297028600937382	0.3993815191947158
773	0.06300894777329451	0.39950410419214294
774	0.06302152826507347	0.39954398509341094
775	0.06306991665928507	0.39969734207118257
776	0.06312828498435386	0.39988225011045286
777	0.06313764249828781	0.39991188631134783
778	0.06315449815848481	0.3999652643657584
779	0.06322103234694242	0.40017589353609173
780	0.06326088087292023	0.4003019900811213
781	0.0633026210834027	0.4004340300863949
782	0.06337732497715554	0.40067023800719265
783	0.06340873019968997	0.40076949732079337
784	0.06346105189062687	0.4009348106291154
785	0.06352366031518814	0.4011325359109164
786	0.06352716591017303	0.40114360413966055
787	0.0635860897216744	0.4013295988341244
788	0.06362493763235534	0.4014521762398341
789	0.06366279569019431	0.4015715943496229
790	0.0637027825194584	0.40169768882869067
791	0.06370823237384104	0.4017148713362932
792	0.0637381971019796	0.4018093321412829
793	0.06376143498509541	0.401882571955304
794	0.06378437464320963	0.40195485875187803
795	0.06382371941806954	0.40207881062454703
796	0.06383917843769482	0.40212750230172456
797	0.06387571419179018	0.40224255649261015
798	0.06388981053391492	0.4022869382734799
799	0.06393785448237504	0.40243816599399895
800	0.06399404676516449	0.40261497011879405
801	0.0640431872894334	0.40276952288609635
802	0.06409191170331822	0.4029227084046189
803	0.06412449699149364	0.4030251213601003
804	0.06415606214459056	0.4031243033038222
805	0.06420900781400758	0.4032906109266494
806	0.06424339616588731	0.40339859143844226
807	0.06428779260514128	0.403537954929801
808	0.06432263755214909	0.40364730192437337
809	0.06438399391879689	0.40383977248804837
810	0.06439153095108133	0.4038634092970178
811	0.0644075497132547	0.40391364097740223
812	0.06444102491655058	0.40401859245357297
813	0.0644947958370933	0.40418711802961577
814	0.06455309700139276	0.40436976266222135
815	0.06458258559104695	0.404462112472503
816	0.06459300381212171	0.40449473431430155
817	0.06461483646861133	0.4045630888414761
818	0.06463834837676025	0.4046366879214737
819	0.06467858698341647	0.4047626153604833
820	0.06473643959277028	0.4049435975107179
821	0.0647623641937653	0.4050246720218434
822	0.06477235546131155	0.40505591357583876
823	0.06479944439310353	0.4051406054551929
824	0.0648712104335473	0.40536489203277126
825	0.06492578305189918	0.405535361898238
826	0.06495414141662162	0.4056239173507347
827	0.06496794181980618	0.40566700525998267
828	0.06502240208802142	0.40583699760812425
829	0.06506897987113865	0.40598232908654935
830	0.06509088029741206	0.4060506445732673
831	0.06514036591663443	0.4062049661146836
832	0.06516225472503442	0.406273207947116
833	0.0651929328144363	0.4063688324710934
834	0.06520247853726077	0.4063985821854086
835	0.06525995507861877	0.4065776646379043
836	0.06531970084560479	0.4067637338531798
837	0.06535726870626014	0.40688068973708513
838	0.0653746178940738	0.4069346897071496
839	0.06540494390714845	0.4070290633057763
840	0.06542426948668142	0.4070891924878576
841	0.06546834420290437	0.4072262923742335
842	0.06551098695802918	0.4073588940498016
843	0.0655285991155752	0.4074136481240157
844	0.06556388459993835	0.40752332430644617
845	0.06560727196735136	0.40765814273647244
846	0.06563705576559749	0.4077506647225334
847	0.06566970726928739	0.4078520709849779
848	0.06568979859977826	0.4079144564015968
849	0.06574424412027248	0.40808346677606316
850	0.06577105588073745	0.4081666704161915
851	0.06578217307706476	0.40820116490024405
852	0.06581660705862455	0.40830798831295884
853	0.0658423257673599	0.40838775639148184
854	0.06591218714371522	0.4086043569323625
855	0.06592208493951773	0.408635035103174
856	0.06595208940405278	0.4087280197274584
857	0.06597930037141272	0.4088123289430952
858	0.06600037350027474	0.4088776090162919
859	0.06604443793242677	0.40901407758837893
860	0.06607183250680447	0.40909889627451895
861	0.06610004956039843	0.409186243127479
862	0.06612998923228001	0.4092789020211391
863	0.06618625907227142	0.40945299218525777
864	0.06622490056596098	0.4095725001223262
865	0.06624896299558106	0.4096469012487882
866	0.06626720794463137	0.40970330569642976
867	0.06629973905876653	0.40980385670872493
868	0.06633525787609554	0.40991361430026935
869	0.06634944169261274	0.40995743585849814
870	0.06640743877362382	0.410136571812514
871	0.06645884687615895	0.41029529095897277
872	0.06646327546363304	0.4103089610601144
873	0.06649418493112645	0.41040435928735236
874	0.06656842575650174	0.4106334038161866
875	0.06659070202779338	0.4107021046744794
876	0.06661932494202571	0.4107903619521823
877	0.06663373511087525	0.4108347877881395
878	0.06667789891043242	0.41097091267886116
879	0.06672828422821991	0.4111261589452206
880	0.06675051567175556	0.41119463940255596
881	0.06678634043108815	0.41130496793609406
882	0.0668068624046832	0.4113681555678715
883	0.06684965905309206	0.4114998962237631
884	0.06686572176146138	0.4115493310744094
885	0.06689802390141407	0.41164872668839486
886	0.06695366385082935	0.4118198778866064
887	0.06696862814687489	0.41186589665477913
888	0.06699965223449472	0.41196128672394566
889	0.06701545841600443	0.41200987765434527
890	0.06703346238891758	0.41206521799456697
891	0.06706221544735837	0.41215358330214613
892	0.06708450901530175	0.4122220839500347
893	0.06713800342988428	0.4123864079128338
894	0.06717717232510283	0.4125066852814898
895	0.06719003291487059	0.4125461691209525
896	0.06724074367208105	0.4127018215431294
897	0.06727169396303198	0.41279679202711195
898	0.0672860244527043	0.41284075751103066
899	0.06732450104456102	0.4129587793086029
900	0.0673407919539779	0.41300873933088134
901	0.06736417150847765	0.41308042784314775
902	0.06739377381822367	0.41317117928729524
903	0.0674590645544001	0.41337126987790074
904	0.06752166862896057	0.4135630359859372
905	0.06753780282325403	0.4136124431463504
906	0.06758566520608911	0.4137589756821653
907	0.06759524664091407	0.41378830338169237
908	0.06762188871801851	0.41386984087415163
909	0.06768964411931393	0.414077132454438
910	0.06771012764272881	0.41413977953421377
911	0.06774278855956634	0.41423965051826744
912	0.0677665866954413	0.414312405611877
913	0.06777572868688211	0.414340350893742
914	0.06782379825736437	0.4144872591808491
915	0.06787258345298283	0.4146363013140579
916	0.06789164942092786	0.4146945346015617
917	0.06789741021737278	0.4147121282242345
918	0.06792301590214415	0.41479031962368834
919	0.06795874927137721	0.41489941303309696
920	0.06800042058984403	0.415026598687385
921	0.06802444094079985	0.41509989385423773
922	0.06803176629507315	0.4151222437029184
923	0.06808828289142878	0.41529463688801627
924	0.06815457890699202	0.41549676917781
925	0.06819958633523394	0.4156339379126685
926	0.06823867249241919	0.415753023726319
927	0.06828720630080849	0.41590084672964595
928	0.06830803986674851	0.4159642849445948
929	0.06833954739122912	0.4160602069909426
930	0.06838025187513044	0.4161840956879449
931	0.06838262422183325	0.4161913150559403
932	0.06843830913576421	0.4163607357362175
933	0.06846478903916771	0.41644127634243583
934	0.0685019800652593	0.416554369334138
935	0.06853564470713604	0.41665671258895737
936	0.06854344380394242	0.4166804188925104
937	0.06857831283515564	0.41678639106422743
938	0.06859457830934446	0.41683581504447315
939	0.06865208727043333	0.41701051378116316
940	0.06866502025066568	0.4170497910629738
941	0.0687051900282452	0.4171717625403
942	0.06873958188574876	0.41727616161693026
943	0.06880300607650604	0.4174686220613367
944	0.06881496765177736	0.41750490946804397
945	0.06886714486868581	0.4176631607699839
946	0.06891194323051174	0.41779898448960917
947	0.06893341104921417	0.4178640569139636
948	0.0689693876658359	0.41797308513242415
949	0.06898240683686091	0.41801253311424225
950	0.06901848555763666	0.4181218318958598
951	0.06906131596493262	0.4182515475130544
952	0.06906336183436715	0.41825774260004295
953	0.06915093522147368	0.4185228371617138
954	0.06918171662408747	0.41861597608021656
955	0.06921864262319102	0.41872768009534955
956	0.06923094361182379	0.41876488492500213
957	0.06924352328313317	0.4188029292232013
958	0.0692856003178426	0.41893015635066605
959	0.06929943883104348	0.4189719910249845
960	0.06934264011736335	0.4191025642967334
961	0.06936987567316526	0.4191848612114905
962	0.06939815819476361	0.4192703046162937
963	0.06941518583535927	0.41932173787027704
964	0.06943738935550356	0.41938879577799865
965	0.06945202127025789	0.4194329804595477
966	0.0694997421155791	0.4195770530075853
967	0.06954167908442961	0.41970362280259665
968	0.06955899164862545	0.41975586265238113
969	0.06960164873951055	0.41988455068573605
970	0.06964228878497973	0.4200071170139304
971	0.06965693939927559	0.42005129303682043
972	0.06968362762645382	0.4201317541570781
973	0.06969645080763053	0.42017040870162053
974	0.06974972550891546	0.4203309633412022
975	0.06976329274776136	0.4203718413034114
976	0.06976773761198149	0.42038523277277745
977	0.06978175648969864	0.420427465998031
978	0.06981811770508788	0.420536987909631
979	0.06986680151808657	0.4206835814945467
980	0.06988279895369344	0.4207317408003183
981	0.06991408680765822	0.4208259150489987
982	0.06993312086804415	0.42088319592856077
983	0.06994490839706499	0.4209186652725974
984	0.07000619856535699	0.4211030427162016
985	0.07005512637164144	0.4212501728973295
986	0.07008291404247244	0.42133370997172287
987	0.07010276593520554	0.4213933798605345
988	0.0701373021744527	0.4214971671391065
989	0.07019419163053217	0.42166807394206435
990	0.07019438163506687	0.42166864463595016
991	0.07022588519280074	0.42176325742424536
992	0.07026217963165486	0.42187223208069813
993	0.07026441497093164	0.4218789428038409
994	0.0703270636989152	0.4220669774611204
995	0.07034422944763795	0.4221184843295165
996	0.07038408031015647	0.4222380350308009
997	0.07042546383665604	0.42236214783514137
998	0.07044529584119757	0.42242161282098817
999	0.07049162481754279	0.42256049465884915
1000	0.07054679478300617	0.42272581988972
1001	0.07056477021966769	0.4227796720685936
1002	0.07060020981229269	0.42288582460431656
1003	0.07061162151945952	0.4229200005240008
1004	0.07064804951735665	0.423029077061931
1005	0.07068423301139157	0.42313739364537284
1006	0.07070123950314175	0.42318829360918925
1007	0.07076609599155237	0.4233823511345629
1008	0.07079687665009325	0.4234744190280844
1009	0.07084313867325472	0.42361275552658273
1010	0.07085933825617649	0.4236611861709097
1011	0.07088079681659179	0.4237253306521507
1012	0.07090587673251372	0.42380028787799084
1013	0.07093888317772418	0.4238989152002049
1014	0.07095212509353459	0.4239384772257789
1015	0.07099369016078283	0.42406263454570325
1016	0.07108291916001239	0.4243290441548278
1017	0.07108768661435161	0.4243432735607685
1018	0.07110002239481505	0.42438008991141746
1019	0.07112970689272335	0.42446867072240585
1020	0.07115656465949761	0.4245488004256503
1021	0.07117838771807876	0.4246138980250543
1022	0.07123427795090978	0.42478057160102345
1023	0.07125035700857152	0.42482850979961295
1024	0.07129814352493531	0.42497094888780895
1025	0.07131891708578265	0.4250328545453409
1026	0.07133518503381067	0.42508132708543656
1027	0.0713846893935283	0.42522879799563246
1028	0.07141536808834452	0.42532016256770827
1029	0.071462899598067	0.42546167795384127
1030	0.07150388168944634	0.42558365600373016
1031	0.07152740150257167	0.42565364398786076
1032	0.07154269176514205	0.4256991371000225
1033	0.07160764468522088	0.4258923373299242
1034	0.07161613579283209	0.4259175873607398
1035	0.0716624511290895	0.42605528906527357
1036	0.07168776480623235	0.42613053121523375
1037	0.07172977637264014	0.4262553767105955
1038	0.07175588757855211	0.4263329527868422
1039	0.07176432043984757	0.4263580037001227
1040	0.07180491385423451	0.4264785711369724
1041	0.0718160009211705	0.4265114951647497
1042	0.07184725544398363	0.4266042945621125
1043	0.07188139521940999	0.42670563764761144
1044	0.07191139625526564	0.42679467512126446
1045	0.07193729432800886	0.426871520830915
1046	0.07195211837723707	0.4269155010676769
1047	0.0719804484941189	0.4269995387307465
1048	0.07202566122780397	0.4271336222643059
1049	0.07206114982639313	0.4272388382848981
1050	0.07207398427964515	0.42727688328402813
1051	0.07212087663384652	0.42741585687681327
1052	0.07213440818489193	0.4274559515657295
1053	0.07215673978002356	0.42752211301904236
1054	0.0721920644998735	0.42762674808876666
1055	0.07220854975295564	0.42767557016371777
1056	0.07225282664069185	0.42780667126838456
1057	0.07227692324532323	0.42787800293346706
1058	0.0722982125496309	0.42794101443088517
1059	0.07231190495384784	0.42798153593023297
1060	0.07237020089303015	0.4281540148547478
1061	0.07239473121812798	0.4282265714264029
1062	0.0724209358007629	0.42830406659156384
1063	0.0724551906548361	0.42840534779330836
1064	0.07251520734387079	0.42858274121485607
1065	0.07255779700934016	0.4287085804485195
1066	0.07257265666538847	0.4287524774257066
1067	0.07260927384384883	0.42886062922037305
1068	0.07262084933641935	0.42889481269947366
1069	0.07267998635906303	0.4290694071928829
1070	0.07271059998946805	0.429159762117308
1071	0.0727298287770172	0.42921650540078643
1072	0.07274342025152898	0.4292566087034651
1073	0.07280159327203922	0.42942821297395484
1074	0.0728475151341922	0.42956362920265323
1075	0.07288179224208093	0.4296646790956438
1076	0.07290377994651082	0.4297294869663265
1077	0.0729131525977634	0.42975710950642787
1078	0.07294555726073615	0.429852596992907
1079	0.07297361646838915	0.4299352625045516
1080	0.07299065688153875	0.42998545767923874
1081	0.07302199421032578	0.43007775133895754
1082	0.07304266738203531	0.43013862643626133
1083	0.0730818053113687	0.43025385005324707
1084	0.07309619402595986	0.4302962032431745
1085	0.0731248863535744	0.4303806466843048
1086	0.07314598761059735	0.4304427385249594
1087	0.07316272254608917	0.4304919758087094
1088	0.07320370937261267	0.43061254287369516
1089	0.07320926890019162	0.4306288942094162
1090	0.07325240611271637	0.430755745595881
1091	0.07327489221991824	0.4308218545278466
1092	0.07332502505200493	0.43096920804857514
1093	0.07336578044834487	0.4310889617132131
1094	0.07338750339741072	0.43115277777579497
1095	0.07341817451202345	0.43124286501311027
1096	0.07342390766350286	0.431259702345429
1097	0.0734596980481926	0.43136479801971994
1098	0.07347828985380542	0.43141938130359714
1099	0.07351281638685159	0.43152072869595887
1100	0.07353804786347698	0.43159477681180486
1101	0.07358104113234137	0.4317209221169611
1102	0.07359327005205095	0.43175679590369037
1103	0.07366779182677692	0.43197534266395954
1104	0.07370101212847376	0.4320727307721425
1105	0.07371296852886046	0.4321077765938595
1106	0.0737422805405293	0.4321936820290702
1107	0.07378495522282902	0.4323187192557554
1108	0.07381244333068297	0.432399240528423
1109	0.07382037912378955	0.43242248416141754
1110	0.07384760921352483	0.4325022305508052
1111	0.07386982353140238	0.43256727679745993
1112	0.07389740187117162	0.4326480159514224
1113	0.07390313581255054	0.4326648009139332
1114	0.07394115018795366	0.4327760639033869
1115	0.07398982100783379	0.4329184751367496
1116	0.07400726688806311	0.4329695105265574
1117	0.07402460041688563	0.43302021129162876
1118	0.07408216555177631	0.43318854737537615
1119	0.0741066845954405	0.4332602278542952
1120	0.07413609033572001	0.43334617876549525
1121	0.07414600041704605	0.43337514139589717
1122	0.07416260492224361	0.4334236644242429
1123	0.07418470568129634	0.43348824062438357
1124	0.07420257214846343	0.433540437617601
1125	0.07424894398018378	0.43367588389445966
1126	0.0742921622377743	0.4338020809044482
1127	0.07430499744100985	0.4338395525383129
1128	0.07435384682475579	0.4339821359010297
1129	0.07437808710644796	0.43405287193159187
1130	0.07439489526404963	0.4341019133713347
1131	0.0743983409580947	0.4341119662456158
1132	0.07440808305272582	0.4341403877222468
1133	0.07445253811315797	0.43427005680245623
1134	0.07448579254114485	0.4343670299244202
1135	0.07457081627436986	0.4346148689559963
1136	0.07458327926839048	0.4346511859529388
1137	0.07460363703632752	0.43471050168923503
1138	0.07461937404307958	0.4347563485248926
1139	0.07468264737724538	0.4349406348118328
1140	0.07470373351723424	0.43500203175053276
1141	0.07470710678140016	0.4350118529477619
1142	0.07476757482929713	0.43518786697210976
1143	0.07480140575527709	0.43528631301290016
1144	0.07484365836408273	0.4354092344046065
1145	0.07484903715040513	0.43542487989287987
1146	0.07488329399370482	0.435524510937712
1147	0.07491146206246509	0.4356064165955899
1148	0.07493775550122224	0.4356828574062746
1149	0.07495757582262776	0.43574047057662435
1150	0.0750013602680074	0.4358677150170119
1151	0.075024713815674	0.43593556888772816
1152	0.07506079859413221	0.4360403926623315
1153	0.07508748367792933	0.43611789477163354
1154	0.07510149507455642	0.4361585828827885
1155	0.07511064024716098	0.4361851377742632
1156	0.07514779100021482	0.4362929960152936
1157	0.07516672128290776	0.43634794526644205
1158	0.07521718760511824	0.4364944009100244
1159	0.07522782914952952	0.4365252769000883
1160	0.07524188429405446	0.4365660539594201
1161	0.07526543354310722	0.4366343669644177
1162	0.07531832465682128	0.4367877575786732
1163	0.07533692495600594	0.4368416878903151
1164	0.07535951120476561	0.4369071662439727
1165	0.07541041513628313	0.4370547026176679
1166	0.0754558936602236	0.43718647226001484
1167	0.07546632439201824	0.43721668870190455
1168	0.07549736062221742	0.43730658418205265
1169	0.07552482591523306	0.4373861211434748
1170	0.07553808583028661	0.43742451546084105
1171	0.07559821773677168	0.4375985861776723
1172	0.07561924373028805	0.43765943619265707
1173	0.07562621463106298	0.437679608374002
1174	0.07564158999853442	0.4377240978598412
1175	0.07565736794671213	0.43776974753498665
1176	0.07568358212719327	0.4378455814002614
1177	0.07570787627695452	0.43791584916738185
1178	0.07576023459604225	0.4380672506860359
1179	0.07577799768538651	0.4381186032966135
1180	0.07578721038361769	0.4381452345875926
1181	0.0758241352134615	0.4382519575295563
1182	0.07583947318876513	0.43829628086924544
1183	0.07585753241395905	0.438348462271326
1184	0.07590908198872398	0.43849737852576415
1185	0.07591273646682728	0.4385079336513149
1186	0.07593375521372088	0.4385686365701642
1187	0.07597563854902117	0.4386895721472501
1188	0.076007897351486	0.43878269474989684
1189	0.07602941169309964	0.43884478996102877
1190	0.07604339224003204	0.4388851362429931
1191	0.07605522800470686	0.4389192900263044
1192	0.07607175190029014	0.43896696763387744
1193	0.07613157768776521	0.43913954406739175
1194	0.07615166458459033	0.43919747251980495
1195	0.07617623955254524	0.4392683336968822
1196	0.07621796319109546	0.43938861637503346
1197	0.0762640960559729	0.4395215718390412
1198	0.07629755638312566	0.4396179797400184
1199	0.07631844546829855	0.43967815590677983
1200	0.07633800218618109	0.4397344863968531
1201	0.07636116080662059	0.43980118235128224
1202	0.07640990705889887	0.4399415366808442
1203	0.07644394462671558	0.4400395139798467
1204	0.0764788169736245	0.44013987157525297
1205	0.07649600105275696	0.4401893164664868
1206	0.07650045698766894	0.4402021369169221
1207	0.07651934353995314	0.44025647245900895
1208	0.07656955945288374	0.440400908191036
1209	0.0766002237275319	0.44048908437166556
1210	0.07663857719018319	0.44059934623923025
1211	0.0766583534155554	0.44065618986974603
1212	0.07667650195406576	0.4407083485204458
1213	0.07673596651697916	0.44087920562570176
1214	0.07676693165947221	0.44096815029591785
1215	0.07678077210579608	0.4410078999694984
1216	0.07680649081880624	0.44108175443632697
1217	0.07682154543023992	0.44112497987858823
1218	0.07686701374185709	0.44125550472680386
1219	0.0769045231198964	0.4413631529888455
1220	0.07690578304188538	0.4413667683864936
1221	0.0769216051804899	0.4414121681390643
1222	0.07695508493751568	0.44150821894558956
1223	0.0769786484111321	0.44157580818299563
1224	0.07699406400156958	0.4416200205144928
1225	0.07702625511017254	0.4417123312178521
1226	0.07705845583911144	0.44180465021227827
1227	0.07707368678307411	0.4418483103746852
1228	0.07709189130074935	0.4419004887561705
1229	0.07712679327617779	0.442000508709571
1230	0.07714104100100715	0.4420413324657888
1231	0.07717428889056112	0.4421365823998729
1232	0.07721479478779583	0.44225259765498603
1233	0.07723845276860228	0.44232034375331536
1234	0.07729720517599904	0.4424885400601743
1235	0.07730474593864925	0.4425101231153059
1236	0.07734693261794313	0.44263084976824646
1237	0.07736106002229541	0.44267127114806254
1238	0.07736844797824381	0.4426924081242897
1239	0.07738211772699638	0.4427315146778997
1240	0.0774044625539009	0.44279543154459383
1241	0.07741430427804696	0.4428235806450021
1242	0.07743984671253654	0.4428966282527705
1243	0.07747080544185023	0.442985149519883
1244	0.07749496059710255	0.4430542048307463
1245	0.07751817567874825	0.4431205624962496
1246	0.07753807391121179	0.4431774314184444
1247	0.07755817081931045	0.443234860747178
1248	0.07756541620480878	0.4432555634816584
1249	0.07758002723001857	0.44329730962038044
1250	0.07764557403458573	0.4434845394287074
1251	0.07765205512914289	0.44350304792255274
1252	0.07769615498759865	0.443628966325535
1253	0.07770187016782935	0.44364528227369926
1254	0.07773231463544066	0.44373218637042816
1255	0.07776317912867611	0.44382027206492697
1256	0.07780253363362587	0.4439325624702467
1257	0.07786112717872057	0.444099695119261
1258	0.07786133610740104	0.44410029095639075
1259	0.0779077136450024	0.44423253381837774
1260	0.07792633491430524	0.44428562021393353
1261	0.0779595696084769	0.4443803514926096
1262	0.07799080033247525	0.4444693523076261
1263	0.07799634718180293	0.4444851577659817
1264	0.07802982427983289	0.44458053708435274
1265	0.07803670533596674	0.44460013930837045
1266	0.0780737438910803	0.44470563705575794
1267	0.07810272603787824	0.4447881701042019
1268	0.07812964421697942	0.4448648118348637
1269	0.07815935813185738	0.44494939828540814
1270	0.07818201159242316	0.44501387497528616
1271	0.07818718306710783	0.44502859281054047
1272	0.0782444124995386	0.4451914332787712
1273	0.07827556189242535	0.4452800406471858
1274	0.07832422161856528	0.4454184225253905
1275	0.07833917656216681	0.4454609437871021
1276	0.07835506043098978	0.44550610180945743
1277	0.07837309885115884	0.44555737969596987
1278	0.07841533965019468	0.44567743469406584
1279	0.07842120693446497	0.44569410788136327
1280	0.07844697000888075	0.4457673119801839
1281	0.07846569257450042	0.44582050338986223
1282	0.07847699914710768	0.4458526226521357
1283	0.07850227108512178	0.44592440580509046
1284	0.07851921872807094	0.4459725379143055
1285	0.07852797363164546	0.445997400220624
1286	0.07857007385230698	0.44611693770615574
1287	0.07859189955360872	0.4461788960221898
1288	0.07859482492207344	0.44618719983933713
1289	0.07862767194543564	0.446280427290568
1290	0.0786620250472559	0.44637790851042053
1291	0.07867566641688982	0.44641661169707225
1292	0.07870531312124301	0.44650071352521326
1293	0.07871124786485287	0.4465175473144464
1294	0.07876887096677516	0.44668096118153167
1295	0.07880105960861027	0.44677221921729815
1296	0.07882309926701693	0.44683469311512697
1297	0.07882672539913825	0.44684497095889675
1298	0.07884258018294389	0.44688990669717593
1299	0.0788712979282546	0.4469712872282697
1300	0.07889648713619987	0.447042656371424
1301	0.07892781102031954	0.4471313911380283
1302	0.07894135285686636	0.44716974720315184
1303	0.07898028026574407	0.44727998735954555
1304	0.07899000963980063	0.44730753613677415
1305	0.07900165458942272	0.4473405066464927
1306	0.07902001546748043	0.4473924871231019
1307	0.07903266269995303	0.44742828849806093
1308	0.07906731257596133	0.44752635956956766
1309	0.07909833128375093	0.4476141349581406
1310	0.07910608096977484	0.4476360619949551
1311	0.07915785168637983	0.4477825150176225
1312	0.07918746677985938	0.4478662709600477
1313	0.07919542113891596	0.4478887644164945
1314	0.0792137845402083	0.44794068840574885
1315	0.07923259857563807	0.447993880357649
1316	0.07927276498774671	0.4481074196533421
1317	0.07928428222280917	0.4481399703726581
1318	0.07930130673310193	0.4481880817625193
1319	0.07933043997715311	0.4482704005433075
1320	0.07934066688413624	0.44829929406734464
1321	0.07936313173957252	0.44836275626425326
1322	0.07937659768984964	0.44840079265698635
1323	0.07941512803420049	0.4485096089916489
1324	0.0794300043852682	0.4485516153078888
1325	0.07946413928227149	0.4486479870673033
1326	0.07947290046513472	0.4486727188441438
1327	0.07949718519510518	0.44874126462210207
1328	0.07953417016951747	0.4488456378414373
1329	0.07954234461442718	0.4488687032085669
1330	0.07957511560369715	0.4489611593509157
1331	0.07963647774233275	0.44913422795274316
1332	0.07964891558760637	0.44916930009612704
1333	0.07965301498320194	0.44918085894124793
1334	0.07971000532090303	0.44934152072899786
1335	0.07972414280375607	0.4493813668961705
1336	0.07974135997094309	0.44942988831123
1337	0.07975046295250067	0.4494555402140514
1338	0.07977803646653953	0.4495332325380614
1339	0.07980575970470123	0.4496113331965362
1340	0.07983662537490846	0.44969827061572787
1341	0.07984551236242769	0.44972329892629065
1342	0.07989811213228304	0.44987140648269514
1343	0.07990346282059882	0.4498864699260908
1344	0.07992600265647533	0.44994991931750794
1345	0.07996252915267953	0.450052722011107
1346	0.08002372143083702	0.4502248931822602
1347	0.08002938475631831	0.4502408242396623
1348	0.08005598154811028	0.4503156340531272
1349	0.0800757367982415	0.45037119235786877
1350	0.08011957322477548	0.4504944504335915
1351	0.08013998905666325	0.4505518436071251
1352	0.0801698240503786	0.45063570286844273
1353	0.08018761342043254	0.4506856972442147
1354	0.0802029483284161	0.4507287892693519
1355	0.080225903181172	0.45079328610520036
1356	0.0802406522858073	0.45083472217212905
1357	0.08029979349547314	0.45100083497728377
1358	0.08033577433507184	0.45110186619172093
1359	0.08034797098535613	0.45113610823979255
1360	0.08036881821268854	0.45119463073211385
1361	0.08038704556534979	0.45124579247363866
1362	0.08039886383917778	0.4512789616883265
1363	0.08045200479204405	0.4514280771824542
1364	0.08047837191358699	0.4515020460283322
1365	0.08048992194127312	0.45153444401251036
1366	0.08052317947197941	0.45162771885605135
1367	0.080545579879183	0.45169053270290993
1368	0.08056757835342437	0.4517522109737476
1369	0.08061842529581174	0.451894740984442
1370	0.08064332815632899	0.4519645302587471
1371	0.08064727736749182	0.45197559677570004
1372	0.0806817384768882	0.45207215252725097
1373	0.0806978368225439	0.45211725102737355
1374	0.08072752738526191	0.4522004154691977
1375	0.08075349175610418	0.45227313016604737
1376	0.08075761239292019	0.45228466916886206
1377	0.08079507901024306	0.45238957328344287
1378	0.08081365609190658	0.45244157889517733
1379	0.08085592332444952	0.45255988163331645
1380	0.08088405644804013	0.45263860694656827
1381	0.08090283891732046	0.4526911585717426
1382	0.08093545169240624	0.4527823916335461
1383	0.08098533478076961	0.4529219022219564
1384	0.08100059240293041	0.4529645654141075
1385	0.08101657173990845	0.45300924234966344
1386	0.08104124290370825	0.45307821227928013
1387	0.08106704620768843	0.4531503359534669
1388	0.08109524241059775	0.4532291349759958
1389	0.08113599248215965	0.45334299369046077
1390	0.08118749093149379	0.45348684327588956
1391	0.08121255033414854	0.45355682470095393
1392	0.08122664421854148	0.45359617884087655
1393	0.08125371592806796	0.4536717611890554
1394	0.08127078088285936	0.4537193988974363
1395	0.08129581718517798	0.45378927998631324
1396	0.08132522140080815	0.4538713390145002
1397	0.08133235471420557	0.4538912438819894
1398	0.08136546858264168	0.4539836337153485
1399	0.08138573537507568	0.45404017010211833
1400	0.08141622227210779	0.45412520330709366
1401	0.08143700814242662	0.4541831695509212
1402	0.08145335653520291	0.45422875565732707
1403	0.08147630680105648	0.4542927428085921
1404	0.08152169180579506	0.4544192532547301
1405	0.08155320835040854	0.45450708472886087
1406	0.08155734472570317	0.4545186108728141
1407	0.0816099086268974	0.4546650564392925
1408	0.08161683955635592	0.45468436282366587
1409	0.08165021018483261	0.45477730658619714
1410	0.08168602284993755	0.45487703077455205
1411	0.08169535874385242	0.4549030239752494
1412	0.08172867447104024	0.45499577024920773
1413	0.08174161039208831	0.4550317769293519
1414	0.0817970722571333	0.4551861207911181
1415	0.08182246531086207	0.4552567692164399
1416	0.08183272097142082	0.4552852993553284
1417	0.08185475738230524	0.4553465962208801
1418	0.08186921044756199	0.4553867946393821
1419	0.08189505520654206	0.4554586680163455
1420	0.08191303080447618	0.4555086508429049
1421	0.08193310017973818	0.4555644491333292
1422	0.08195267197159675	0.4556188574259177
1423	0.0819951438135572	0.45573690400779315
1424	0.0820505746887644	0.4558909230526695
1425	0.08206706599459046	0.45593673540029883
1426	0.08208144125556827	0.4559766656846934
1427	0.08208690598134762	0.4559918441825923
1428	0.08211425515008793	0.45606780001966324
1429	0.08212482651838969	0.45609715610109997
1430	0.08213212461827789	0.4561174214020912
1431	0.0822102878131076	0.45633440785458707
1432	0.08222076630971957	0.45636348904573165
1433	0.0822611047342069	0.45647542382576534
1434	0.0822708288418848	0.4565024030708002
1435	0.08229105583952116	0.45655851716180285
1436	0.08231462418672765	0.4566238921846854
1437	0.08233265018609247	0.45667388725840946
1438	0.08236019923630165	0.45675028392231576
1439	0.0824220195853777	0.45692167232109854
1440	0.08244955593472357	0.4569979923637042
1441	0.08247024458196257	0.45705532485699113
1442	0.08249019781352203	0.4571106125503154
1443	0.08250130941279052	0.45714139838335066
1444	0.08253103657862329	0.4572237503746104
1445	0.08255192083980795	0.45728159634760124
1446	0.08257611140664095	0.4573485910985669
1447	0.08262085530754609	0.4574724815821115
1448	0.0826354487362503	0.4575128817767331
1449	0.08266214020570258	0.4575867647491848
1450	0.08267675922618578	0.4576272256816838
1451	0.08268016542702646	0.4576366524794975
1452	0.08269892847911783	0.45768857650024736
1453	0.08274921382068892	0.45782770483781654
1454	0.08277031937485324	0.45788608660922997
1455	0.08278537235611705	0.4579277213243409
1456	0.08281540011252274	0.45801076314084394
1457	0.08282983361106111	0.45805067365060287
1458	0.08285820221430394	0.45812910641353816
1459	0.08289132138058163	0.4582206564216726
1460	0.0828961174241896	0.4582339124201653
1461	0.08292296175647665	0.45830810158664065
1462	0.08296510195086566	0.45842453941662825
1463	0.08300285275432859	0.4585288237849815
1464	0.08302193255448354	0.45858152158590004
1465	0.08304909867244799	0.4586565430916049
1466	0.08308092969388309	0.4587444315084139
1467	0.08308561278433198	0.45875736053677285
1468	0.08310741002509803	0.4588175333425581
1469	0.08313003667510302	0.45887998744397046
1470	0.08316025240242181	0.45896337567176176
1471	0.08319797876621901	0.4590674702088061
1472	0.0832450092894593	0.45919720372733636
1473	0.0832696571408119	0.4592651800951806
1474	0.08327934648806683	0.4592918996141581
1475	0.08329007405675046	0.45932148033823433
1476	0.08332309682939147	0.4594125269955254
1477	0.0833665445568064	0.45953228868019563
1478	0.08337474889930543	0.4595549000739641
1479	0.08341501513251164	0.4596658587955582
1480	0.0834308776745875	0.4597095626922933
1481	0.08345901072958695	0.45978706364094746
1482	0.08347773484754982	0.45983863760720184
1483	0.08350730386758774	0.459920071141941
1484	0.08352697565553659	0.459974239561531
1485	0.0835319730547174	0.45998799943065516
1486	0.08355939782378782	0.4600635036294704
1487	0.08357538768412304	0.4601075202180722
1488	0.08360484957205642	0.46018861132713096
1489	0.08362400200452268	0.46024131895494536
1490	0.08366045441039571	0.4603416195567823
1491	0.0836856423104446	0.4604109125469811
1492	0.08370057664677916	0.46045199262052844
1493	0.08371663036247926	0.460496147698484
1494	0.08373788884692256	0.4605546117620782
1495	0.08377042128279549	0.4606440665395381
1496	0.08377860609396896	0.46066656966507696
1497	0.08380266654489953	0.46073271453326553
1498	0.08383310676812673	0.4608163845040789
1499	0.08385584204221883	0.460878866243037
1500	0.08385753960661853	0.46088353119885483
1501	0.08391116981068797	0.46103088424123506
1502	0.0839172544441288	0.46104759925718825
1503	0.08394737021101685	0.4611303209609276
1504	0.08395752902562578	0.46115822174992327
1505	0.08397939268402654	0.461218263711736
1506	0.08399176573209145	0.461252239103681
1507	0.08400140864356205	0.4612787160256441
1508	0.0840207199411353	0.46133173524750976
1509	0.08407281020577477	0.4614747188397885
1510	0.08409125966072757	0.4615253504885863
1511	0.08411227698286763	0.4615830224808277
1512	0.08413080932848326	0.4616338696655486
1513	0.08413877353349061	0.4616557193291864
1514	0.08418057543508585	0.46177038519494557
1515	0.08423754549765022	0.4619266126750203
1516	0.08424982205309461	0.4619602714256345
1517	0.084255378556222	0.46197550493775674
1518	0.08427184771399765	0.4620206532466868
1519	0.0842960396220677	0.46208696459164694
1520	0.08432828183907512	0.4621753274843989
1521	0.08435708156332981	0.46225424161286827
1522	0.084368049648695	0.46228429172305313
1523	0.08438467804727973	0.4623298461051011
1524	0.08439940221174357	0.4623701799898755
1525	0.08442787224772412	0.4624481579458308
1526	0.08443991221304166	0.46248113083230463
1527	0.08448912578480695	0.46261588365460765
1528	0.08450822557472877	0.4626681706607935
1529	0.08453650661347886	0.46274558112493064
1530	0.08456843075918657	0.46283294789418855
1531	0.08458927064217986	0.4628899714799825
1532	0.08460477485182841	0.4629323906561068
1533	0.08462591454364259	0.4629902221251633
1534	0.08462989506501514	0.4630011107566979
1535	0.08464367624149628	0.4630388068939518
1536	0.08467536041806739	0.46312546210138894
1537	0.08470570959014147	0.46320845091338675
1538	0.08472393135114668	0.46325827057638463
1539	0.0847348477941891	0.4632881143853011
1540	0.08475319220642419	0.4633382607444867
1541	0.08479135539681602	0.4634425664095942
1542	0.08481503674764265	0.4635072792553877
1543	0.08483201616468976	0.4635536725003546
1544	0.08486091523234558	0.4636326234014573
1545	0.08490478714611654	0.46375245372715185
1546	0.08491964246913475	0.46379302205914763
1547	0.08496004652132906	0.4639033433492361
1548	0.08497640863784994	0.4639480118460831
1549	0.08500840185231928	0.4640353407391782
1550	0.08502316008443779	0.46407561936995356
1551	0.08504654851596913	0.4641394446529876
1552	0.08507986189781513	0.4642303392334533
1553	0.0851001135252216	0.4642855865050223
1554	0.08510559997500548	0.46430055263371134
1555	0.08517352286622458	0.46448579512122595
1556	0.08518970783564116	0.46452992462905357
1557	0.08522419796959864	0.46462395052969263
1558	0.08524141721879065	0.4646708859758404
1559	0.08526928286946446	0.46474683085668017
1560	0.08528207263946506	0.46478168386589125
1561	0.085304837764338	0.46484371394284824
1562	0.08532781251093825	0.4649063068029795
1563	0.08533451213251954	0.464924557799334
1564	0.0853669907959511	0.4650130254740021
1565	0.08539091054219984	0.4650781690055603
1566	0.08541922609701821	0.46515527238098836
1567	0.08542205542893842	0.4651629759614481
1568	0.08544011494570736	0.4652121446132963
1569	0.08548948775857888	0.46534654000190345
1570	0.08550660512613234	0.4653931253148159
1571	0.08555823021168173	0.4655335959516506
1572	0.08556176068384466	0.465543200734515
1573	0.08559331092869332	0.4656290255707556
1574	0.08565080933759167	0.46578539546147213
1575	0.0856575370906932	0.46580368850288567
1576	0.0856759793275034	0.46585383003091757
1577	0.0857205644992743	0.46597502777931377
1578	0.08573612996964801	0.4660173326293789
1579	0.08577282841576203	0.46611705886073934
1580	0.08577349977891105	0.46611888305850613
1581	0.08578406584885068	0.4661475917684622
1582	0.08580719868152314	0.46621043903074655
1583	0.08584786046434784	0.46632088840239316
1584	0.08587445480638421	0.46639311231594466
1585	0.08589968133229872	0.4664616112311886
1586	0.08590918058398846	0.46648740244301107
1587	0.0859218177151321	0.46652171103301493
1588	0.08594706808650188	0.46659025579523067
1589	0.08596224260742631	0.4666314437686382
1590	0.08598126598897986	0.46668307351136873
1591	0.0859902743817278	0.46670752043161234
1592	0.08600597829727408	0.46675013455832215
1593	0.08603752351810226	0.4668357238773118
1594	0.08607103454115925	0.4669266296765618
1595	0.08608249914751658	0.46695772580424877
1596	0.08608692965408388	0.46696974237365557
1597	0.08611342631470256	0.4670416010570716
1598	0.08613115509332013	0.4670896751575868
1599	0.08614377778997294	0.4671239003765184
1600	0.08619392936998724	0.467259856759844
1601	0.08620014580365076	0.4672767061920121
1602	0.08622160917251771	0.46733487725413625
1603	0.08625312281453779	0.4674202739354863
1604	0.08629578288673763	0.4675358507229165
1605	0.08630389140415329	0.4675578154899796
1606	0.08630660522744128	0.46756516660296416
1607	0.0863498591268076	0.4676823157096267
1608	0.08637264387749337	0.46774401425913603
1609	0.08640293326686845	0.46782602193001144
1610	0.08642195947951109	0.4678775275160219
1611	0.08644230405424548	0.4679325957489425
1612	0.08646215222473001	0.4679863140814338
1613	0.08647066024104533	0.4680093388220173
1614	0.08650092898533279	0.4680912441496984
1615	0.0865144619528751	0.4681278588771063
1616	0.0865540027601559	0.4682348238777153
1617	0.08658026673191907	0.46830585914493206
1618	0.0866268347047433	0.4684317834676391
1619	0.08664663028004041	0.46848530237424746
1620	0.08667224918518848	0.46855455603968155
1621	0.08667919897870362	0.4685733411304731
1622	0.0866979214262357	0.4686239436177017
1623	0.0867177698556741	0.46867758340988297
1624	0.08674900122494583	0.46876197283215043
1625	0.08676797575370641	0.4688132359653823
1626	0.08678294813727672	0.4688536826206856
1627	0.08680085490944434	0.4689020517024587
1628	0.08683763047715602	0.4690013728040133
1629	0.0868493368258104	0.46903298414888067
1630	0.08689431137671011	0.4691544117749688
1631	0.08690264697220179	0.46917691375211956
1632	0.08692389552910328	0.4692342694447851
1633	0.08694716485129207	0.4692970716966702
1634	0.08696888226593459	0.4693556778787484
1635	0.08699447829188639	0.46942474141036833
1636	0.08701816195079869	0.4694886359189766
1637	0.08703952790703343	0.46954627019758544
1638	0.08707084796058225	0.4696307426893218
1639	0.08711153013769307	0.4697404428377548
1640	0.0871210791447953	0.4697661881776652
1641	0.08715566390226691	0.4698594212837272
1642	0.08716762097739895	0.469891650696436
1643	0.08718395389327191	0.4699356712928379
1644	0.08723528647920802	0.4700739964225386
1645	0.08723903935686732	0.4700841076475813
1646	0.08726148782119379	0.4701445850876677
1647	0.0873000053905241	0.47024833548900336
1648	0.08732620632082025	0.4703188968795051
1649	0.08735963833971463	0.4704089168533395
1650	0.08740102896067294	0.4705203425175664
1651	0.0874032390446675	0.4705262914343968
1652	0.08743252898226098	0.47060512450426745
1653	0.08744798447872736	0.4706467172302219
1654	0.08745537316012039	0.4706665998222079
1655	0.0874803341427634	0.4707337624346451
1656	0.08749555948467086	0.4707747246162179
1657	0.08752719816631649	0.47085983376620044
1658	0.08756071460506666	0.47094997737074407
1659	0.08758523649514595	0.47101591890160716
1660	0.0875905340450458	0.4710301632691758
1661	0.08763022517312775	0.4711368734363245
1662	0.08765784307229413	0.4712111102968718
1663	0.08767395172934199	0.4712544049366533
1664	0.08771268833218382	0.47135849958761594
1665	0.08774385690751793	0.47144224042521726
1666	0.08778356727070682	0.4715489090033103
1667	0.08780094582628259	0.47159558307701593
1668	0.08781962169021576	0.47164573621919703
1669	0.08787274552321732	0.47178836858784284
1670	0.08788083054283125	0.47181007230527805
1671	0.08790755067928407	0.4718817936994891
1672	0.08791544966070847	0.471902993822609
1673	0.08792363278531634	0.47192495555493513
1674	0.08795764318825952	0.4720162211541212
1675	0.08796823198928318	0.47204463218953374
1676	0.0879787181584891	0.472072766166252
1677	0.08799712119868756	0.4721221367413957
1678	0.08800717822272197	0.4721491149422469
1679	0.08803410946743905	0.4722213510426683
1680	0.08805317555365912	0.4722724842092336
1681	0.08808878609808765	0.472367972987144
1682	0.08811870181248313	0.472448176304884
1683	0.0881445956060473	0.4725175859575559
1684	0.08818170410233847	0.47261703942872596
1685	0.08819361003951741	0.47264894377282585
1686	0.08820109192590984	0.47266899188459927
1687	0.08825209103569095	0.472805624060714
1688	0.08827691003545261	0.4728721025861853
1689	0.088304155721492	0.47294507031289584
1690	0.08832626681490212	0.4730042786140395
1691	0.08833983997509551	0.473040620669741
1692	0.08835079096384998	0.4730699398420806
1693	0.08836317410516277	0.47310309113931626
1694	0.08839334742952763	0.4731838593708363
1695	0.08841309136857761	0.4732367026668096
1696	0.08843765187666036	0.47330242894445507
1697	0.08845650433861976	0.47335287375143803
1698	0.08846952673314055	0.4733877155138522
1699	0.08850066114602545	0.4734710060696312
1700	0.08851352455432213	0.47350541388927897
1701	0.08854918965123063	0.47360079996588456
1702	0.088581518468679	0.4736872465874448
1703	0.0886459813720132	0.473859572047798
1704	0.0886559856723818	0.47388631042709234
1705	0.0886941474719836	0.47398829118225627
1706	0.08871044033098287	0.4740318243239136
1707	0.08871922729587225	0.4740553006917503
1708	0.08873415837377417	0.474095189783772
1709	0.08875313809823059	0.47414589018550574
1710	0.08877693596676585	0.4742094536014971
1711	0.08879719484237018	0.4742635577571141
1712	0.0888324296658351	0.474357642572499
1713	0.08888117872197962	0.4744877826337909
1714	0.08889106967986712	0.47451418309440785
1715	0.08891063144267401	0.47456639206944845
1716	0.08896142089975007	0.4747019187653926
1717	0.08898712871457477	0.474770502806609
1718	0.0889969623642131	0.47479673467787337
1719	0.08903443833968117	0.4748966908872056
1720	0.08906484579085983	0.47497777841628436
1721	0.08908993979515385	0.4750446861556561
1722	0.08911667933655729	0.4751159709948461
1723	0.08915429411870024	0.4752162299949757
1724	0.08917994595365736	0.4752845906482467
1725	0.08921773772849027	0.4753852856280419
1726	0.08922967499245571	0.47541708765517265
1727	0.08925073666381819	0.47547319279991257
1728	0.08927889618471802	0.475548195213773
1729	0.08929340186701998	0.4755868262405918
1730	0.08935090486787776	0.4757399353600627
1731	0.08935539755499754	0.4757518956408039
1732	0.0893828057420108	0.4758248542842042
1733	0.08940833387137238	0.4758927982872653
1734	0.0894230474900223	0.4759319546879873
1735	0.08944346939899361	0.475986296854097
1736	0.0894580348102279	0.47602505124263333
1737	0.08947877877850492	0.4760802395563709
1738	0.08950360638997149	0.47614628379374485
1739	0.0895149984436007	0.4761765848711474
1740	0.08954503304187945	0.47625646295433194
1741	0.08955751928703792	0.4762896666255206
1742	0.08958700760288192	0.4763680733538916
1743	0.0895984239469768	0.4763984249011773
1744	0.08963389623516843	0.47649271936096327
1745	0.08968499297872148	0.47662851484932894
1746	0.08971859313055	0.4767177900460105
1747	0.0897241914851991	0.4767326631817296
1748	0.08974676351834714	0.4767926255430746
1749	0.0897793168870345	0.47687908993628636
1750	0.0897880452479724	0.47690227050728695
1751	0.08980650626595568	0.4769512951233641
1752	0.0898433048189384	0.4770490014070881
1753	0.08985131987296766	0.4770702800558185
1754	0.08988707366532671	0.4771651889300039
1755	0.08991439255007504	0.47723769451929565
1756	0.08994537870864619	0.4773199198930353
1757	0.08997017924441539	0.4773857207936709
1758	0.08998184266415747	0.4774166630994802
1759	0.09000400315011695	0.4774754479255971
1760	0.09002245809745776	0.4775243975960615
1761	0.09007237721716933	0.47765677730658673
1762	0.09010051528573394	0.4777313800319675
1763	0.09012176070619483	0.4777877004967465
1764	0.0901315414276805	0.4778136264307689
1765	0.09014946959677979	0.47786114529827606
1766	0.09019599564033073	0.4779844412016883
1767	0.09020624835451453	0.4780116070340922
1768	0.09022224975503584	0.4780540016361627
1769	0.09024118021248713	0.4781041517172396
1770	0.09025854446062073	0.4781501480117154
1771	0.09026450646916225	0.47816593980300215
1772	0.09028765471430517	0.47822724846837894
1773	0.09031635909710532	0.4783032617792687
1774	0.09033009890250454	0.47833964247420613
1775	0.09034716334619647	0.4783848224005365
1776	0.09037256235772229	0.47845206107926175
1777	0.09042103001587232	0.47858034305990815
1778	0.09044667421363653	0.47864820304179306
1779	0.09046623357064176	0.47869995477880606
1780	0.09049284736150012	0.4787703627262539
1781	0.09051717620699198	0.4788347166931375
1782	0.09054444553946572	0.47890683847352344
1783	0.09055368413313966	0.47893127019215337
1784	0.09058619294255782	0.47901723073823155
1785	0.0906130353475637	0.4790881964214133
1786	0.09062267228592721	0.4791136718988231
1787	0.09066541030772028	0.47922663456268333
1788	0.09067248207668728	0.4792453236854131
1789	0.09069221428061221	0.47929746768660514
1790	0.09069573818196446	0.47930677929400983
1791	0.09072947743525137	0.4793959232244076
1792	0.09078547991126693	0.47954385319087456
1793	0.09081306846091956	0.4796167112870649
1794	0.09082164717028779	0.4796393643879848
1795	0.09086697328461008	0.4797590356203578
1796	0.0908862048091225	0.4798098021925602
1797	0.0908990452739458	0.47984369492308154
1798	0.09092308453170093	0.4799071407144274
1799	0.09093323150196393	0.47993391866447815
1800	0.09095381290417213	0.4799882285905341
1801	0.09096764901339108	0.48002473567470205
1802	0.09098915950347075	0.48008148638275605
1803	0.09100482449643595	0.48012281080804176
1804	0.09103416719061172	0.48020020759144716
1805	0.09105749311181727	0.4802617251244802
1806	0.09107870157632997	0.48031765144303395
1807	0.0910946422014902	0.4803596822829708
1808	0.09113185746194773	0.48045779389974214
1809	0.09115140908487053	0.48050933035523974
1810	0.09118466806438245	0.4805969855687217
1811	0.09120400375343386	0.4806479381109314
1812	0.0912337677901631	0.4807263604131776
1813	0.09124510067335889	0.48075621693806225
1814	0.09126601980145652	0.4808113235928475
1815	0.09128384353437789	0.4808582711548534
1816	0.0913065508392494	0.48091807536546927
1817	0.09131932856471998	0.48095172478114856
1818	0.0913400741204085	0.4810063520125507
1819	0.09134713642062917	0.48102494705770504
1820	0.0913671522698315	0.48107764490797644
1821	0.09139873204513603	0.48116077659713496
1822	0.0914168783851328	0.4812085391509124
1823	0.09143921849791704	0.4812673335252714
1824	0.09148115502433947	0.4813776820553023
1825	0.09149513770904875	0.48141446938690885
1826	0.0915039389440569	0.48143762329485656
1827	0.09152720986726386	0.4814988380680841
1828	0.09154387888421661	0.4815426815705175
1829	0.09156361674871398	0.48159459171483465
1830	0.09157500891482805	0.4816245503116109
1831	0.09160151341787125	0.4816942434297813
1832	0.09160723389388178	0.48170928399648266
1833	0.09163387934755961	0.48177933539231466
1834	0.0916710922254128	0.4818771517014098
1835	0.09168031534788262	0.4819013921685739
1836	0.09170630646664557	0.4819696961915383
1837	0.09172999208480326	0.48203193298645713
1838	0.09174569355627007	0.4820731860522038
1839	0.09177906832915869	0.48216086112196377
1840	0.09180681204281393	0.4822337313435804
1841	0.09184475772575396	0.48233337971088597
1842	0.09187257473401748	0.48240641630104414
1843	0.09188639998406707	0.482442711890135
1844	0.09192042159410668	0.4825320175914789
1845	0.0919364741412978	0.4825741493055387
1846	0.09195204348514906	0.48261500928448814
1847	0.09196952273361189	0.482660877470163
1848	0.09200586799185156	0.4827562389601146
1849	0.0920194911740286	0.4827919781629621
1850	0.09202952058429516	0.4828182877351487
1851	0.09205351154090982	0.4828812160092217
1852	0.09207352388358443	0.4829337021069696
1853	0.0920881219854048	0.48297198475133146
1854	0.09213184258244528	0.4830866212396292
1855	0.09217534994131298	0.4832006716139782
1856	0.09219149226355601	0.48324298031955293
1857	0.09220221010866565	0.4832710695323571
1858	0.09223804746197936	0.48336497982724036
1859	0.09225851126782707	0.48341859619708916
1860	0.09228110828733814	0.4834777948037277
1861	0.09229000622490131	0.4835011032122161
1862	0.09233694286690612	0.4836240365310375
1863	0.09236846332074514	0.48370657526324745
1864	0.09239149848382545	0.4837668857028529
1865	0.09240480483046806	0.4838017208241858
1866	0.09243947991941612	0.48389248609464036
1867	0.09244896048851486	0.48391729940241573
1868	0.09247044717750294	0.4839735313836561
1869	0.09248144384845455	0.4840023078177416
1870	0.09249601941124971	0.48404044697192317
1871	0.09252204832648975	0.48410854807297926
1872	0.09253302766977746	0.48413727115227956
1873	0.0925882381365329	0.4842816815293057
1874	0.09260704816997264	0.4843308718594965
1875	0.09262710274365796	0.484383311298788
1876	0.09265278564149114	0.48445045959829225
1877	0.09267833297758271	0.48451724423730436
1878	0.09268849824656757	0.4845438152432246
1879	0.09269384680239258	0.48455779525319687
1880	0.09272717794392507	0.4846449068219678
1881	0.09273988672502631	0.484678117338797
1882	0.09278442101600726	0.48479447614838933
1883	0.09278866877303728	0.484805573192231
1884	0.0928075099529512	0.4848547917310053
1885	0.0928253308841838	0.48490134049173805
1886	0.09286767258740436	0.48501192026373446
1887	0.0928872662768658	0.48506308269454607
1888	0.0928974889856248	0.48508977377072415
1889	0.09291979797326144	0.4851480165297824
1890	0.09293334880291286	0.48518339068365096
1891	0.0929759681435517	0.4852946307618818
1892	0.09299590011846802	0.48534664614953293
1893	0.09302425095773485	0.4854206221859748
1894	0.09304719162968225	0.4854804731854007
1895	0.0930673420563023	0.48553303849608337
1896	0.09307848035309857	0.4855620919168093
1897	0.09310091170774303	0.48562059716586314
1898	0.0931517890408961	0.4857532688332266
1899	0.0931655638131107	0.4857891827612124
1900	0.09317161612959111	0.48580496167140086
1901	0.09318158001617612	0.4858309372653431
1902	0.09321149059609872	0.485908905030745
1903	0.09323140324497312	0.4859608043011599
1904	0.09325325560097743	0.4860177527430893
1905	0.09328414241418209	0.4860982340980993
1906	0.09329882864933725	0.48613649715026824
1907	0.09331804181819237	0.4861865499854943
1908	0.09334880288699399	0.48626667589333283
1909	0.09336481664188973	0.48630838302396195
1910	0.0933693285562295	0.48632013346346187
1911	0.09340241922371534	0.4864063032608416
1912	0.09341778734369671	0.48644631744372685
1913	0.09344517175789933	0.4865176104583431
1914	0.09346152573310681	0.486560181672568
1915	0.09347496054123834	0.4865951511840222
1916	0.09351226718411115	0.4866922436059301
1917	0.09352016140774623	0.4867127862387088
1918	0.09356608487238893	0.4868322727420103
1919	0.09357259282211884	0.4868492031547343
1920	0.0935965461105451	0.4869115124956563
1921	0.09360520182554047	0.4869340265200515
1922	0.09364103549811033	0.48702722093948436
1923	0.09365994141511286	0.4870763833150479
1924	0.0936976721118445	0.48717448224903254
1925	0.09370844994314013	0.48720250073272575
1926	0.09372576948253303	0.487247521929073
1927	0.09375003386097369	0.4873105888595512
1928	0.09378129488334795	0.48739182913687695
1929	0.09380463250924033	0.4874524694843402
1930	0.0938210283905966	0.48749506793304365
1931	0.09387584000549613	0.487637448009856
1932	0.09388421644206614	0.4876592031975525
1933	0.09389664411812192	0.4876914784312722
1934	0.09390479083609957	0.4877126346653268
1935	0.09394427873792044	0.4878151679027931
1936	0.09396593224149673	0.48787138366720995
1937	0.09398415419168558	0.487918685582351
1938	0.09399423441536686	0.4879448506186812
1939	0.0940133206396314	0.48799438850887156
1940	0.09402260632006791	0.48801848747713894
1941	0.09406361471485429	0.4881249016358272
1942	0.09406859772249068	0.4881378306408814
1943	0.09407600540586805	0.48815705012217986
1944	0.09410710273519016	0.48823772492443823
1945	0.09413453927434381	0.48830889158909224
1946	0.09415326150153736	0.4883574485563581
1947	0.0942015687767955	0.48848271342823435
1948	0.0942290914239719	0.48855406763014136
1949	0.09425850130076231	0.4886303030780653
1950	0.09427114435707501	0.4886630723943999
1951	0.09429033953719043	0.4887128198453458
1952	0.0942995360405163	0.48873665229472624
1953	0.09433241850534207	0.48882185666428163
1954	0.09434686367603105	0.4888592819999752
1955	0.0943683971688791	0.4889150668287213
1956	0.09438722040889772	0.4889638252428458
1957	0.09441778392581723	0.48904298450024514
1958	0.09442266773028583	0.48905563232637156
1959	0.09445011653639555	0.4891267117509392
1960	0.0944755543759754	0.4891925745028199
1961	0.09450843320741878	0.48927769007148814
1962	0.09452810449889319	0.4893286073438865
1963	0.09456190692828044	0.4894160893544722
1964	0.09456602272091355	0.48942674011904846
1965	0.09458027896824145	0.48946363035460566
1966	0.09461947253021681	0.48956503540613167
1967	0.09462522287257796	0.489579911433845
1968	0.09465223522688149	0.4896497858391956
1969	0.09467621635356332	0.4897118108397051
1970	0.0946899996983742	0.4897474566510631
1971	0.0947172402134365	0.48981789710762635
1972	0.09474010955263794	0.4898770264463138
1973	0.094754708954888	0.48991476989146426
1974	0.09478338913873717	0.48998890753995483
1975	0.09479841736590222	0.4900277507002249
1976	0.09481306159929889	0.49006559839767044
1977	0.0948390866199604	0.4901328522761284
1978	0.09485555259057975	0.49017539888408496
1979	0.09486886209108074	0.49020978675440036
1980	0.09489989449295752	0.4902899560689137
1981	0.09492330088549206	0.49035041562844395
1982	0.09495039123012161	0.4904203816641291
1983	0.09497116292629812	0.49047402181224625
1984	0.0950023406497694	0.4905545231356466
1985	0.09502288682946836	0.4906075664418766
1986	0.09504902082918516	0.49067502732935026
1987	0.09506473655042921	0.4907155905732244
1988	0.09508943587787826	0.49077933428268716
1989	0.09509702009909614	0.4907989058827804
1990	0.09512701522986362	0.49087630271747923
1991	0.09515837058867226	0.4909571963229689
1992	0.0951698242301929	0.4909867422183795
1993	0.09519496589377378	0.4910515915991499
1994	0.0952228004058945	0.4911233768157825
1995	0.0952464278712519	0.49118430382481665
1996	0.09528227066173317	0.49127671547999946
1997	0.09529038230191765	0.49129762689986883
1998	0.09530151981706794	0.49132633743053
1999	0.09532107719456133	0.491376748807705
2000	0.09533560806172428	0.4914142004311135
2001	0.09537196662546886	0.4915078979052482
2002	0.09540943472163294	0.49160443600477494
2003	0.09542673222232265	0.49164899733517853
2004	0.09543961726610767	0.49168218879463915
2005	0.0954792972231151	0.49178438901940935
2006	0.0955161507338513	0.49187929039191636
2007	0.0955470942567942	0.49195895883269386
2008	0.09555330953007446	0.49197495936977226
2009	0.09557773477379468	0.4920378344314821
2010	0.0956105377699842	0.49212226272754084
2011	0.09562342440653794	0.49215542636834336
2012	0.09566997169484528	0.49227519677768916
2013	0.09567952080297715	0.4922997638999913
2014	0.09570842771086106	0.49237412562914845
2015	0.09571586650928432	0.4923932597889648
2016	0.09573165368638548	0.49243386527773786
2017	0.09574215934984832	0.49246088456730003
2018	0.09575879459694336	0.4925036653690696
2019	0.09576634387866366	0.4925230786023776
2020	0.09583707504891822	0.49270492904302343
2021	0.09586708046776281	0.4927820529576361
2022	0.09588498938168936	0.4928280790763427
2023	0.09591155245089757	0.49289633856058906
2024	0.09593031977420192	0.4929445595112356
2025	0.09594804620225059	0.4929901016435651
2026	0.0959716369824566	0.4930507037444438
2027	0.09599658185243196	0.49311477625062683
2028	0.09603559956573056	0.49321497907008127
2029	0.09604681906662767	0.49324378851322587
2030	0.09606065071560936	0.49327930311645524
2031	0.09607662664198507	0.49332032025583944
2032	0.09608334279968632	0.49333756253049016
2033	0.09611716682642026	0.4934243892068579
2034	0.09614666541304287	0.49350009995641947
2035	0.0961669840638393	0.4935522428281849
2036	0.09619492507747808	0.4936239376439388
2037	0.09622716598698265	0.4937066527736417
2038	0.09623990384940531	0.49373932836610024
2039	0.09626293426459126	0.49379840127180263
2040	0.09628670948585893	0.4938593771891084
2041	0.09629385243902736	0.49387769513247254
2042	0.09632087037726213	0.49394697588549435
2043	0.0963361245074179	0.4939860869999367
2044	0.09635897183133374	0.494044661034895
2045	0.09639010986792476	0.4941244789172098
2046	0.09640513630842489	0.4941629924262361
2047	0.09642464169674773	0.49421298122315266
2048	0.09644124165269805	0.4942555199379398
2049	0.0964583029878919	0.49429923715907875
2050	0.09647125371664136	0.49433241896036584
2051	0.09649863131323119	0.49440255733311567
2052	0.09652419408482517	0.4944680373435922
2053	0.09654661961241232	0.4945254740449849
2054	0.09656981224273337	0.4945848684486162
2055	0.09659616159719009	0.49465233830732297
2056	0.09659820773344499	0.4946575772355914
2057	0.09664566905857164	0.49477908166938833
2058	0.09668566894385815	0.49488146111034303
2059	0.0966927221058923	0.49489951143525807
2060	0.0967228005124494	0.4949764801611734
2061	0.09673196376766355	0.49499992596904535
2062	0.09676764037238633	0.49509120029027265
2063	0.09678970930358553	0.49514765258521914
2064	0.09680929350229482	0.4951977435484918
2065	0.09682827014090918	0.4952462757080394
2066	0.09684960580409384	0.4953008353202058
2067	0.09685594979297403	0.49531705702555623
2068	0.09686756707046668	0.4953467612573284
2069	0.09689304185671596	0.4954118915362673
2070	0.09691577444199773	0.49547000372046957
2071	0.09696016039037356	0.4955834495899396
2072	0.09696533069218129	0.49559666265517005
2073	0.09698676873902765	0.4956514453141416
2074	0.09700272002173031	0.49569220319984114
2075	0.0970429633879016	0.49579501606057275
2076	0.09706875387057298	0.49586089380621706
2077	0.09710908850663337	0.4959639047683019
2078	0.09713181781109222	0.4960219439035128
2079	0.09714961085079855	0.4960673735793619
2080	0.09716437649028682	0.4961050704555375
2081	0.09718502698914508	0.49615778665298593
2082	0.09722170573384264	0.49625140564244646
2083	0.09722757558834129	0.49626638624558217
2084	0.09726607115816524	0.49636462055103375
2085	0.09730065211102033	0.49645284883024987
2086	0.0973084347452153	0.49647270292976836
2087	0.09734619308549787	0.4965690160971263
2088	0.09736907796769649	0.4966273812744169
2089	0.09737629027299224	0.4966457739820458
2090	0.09740094810241473	0.4967086508465755
2091	0.09743005025296585	0.49678285038270004
2092	0.09743157106916711	0.496786727587203
2093	0.09745327258904479	0.496842050654775
2094	0.09747618441875373	0.4969004524464634
2095	0.09749420327556156	0.49694637732758157
2096	0.09751748182775524	0.49700570137632333
2097	0.09757106602021243	0.497142230700355
2098	0.09758610360054845	0.4971805388203638
2099	0.09763685092937574	0.4973097954669085
2100	0.09764859468270753	0.49733970276064643
2101	0.09767867623994696	0.4974163019209433
2102	0.09771853204282471	0.49751777188840873
2103	0.09773170900277478	0.49755131491564963
2104	0.09776639421573487	0.4976395981482205
2105	0.09778847996286623	0.4976958041777789
2106	0.09779656274680848	0.49771637247239214
2107	0.09780972336896299	0.4977498605448751
2108	0.09784428071696777	0.4978377832763977
2109	0.09786665665488514	0.49789470510384976
2110	0.09789079950309953	0.4979561144512738
2111	0.09792855388847554	0.4980521306999829
2112	0.09793549143049393	0.49806977211433007
2113	0.09796762909807334	0.4981514865550589
2114	0.09798407544251707	0.498193298463729
2115	0.09800320398507094	0.49824192497070097
2116	0.0980190897985355	0.49828230455647066
2117	0.09803278197975095	0.4983171056007451
2118	0.09806668848316226	0.49840327437809245
2119	0.09809369940242606	0.4984719083043743
2120	0.09810375366952316	0.4984974534786379
2121	0.09812199131894214	0.4985437870742673
2122	0.09813279476876927	0.49857123170963186
2123	0.0981771832751273	0.4986839785762182
2124	0.0981913966221904	0.4987200751095922
2125	0.09820849612682375	0.4987634979311949
2126	0.0982237245385014	0.4988021660798785
2127	0.09825574545943706	0.4988834641740189
2128	0.09826775721414455	0.4989139574680134
2129	0.09828055531985469	0.49894644495865415
2130	0.09831926783869939	0.4990447022989936
2131	0.09835781225298222	0.4991425137520078
2132	0.09836715577517403	0.4991662212659007
2133	0.09838042555195142	0.49919988901254136
2134	0.0984167201040119	0.49929196304820367
2135	0.09842523608366835	0.49931356439916874
2136	0.09845204420843215	0.49938155889693586
2137	0.09847155383936781	0.4994310361189236
2138	0.09848463971623728	0.49946421969162946
2139	0.0985137803132831	0.4995381074020399
2140	0.09852861864211751	0.49957572666498157
2141	0.09855471109793187	0.49964187137943955
2142	0.09858310333728826	0.4997138361282579
2143	0.09860619527655085	0.4997723587629739
2144	0.09861922937359005	0.4998053884633609
2145	0.0986449181865621	0.4998704800850426
2146	0.09867417909614754	0.49994461254254735
2147	0.0987057197192059	0.5000245083412138
2148	0.09872091415131884	0.5000629929199394
2149	0.09873260298755943	0.5000925964820315
2150	0.09877571906291356	0.500201778636282
2151	0.09879624339208039	0.5002537436981699
2152	0.09881639105821484	0.5003047498460925
2153	0.09884252883837887	0.5003709129127952
2154	0.09885719171931709	0.5004080255156823
2155	0.09888265844450746	0.5004724767347556
2156	0.0989148393103182	0.5005539082400748
2157	0.09892970340779214	0.5005915163615661
2158	0.0989550192573325	0.5006555622872902
2159	0.09898948688451395	0.5007427478943824
2160	0.09899653827347007	0.5007605824600287
2161	0.09902660416331327	0.5008366188033656
2162	0.09905943682303268	0.5009196390969703
2163	0.09909843324674081	0.501018227141759
2164	0.09911107363583559	0.5010501795308548
2165	0.09915222360527791	0.5011541843566772
2166	0.09916220471985207	0.5011794079536621
2167	0.09917453696363648	0.5012105714120805
2168	0.09921127075938808	0.5013033858721553
2169	0.09922998809725078	0.5013506719428782
2170	0.09924522019846393	0.5013891498832974
2171	0.09930961809762379	0.5015517933423487
2172	0.0993150644538607	0.5015655462513771
2173	0.09933082856476086	0.5016053509940289
2174	0.09934387399175969	0.5016382886089044
2175	0.09937413016109631	0.501714672269746
2176	0.09939514035765208	0.5017677070321951
2177	0.09941205782550071	0.501810406694628
2178	0.09943692905671431	0.5018731750469233
2179	0.09945581834567455	0.5019208413281785
2180	0.09950413452925407	0.5020427444773631
2181	0.09952304745550408	0.502090454285106
2182	0.09954577577943598	0.5021477828302329
2183	0.09956756342528197	0.5022027325224199
2184	0.09959424154001378	0.5022700080704181
2185	0.09962733427943496	0.5023534471816531
2186	0.0996405186908037	0.5023866861287619
2187	0.0996805727057074	0.5024876519920326
2188	0.09970776079621069	0.5025561746136038
2189	0.09972249784796126	0.5025933127593731
2190	0.09975399882475729	0.5026726876774191
2191	0.09976882419208744	0.5027100397157379
2192	0.09979896397718518	0.5027859673842796
2193	0.09981345040378024	0.5028224572806912
2194	0.09984696564882665	0.502906868767246
2195	0.09987326907037619	0.5029731066353649
2196	0.09988983312158842	0.503014814126098
2197	0.09990863781568635	0.5030621592576113
2198	0.09994390057234606	0.5031509293274161
2199	0.09995578280044527	0.5031808379881292
2200	0.09996454679833702	0.5032028966375685
2201	0.09999962046617197	0.5032911660490009
2202	0.10002843666111749	0.5033636757827156
2203	0.10005683040961255	0.5034351123060953
2204	0.100068760227992	0.5034651238026646
2205	0.100135862820884	0.5036338985206648
2206	0.10015320453479225	0.503677506757675
2207	0.10017454433555903	0.5037311635788041
2208	0.100183890702362	0.5037546622951941
2209	0.1002232920600525	0.5038537134815395
2210	0.1002380438626995	0.5038907930710548
2211	0.10031627417886335	0.5040873843368885
2212	0.10033705830547046	0.5041396015543157
2213	0.10034876837186874	0.5041690190799654
2214	0.10036046298894104	0.5041983960815078
2215	0.10037971516144567	0.5042467540141714
2216	0.10039644035375594	0.5042887608710718
2217	0.1004194916499698	0.5043466505850149
2218	0.10045024137487196	0.5044238633524827
2219	0.10046698445013665	0.5044659003585372
2220	0.10047979546506072	0.5044980627360772
2221	0.10051939665973289	0.5045974695759338
2222	0.10054641270965267	0.5046652739750769
2223	0.10056693645903012	0.5047167780259043
2224	0.10060262935612856	0.5048063363166335
2225	0.10062828161086812	0.5048706914703777
2226	0.10064955076757569	0.5049240442968754
2227	0.1006903327403729	0.5050263284750863
2228	0.10073413022412285	0.5051361527107485
2229	0.1007451374256826	0.5051637500283368
2230	0.10074762427825382	0.5051699848702865
2231	0.10077166284139662	0.5052302485061972
2232	0.10078594070648113	0.505266039092677
2233	0.1008323158974825	0.5053822711488212
2234	0.10085135183439496	0.505429973965781
2235	0.10089719453092302	0.5055448343024875
2236	0.10090821854650377	0.5055724514326484
2237	0.1009189568360729	0.5055993513176842
2238	0.10095059102726187	0.5056785880332106
2239	0.10095361767695371	0.5056861684765517
2240	0.10097698937832446	0.5057447006145307
2241	0.10100519604398524	0.5058153324272505
2242	0.10103046212024953	0.5058785923888649
2243	0.10103737198618744	0.5058958915945417
2244	0.10108275943248728	0.5060095067059672
2245	0.10108715597201728	0.5060205108901692
2246	0.10109745820962761	0.506046295623511
2247	0.10113413051875704	0.5061380694617895
2248	0.10117074080483414	0.5062296714896408
2249	0.10119141785185025	0.506281399883973
2250	0.10122685658823524	0.5063700457535372
2251	0.10124361420148352	0.5064119575668483
2252	0.10126220028987251	0.5064584384513452
2253	0.10129215145887888	0.5065333326405885
2254	0.10131985093251517	0.5066025865137117
2255	0.10133798547245616	0.5066479211332949
2256	0.10135420795020016	0.5066884723425918
2257	0.10136428443151967	0.5067136588155429
2258	0.10138914981610937	0.50677580524845
2259	0.1014252974398642	0.5068661359628043
2260	0.10142891607591467	0.5068751778278971
2261	0.10144958373461227	0.5069268168968172
2262	0.10147884939203755	0.5069999294530769
2263	0.1015037866955903	0.5070622204357834
2264	0.10153589338107781	0.5071424085774191
2265	0.10155364356763495	0.5071867351632112
2266	0.10158357543429447	0.5072614736302253
2267	0.10160895475520809	0.5073248359782963
2268	0.10163094370391576	0.5073797274804909
2269	0.10166474633344368	0.5074640981577482
2270	0.1016740691351215	0.5074873652137424
2271	0.10172639595312286	0.5076179382469018
2272	0.10174125217922124	0.5076550034131124
2273	0.10174586016172434	0.5076664994328527
2274	0.10176497871197432	0.5077141937152679
2275	0.10177557366719428	0.507740622596855
2276	0.1018001241897902	0.5078018580463003
2277	0.10182999536568356	0.5078763546452607
2278	0.10184330858818348	0.5079095533599609
2279	0.10187288044850946	0.507983287905822
2280	0.10191638656314926	0.508091746702721
2281	0.10193035057792874	0.5081265534589592
2282	0.10195364410404639	0.5081846096853356
2283	0.10198998367520297	0.5082751683194201
2284	0.10201718857495552	0.5083429526867208
2285	0.10202872863265118	0.5083717034354778
2286	0.10204088310159615	0.5084019831623409
2287	0.10204707488875596	0.5084174077109318
2288	0.10211351493616248	0.508582889084635
2289	0.1021385804946304	0.5086453055627386
2290	0.10215021752774608	0.5086742806750268
2291	0.10217053644462772	0.5087248689006595
2292	0.10221550402463724	0.5088368072858281
2293	0.10222147337095436	0.5088516650063167
2294	0.1022422420087228	0.5089033548265843
2295	0.1022611354953879	0.5089503731353087
2296	0.10228333912250648	0.5090056235044064
2297	0.10230596317430922	0.5090619138688489
2298	0.10232374447642212	0.5091061507350411
2299	0.1023378948509929	0.5091413517224614
2300	0.10236074641341272	0.5091981929638071
2301	0.10237542599287369	0.5092347037730032
2302	0.10238648091221407	0.5092621976591272
2303	0.10241989498980837	0.5093452903600243
2304	0.10243772610415293	0.5093896264670388
2305	0.10244407231683741	0.5094054050525533
2306	0.10246125744288351	0.5094481299696484
2307	0.10253040348134072	0.5096200016592254
2308	0.10254886733190492	0.5096658862146936
2309	0.10256417523062783	0.5097039247754175
2310	0.10261043953623962	0.5098188695866694
2311	0.10262047024926013	0.5098437877228068
2312	0.10263009153732557	0.509867687627801
2313	0.1026446560691458	0.5099038647402215
2314	0.10268855836000812	0.5100128989338623
2315	0.10269125771591879	0.5100196021990948
2316	0.10271852218776417	0.5100873026662356
2317	0.10274820999297186	0.5101610103001075
2318	0.10275374118555781	0.5101747417355403
2319	0.1027770377854879	0.5102325725411302
2320	0.10280622773694391	0.5103050235817446
2321	0.10282402632945199	0.5103491956046199
2322	0.10283534222738354	0.5103772770790276
2323	0.1028694734458113	0.5104619675792593
2324	0.10288745771100194	0.510506586657612
2325	0.10291530441080067	0.5105756668070206
2326	0.10294928280460801	0.5106599453769937
2327	0.10295096722220214	0.5106641229732565
2328	0.10297625197093352	0.5107268286557957
2329	0.1029999368482299	0.5107855597057139
2330	0.10302241116431736	0.5108412827009848
2331	0.10306975822135725	0.5109586554782691
2332	0.10307685988258038	0.5109762580846497
2333	0.10309463487108025	0.5110203135865119
2334	0.1031459122310007	0.5111473838024917
2335	0.10316560789441422	0.5111961831492787
2336	0.10318699995396963	0.5112491803282204
2337	0.10321646873510738	0.5113221779670205
2338	0.10324672774926742	0.5113971222633419
2339	0.103266488491927	0.5114460589398875
2340	0.10328822930786834	0.5114998937783614
2341	0.10330824630304586	0.5115494550641231
2342	0.10333678254949295	0.5116201013770808
2343	0.103341316858656	0.511631325929505
2344	0.1033800590374895	0.5117272210444005
2345	0.10342628857900676	0.5118416254609519
2346	0.10344015867302372	0.5118759448470862
2347	0.1034578957675827	0.5119198291710237
2348	0.10348061150955788	0.5119760259476179
2349	0.10349533565056267	0.5120124489013884
2350	0.1035456315503557	0.5121368458063973
2351	0.1035550701796351	0.5121601870116396
2352	0.10357745884118158	0.5122155486726448
2353	0.1035918277550142	0.5122510763150827
2354	0.10361226300498622	0.5123015989423205
2355	0.10361692028882842	0.5123131125753553
2356	0.10364747896210895	0.5123886526264593
2357	0.10366979310113197	0.5124438054214552
2358	0.10369206171995408	0.5124988397891943
2359	0.10370865455861757	0.5125398432674468
2360	0.10372483284034494	0.5125798191530574
2361	0.10374507774381786	0.5126298391067027
2362	0.103761066225387	0.5126693390866168
2363	0.10382872255615337	0.5128364522217794
2364	0.10384476353356427	0.5128760659242024
2365	0.10388592260309996	0.5129776955570262
2366	0.10389709360168532	0.5130052754202293
2367	0.10390963669668957	0.5130362410588607
2368	0.10391419558582247	0.5130474953070967
2369	0.10393985163353842	0.5131108262051796
2370	0.10394914815368181	0.5131337723533574
2371	0.10397941172400922	0.5132084633448519
2372	0.10400664324088706	0.5132756618882965
2373	0.10404739047345121	0.513376196402544
2374	0.10407184308126838	0.5134365181908511
2375	0.10408728096560876	0.5134745980375419
2376	0.10409029927459876	0.5134820428172776
2377	0.10410970115116178	0.5135298957444228
2378	0.10412480863412325	0.5135671538607962
2379	0.10415133322729381	0.5136325623479238
2380	0.1041845919877096	0.5137145652289976
2381	0.10420151111516242	0.5137562760482112
2382	0.10421535510423487	0.5137904031926994
2383	0.10425509200447472	0.5138883469754065
2384	0.10426742772774558	0.5139187483534716
2385	0.10430409069255414	0.5140090935810251
2386	0.10431494204486194	0.5140358305415054
2387	0.10432754946655837	0.5140668925857123
2388	0.10434423832828345	0.5141080075561316
2389	0.10435704599477812	0.5141395585165278
2390	0.10438108631702263	0.514198775260322
2391	0.104406997627381	0.5142625930350356
2392	0.10445461678208687	0.5143798550907018
2393	0.10446789288729848	0.5144125427033229
2394	0.10447651862961121	0.5144337793642917
2395	0.10449519607879622	0.5144797604206759
2396	0.10449745841711122	0.5144853296765759
2397	0.10454151952515582	0.5145937840111803
2398	0.10454758891216036	0.5146087217292695
2399	0.10455152211458277	0.5146184017288536
2400	0.10457717070105176	0.5146815209685277
2401	0.10461011331689349	0.5147625789111324
2402	0.10462510511732992	0.5147994632100753
2403	0.1046599993791545	0.5148853032658555
2404	0.10467978311937491	0.5149339650077371
2405	0.10471234250848568	0.515014040793746
2406	0.10473188879732612	0.5150621064908072
2407	0.1047354445891093	0.5150708499503317
2408	0.10475849412518312	0.5151275236536217
2409	0.10479345723662975	0.5152134782994646
2410	0.10482520368482377	0.5152915125578406
2411	0.10482617310330992	0.5152938952480026
2412	0.10486522697411334	0.5153898748426129
2413	0.10488939051467328	0.5154492507061857
2414	0.10490002515843226	0.5154753805187107
2415	0.10491429225894014	0.5155104333655014
2416	0.10493586415409038	0.5155634288401929
2417	0.10496817956091853	0.5156428076093255
2418	0.1050074459262234	0.5157392440996833
2419	0.10501926526928161	0.5157682683630667
2420	0.10503235605558263	0.5158004129499302
2421	0.10504820068160775	0.5158393169446405
2422	0.10506925727884688	0.5158910135773112
2423	0.10509218648583211	0.5159473018144767
2424	0.10511543210039972	0.5160043605234563
2425	0.10513911941293551	0.5160624969350395
2426	0.10516512309604654	0.5161263109372037
2427	0.10517620501205398	0.5161535039722478
2428	0.10519903512387654	0.5162095204581789
2429	0.10521659689319676	0.5162526062820776
2430	0.10525077620839256	0.516336451076099
2431	0.10525991212812288	0.5163588599655159
2432	0.10528348664464578	0.516416679836017
2433	0.10529657349325448	0.5164487744081171
2434	0.10531024524006115	0.5164823012716709
2435	0.1053418608354671	0.5165598230269277
2436	0.10536304182249148	0.5166117525110419
2437	0.1053908573999969	0.5166799401113498
2438	0.10542044822084891	0.5167524696973743
2439	0.10543628290523849	0.5167912776571151
2440	0.10545796626507407	0.5168444149399213
2441	0.10546995478656791	0.5168737916883549
2442	0.10550603419486959	0.5169621908255811
2443	0.10555545205809724	0.5170832463473463
2444	0.10557826031749065	0.5171391086053098
2445	0.10560656809255276	0.517208431950803
2446	0.10562085474639968	0.5172434152292056
2447	0.10564990739428146	0.5173145482342257
2448	0.10565892912754275	0.5173366352116409
2449	0.10568900719253678	0.5174102654188457
2450	0.10569410096554566	0.517422733785989
2451	0.10570867565362237	0.5174584075602193
2452	0.10571994014050926	0.5174859774268096
2453	0.10573705315704886	0.5175278587773633
2454	0.10575361213106513	0.5175683809719038
2455	0.10578443817416638	0.5176438082902716
2456	0.10580362362333064	0.5176907470408594
2457	0.1058076121259766	0.5177005047003073
2458	0.1058562989229919	0.5178195995368745
2459	0.10586246252559094	0.5178346746330389
2460	0.10589603299855477	0.5179167744471479
2461	0.10592177241156087	0.517979713838835
2462	0.10593469958484743	0.5180113211707215
2463	0.10595685386187141	0.5180654845676615
2464	0.10596241553568986	0.5180790810143647
2465	0.10599784908605356	0.5181656959084683
2466	0.10601425272175503	0.518205788573376
2467	0.10601832953549853	0.5182157523665288
2468	0.10604436640582386	0.5182793823449114
2469	0.10606868611806407	0.5183388088061656
2470	0.10609501181508822	0.5184031293155792
2471	0.10611517732551808	0.518452393493212
2472	0.10613384588041493	0.5184979964482338
2473	0.1061504299728878	0.5185385041805689
2474	0.10617079277785528	0.5185882373380439
2475	0.10618239478918512	0.5186165714122561
2476	0.10620327028185618	0.5186675489984752
2477	0.10623241998563915	0.518738723681165
2478	0.10626842494627575	0.5188266233310633
2479	0.10627930112443312	0.5188531726396522
2480	0.10630264753067104	0.5189101578270546
2481	0.10633744375742682	0.5189950787513874
2482	0.10633960242759113	0.5190003465736456
2483	0.10635425910904253	0.5190361119916419
2484	0.10638040819812859	0.5190999152069448
2485	0.1063945489042257	0.5191344149590278
2486	0.1064255531556081	0.5192100494800533
2487	0.10643674279407174	0.5192373437710648
2488	0.10645207733742564	0.5192747461782876
2489	0.10647777861704782	0.5193374279987517
2490	0.10650501293934767	0.519403840440808
2491	0.10653358192917162	0.5194734984205606
2492	0.10654881302066085	0.519510631620524
2493	0.10655191475147456	0.5195181932740115
2494	0.10659573900145629	0.5196250198602268
2495	0.10661816210080859	0.5196796702190143
2496	0.106658120440386	0.5197770438327741
2497	0.10665876619016935	0.5197786172966793
2498	0.10669621503477456	0.5198698587439134
2499	0.10672539076566091	0.5199409322414594
2500	0.10673247223895731	0.5199581815891853
2501	0.10675195499964027	0.5200056355568414
2502	0.10678076996362108	0.5200758119421904
2503	0.1068044786775502	0.5201335453912752
2504	0.10681177784883213	0.5201513184239289
2505	0.10684114757446117	0.5202228257605358
2506	0.10687282441428171	0.5202999392801436
2507	0.10690221568711179	0.520371478636891
2508	0.10692352868834391	0.5204233490549385
2509	0.10695767012349577	0.5205064298422345
2510	0.10698634887033667	0.5205762073140844
2511	0.10700493230219549	0.5206214171587015
2512	0.10701206300230706	0.5206387637112017
2513	0.1070290969715935	0.5206801991885222
2514	0.10705495490459933	0.5207430928360828
2515	0.10706407019472428	0.5207652619329698
2516	0.10708207793832615	0.5208090553970257
2517	0.10711069074177688	0.5208786319877127
2518	0.10712834146820559	0.520921547906932
2519	0.10715049388646115	0.5209754042224338
2520	0.10716557392344982	0.5210120631853624
2521	0.10720165991221063	0.5210997763020565
2522	0.10721698745854233	0.5211370280362769
2523	0.10723585499441626	0.5211828796278509
2524	0.10727108486041717	0.5212684839027572
2525	0.10730916752998425	0.5213610043331129
2526	0.10732314738276803	0.5213949637463182
2527	0.10734780520948228	0.521454856363199
2528	0.10736371974936902	0.5214935083251176
2529	0.10737027496499955	0.5215094282756672
2530	0.10738732652269453	0.5215508372926299
2531	0.10742031333313826	0.5216309350945749
2532	0.10745694722584935	0.5217198742447384
2533	0.10747122740068801	0.521754539306933
2534	0.1075135873123408	0.5218573542617926
2535	0.10752164171162662	0.5218769014134026
2536	0.10756037508442812	0.5219708928746467
2537	0.10756699719160696	0.5219869605668335
2538	0.10758593354254276	0.5220329044601351
2539	0.10760410283600824	0.52207698349678
2540	0.1076241937786779	0.5221257201569457
2541	0.10766211265308931	0.5222176914662947
2542	0.10767899387182496	0.5222586312422145
2543	0.10769865444304666	0.5223063073673248
2544	0.10770220933068249	0.5223149273678361
2545	0.10774582135559485	0.5224206675667944
2546	0.10776768065610938	0.5224736588154443
2547	0.10780076557918561	0.5225538529617749
2548	0.1078245650209542	0.522611532532021
2549	0.10784822375915665	0.5226688647886367
2550	0.10786620389132523	0.5227124318650669
2551	0.1079008043458726	0.5227962608909469
2552	0.10793670813747713	0.5228832333974306
2553	0.10795507488290183	0.5229277189801858
2554	0.10799239526294098	0.5230180999782337
2555	0.10802103151411788	0.523087439513199
2556	0.10803093384655696	0.5231114147842427
2557	0.10804454695495096	0.5231443726964596
2558	0.10810119253727402	0.5232814917616032
2559	0.10811994692190245	0.523326881625138
2560	0.10814316275852048	0.5233830637617597
2561	0.10814992970719646	0.5233994385876714
2562	0.1082022894270968	0.5235261225897161
2563	0.10821959466283305	0.5235679857554679
2564	0.10824328839490403	0.5236252979302249
2565	0.10828381768184268	0.5237233186670921
2566	0.10830858225964776	0.5237832031710109
2567	0.10833302928579142	0.5238423130721125
2568	0.10834161762202607	0.5238630770292644
2569	0.10835060186493266	0.5238847972863047
2570	0.10838028043087387	0.5239565416267725
2571	0.1083815206228006	0.5239595394267939
2572	0.10842165984409577	0.5240565549553556
2573	0.10843992538543845	0.5241006963822977
2574	0.10845105277054097	0.5241275855592367
2575	0.10849742294592242	0.524239623617463
2576	0.1085079578908828	0.5242650744593934
2577	0.10853137981839402	0.5243216538856653
2578	0.1085538462168884	0.5243759193418495
2579	0.10857687898766653	0.5244315469873786
2580	0.10860334845209366	0.5244954674849456
2581	0.10862766982409654	0.5245541937371689
2582	0.10864282494267274	0.5245907838792768
2583	0.10864943294220496	0.5246067372703411
2584	0.10871151517244078	0.5247565958763676
2585	0.10872600653939483	0.524791570032404
2586	0.10874340678259263	0.5248335615297505
2587	0.10875518110640786	0.5248619742548047
2588	0.10878216695211246	0.5249270882364373
2589	0.10878854400856829	0.5249424742170293
2590	0.10880275633856518	0.5249767628091256
2591	0.10881764087622883	0.5250126707651094
2592	0.10883790679085815	0.5250615569867755
2593	0.10884951534710074	0.5250895575441002
2594	0.10890497855342683	0.5252233176323635
2595	0.10892324902006845	0.5252673728849034
2596	0.10895061535928306	0.5253333539424864
2597	0.10897384603703844	0.5253893572948131
2598	0.10900714330470462	0.5254696182682551
2599	0.10902333763549472	0.5255086492552702
2600	0.10907470763714708	0.5256324401865069
2601	0.10908807187565225	0.5256646404201342
2602	0.10912668946754621	0.525757675827054
2603	0.1091413579420219	0.5257930100058207
2604	0.10915686484883368	0.5258303612618948
2605	0.10918581901506298	0.5259000956309888
2606	0.10920863573436465	0.525955041814284
2607	0.10924211290971894	0.5260356496338361
2608	0.10925856933962733	0.5260752696236799
2609	0.10926328171044056	0.5260866144318306
2610	0.10927557188852177	0.5261162012988342
2611	0.10929821581793578	0.526170709002695
2612	0.10933986013300845	0.5262709390559331
2613	0.10935247955468406	0.5263013078677946
2614	0.10938672058922003	0.5263837005617567
2615	0.10941581823011906	0.5264537067991277
2616	0.1094305534170934	0.5264891547479308
2617	0.10946867011732014	0.5265808397547443
2618	0.10948129907468818	0.5266112136287455
2619	0.10949997201109565	0.526656120651824
2620	0.10953298862181024	0.5267355137751717
2621	0.10953920932219502	0.5267504709918647
2622	0.10957101620753189	0.5268269416724404
2623	0.10960041816811562	0.526897620518594
2624	0.10961628581298313	0.5269357605269925
2625	0.10964327929778447	0.5270006366390378
2626	0.10967186824869546	0.5270693385851724
2627	0.10969893396981974	0.5271343718153332
2628	0.10972290043845875	0.5271919514971968
2629	0.10976030771613056	0.527281810291915
2630	0.10976707615095714	0.5272980676149173
2631	0.10981080193544555	0.5274030819178681
2632	0.10983116629063343	0.5274519829622191
2633	0.10983709941988572	0.5274662293670997
2634	0.1098723745270898	0.5275509226730178
2635	0.10987532619014456	0.5275580088132636
2636	0.1098834151674626	0.5275774277600688
2637	0.10994062512996045	0.5277147494716167
2638	0.1099551005913827	0.5277494894190146
2639	0.10997647437802531	0.527800780613375
2640	0.1099976096151805	0.527851494453918
2641	0.11003195278121247	0.5279338902297088
2642	0.1100439293536547	0.52796262127681
2643	0.11007030141230155	0.5280258806824085
2644	0.11008290985443046	0.5280561222327167
2645	0.11009083763542282	0.5280751362555388
2646	0.11013395431293971	0.528178535489054
2647	0.11015265865420983	0.5282233845649933
2648	0.1101654598868822	0.5282540770334566
2649	0.11017815464244336	0.5282845124494641
2650	0.11021779412867623	0.5283795360208463
2651	0.1102451492108573	0.5284451015178959
2652	0.11025749274097789	0.5284746842047627
2653	0.11028897269765162	0.528550122038706
2654	0.11030940109578463	0.5285990704154877
2655	0.1103217805080748	0.5286287304543515
2656	0.1103589742343338	0.5287178335095458
2657	0.11037053423698852	0.5287455241416564
2658	0.11038672474928102	0.5287843041794835
2659	0.11040766660123356	0.5288344605614183
2660	0.1104412011722723	0.5289147669881038
2661	0.11045866556514534	0.528956584761011
2662	0.11049190680290308	0.5290361704089291
2663	0.1105301309722128	0.5291276713166059
2664	0.1105670090266886	0.5292159349039052
2665	0.1105784827389096	0.5292433929760479
2666	0.1106044291591309	0.52930548085111
2667	0.11063285820345996	0.5293735011025587
2668	0.11066093405448686	0.5294406677155151
2669	0.11068422854350227	0.5294963892804705
2670	0.11071855855465842	0.529578497670747
2671	0.11073992737780426	0.5296295998682274
2672	0.11074638473296573	0.5296450412571502
2673	0.11077572723775099	0.5297152019351633
2674	0.11078387551112766	0.5297346835716886
2675	0.11079743477086518	0.529767100700824
2676	0.11080094800634477	0.5297754997302067
2677	0.11083875753008672	0.5298658818577447
2678	0.11085285119524936	0.5298995682464757
2679	0.11089987967643072	0.5300119592634654
2680	0.11092184781509798	0.5300644516543448
2681	0.11096411923789493	0.530165443680045
2682	0.11098119854947028	0.5302062429603119
2683	0.11101807010122514	0.5302943114967243
2684	0.1110344596709302	0.530333453659909
2685	0.11106769858901872	0.5304128271770668
2686	0.1110920795082108	0.5304710405137693
2687	0.11112355606070856	0.5305461863614608
2688	0.11115256868701236	0.5306154405062645
2689	0.11116123596392018	0.5306361278433142
2690	0.11118283367880624	0.5306876744597246
2691	0.1112021633958785	0.5307338038685857
2692	0.11124929688961041	0.530846268804079
2693	0.1112598022906231	0.5308713324289162
2694	0.11129940154700792	0.5309657970934608
2695	0.11131667959700775	0.531007008894454
2696	0.11133337558699237	0.531046829320854
2697	0.11134463331722483	0.5310736776526861
2698	0.1113543585125944	0.5310968699806162
2699	0.11138483066564014	0.5311695324174782
2700	0.11143301418404762	0.5312844082471949
2701	0.11145601419528522	0.5313392345344466
2702	0.11148072919657115	0.5313981426249753
2703	0.11149772136483851	0.5314386395909936
2704	0.11150287252308744	0.5314509155948489
2705	0.11151800803138807	0.5314869842028286
2706	0.11158061788290179	0.5316361603424362
2707	0.11160128596686028	0.5316853955601225
2708	0.11162499673216408	0.5317418733954341
2709	0.11163493116908217	0.5317655349350676
2710	0.1116560865391015	0.53181591864391
2711	0.1116728143003407	0.5318557541639383
2712	0.11170907377771924	0.5319420923056187
2713	0.11172421921041684	0.5319781512390195
2714	0.11173124552185613	0.5319948789701674
2715	0.11176621426152464	0.5320781221802452
2716	0.11178938170380806	0.5321332651880817
2717	0.11179626408600954	0.5321496454922324
2718	0.1118284273660518	0.5322261885116414
2719	0.11184436710490614	0.5322641182419072
2720	0.11187481718071902	0.5323365688274155
2721	0.11189400506478869	0.5323822179497554
2722	0.11189833067659341	0.5323925082979711
2723	0.11191531592398049	0.5324329131694088
2724	0.11196481202513509	0.5325506380758294
2725	0.1119912383472479	0.5326134815895021
2726	0.1120095060031103	0.5326569189297794
2727	0.1120296172004364	0.5327047357980983
2728	0.11206087640961473	0.532779049929322
2729	0.1120660078876051	0.5327912482663271
2730	0.11210006949731444	0.5328722110361297
2731	0.1121092434025337	0.5328940148546685
2732	0.11215127383153004	0.5329938980779582
2733	0.11218139631267789	0.5330654711425857
2734	0.11218562014253096	0.5330755064814703
2735	0.11221372689527451	0.5331422801156448
2736	0.11222924010170819	0.5331791314913507
2737	0.1122534275661884	0.5332365833484731
2738	0.112289988073759	0.5333234128263314
2739	0.11233188984990598	0.5334229101825871
2740	0.1123390352172363	0.533439875276074
2741	0.11235605237010676	0.5334802765673206
2742	0.11237288239761258	0.5335202305855421
2743	0.11239602526709638	0.5335751662299275
2744	0.1123966012173392	0.5335765333261043
2745	0.11244042395618292	0.5336805422821729
2746	0.11245627882656825	0.5337181672628882
2747	0.1124899882179426	0.5337981537550814
2748	0.11250612554402446	0.5338364405666156
2749	0.11253583301752323	0.5339069162188365
2750	0.112548761298478	0.5339375833414791
2751	0.11258205937488093	0.5340165614636142
2752	0.11259534720922043	0.5340480749848432
2753	0.11261253095803136	0.5340888253270754
2754	0.11265380972403015	0.534186703012204
2755	0.11266400784535595	0.5342108814112166
2756	0.1126815592329337	0.5342524908713696
2757	0.11269307589065428	0.5342797919040821
2758	0.11271342592767424	0.5343280296625265
2759	0.11274474760916622	0.5344022661152609
2760	0.11275545838318177	0.5344276496745467
2761	0.1127732250547085	0.534469752410169
2762	0.11280162203090216	0.5345370395233687
2763	0.11282010041559161	0.5345808198183292
2764	0.11284532956706488	0.5346405887181575
2765	0.11287248354895232	0.5347049101556463
2766	0.11287693445178663	0.5347154525662672
2767	0.11290781106862274	0.5347885812143829
2768	0.1129275382950312	0.5348352982419466
2769	0.11295033697300841	0.5348892838443533
2770	0.11296470810287701	0.5349233108294608
2771	0.11300339321250606	0.5350148960507638
2772	0.11302133166238629	0.5350573591873955
2773	0.11303046350543307	0.5350789744040182
2774	0.11305929349722647	0.5351472097204693
2775	0.11310423680753817	0.5352535649639177
2776	0.11312636008555985	0.5353059104142998
2777	0.11315112486051689	0.5353644997870947
2778	0.1131759699815483	0.5354232728029982
2779	0.11318889256575924	0.5354538396045773
2780	0.11320013255249826	0.5354804250075882
2781	0.11323598448471545	0.5355652150499894
2782	0.11325243216344971	0.5356041094208426
2783	0.11327355490119778	0.535654054916298
2784	0.11330120614071984	0.5357194302582607
2785	0.11332187036937287	0.5357682811243197
2786	0.11335836399726067	0.5358545422950756
2787	0.11337126152294341	0.5358850252735954
2788	0.1133812815619193	0.5359087061876494
2789	0.1133945476971024	0.5359400571712378
2790	0.11340153848680114	0.5359565773063034
2791	0.11344324824923005	0.5360551322582339
2792	0.11346378851921399	0.536103659689139
2793	0.11349827563988248	0.5361851273853855
2794	0.11351775938162487	0.5362311476627193
2795	0.1135826374169239	0.5363843600506599
2796	0.11358853266334966	0.5363982797703627
2797	0.1136093596910088	0.5364474531750308
2798	0.11363901536130476	0.5365174635633078
2799	0.11367483748239594	0.5366020193785846
2800	0.11368966295980107	0.5366370100674726
2801	0.11370482901796851	0.5366728022252365
2802	0.11374370561883937	0.5367645407706507
2803	0.1137675732382502	0.5368208543033552
2804	0.11377821207804163	0.5368459537995975
2805	0.11379297176233935	0.5368807733827813
2806	0.11381653458115097	0.5369363557679929
2807	0.11384319546540737	0.5369992392491644
2808	0.11388357698250388	0.5370944707702303
2809	0.11390007885519164	0.5371333821908617
2810	0.11391690420484865	0.5371730534682191
2811	0.1139560892494456	0.5372654337009737
2812	0.11398632788273919	0.5373367115718483
2813	0.11399716037647177	0.5373622433982749
2814	0.11401049901234142	0.5373936804516783
2815	0.11404140944442076	0.537466524379479
2816	0.11406377204859504	0.5375192182300864
2817	0.11409337152433027	0.5375889566524096
2818	0.11411299057696955	0.5376351755191686
2819	0.1141218767677952	0.5376561084372131
2820	0.11418119065483039	0.5377958114107259
2821	0.11420771217856135	0.5378582662517651
2822	0.11422464882272433	0.5378981461170949
2823	0.11427910142819107	0.5380263429026618
2824	0.11430422887256526	0.5380854896922813
2825	0.11432300525937414	0.5381296826609722
2826	0.11434159168533546	0.538173424954974
2827	0.11437258065239285	0.5382463481514267
2828	0.11439580383872217	0.5383009904472942
2829	0.11444528044817777	0.5384173864506955
2830	0.11445963380148141	0.5384511486672298
2831	0.11447035522477943	0.5384763664113223
2832	0.11451732938620546	0.5385868399102313
2833	0.11453189029062305	0.5386210795413268
2834	0.11456399797537718	0.5386965723316558
2835	0.11459876884175346	0.5387783149639035
2836	0.11461621133166015	0.5388193157436302
2837	0.11462474151898824	0.5388393658924343
2838	0.11464715933624489	0.5388920552669693
2839	0.11468747579628329	0.5389867994823042
2840	0.1146927089993359	0.5389990963576566
2841	0.11470967253188347	0.5390389549970366
2842	0.11472772312299163	0.5390813646247902
2843	0.11477505809868316	0.5391925616882026
2844	0.11479816054985696	0.5392468245361818
2845	0.11482314338094819	0.5393054978607208
2846	0.1148469164278294	0.5393613240250367
2847	0.11487850589983901	0.539435496534511
2848	0.11488446377905387	0.5394494845727362
2849	0.11493333413010204	0.5395642097574338
2850	0.11494915919787428	0.5396013545351099
2851	0.11497675086404757	0.5396661118905217
2852	0.11500249479879324	0.5397265256327104
2853	0.11501193182375936	0.5397486699706223
2854	0.11501875240979507	0.5397646741695111
2855	0.11503907977972821	0.5398123686160641
2856	0.11509980312969674	0.5399548197333522
2857	0.11511472226583444	0.5399898128359459
2858	0.1151304614214406	0.5400267268510905
2859	0.11515199218734688	0.540077220201593
2860	0.11518287302548504	0.540149632840297
2861	0.11521550038275226	0.5402261303555873
2862	0.11522606175417163	0.5402508900365726
2863	0.11524098287195794	0.5402858686086526
2864	0.11525478684420933	0.5403182263152013
2865	0.1152939517219102	0.5404100216341162
2866	0.11532916155055795	0.5404925337324075
2867	0.11534469971979179	0.540528942484074
2868	0.11534994042146278	0.540541221846555
2869	0.1153942697768571	0.54064507773989
2870	0.11541635877358494	0.5406968209327104
2871	0.11544627220510474	0.5407668848718229
2872	0.11546696203953559	0.5408153397758249
2873	0.11548298252319338	0.5408528562335816
2874	0.11550823549243724	0.5409119878634621
2875	0.11551713258381639	0.5409328194980849
2876	0.11554364514855302	0.5409948912154195
2877	0.11557036482678579	0.5410574406260709
2878	0.11558869141023419	0.5411003380474161
2879	0.11560382975367474	0.5411357701232989
2880	0.11564282087834464	0.5412270201861206
2881	0.11565498236481687	0.5412554782952903
2882	0.11567164421912086	0.5412944649215176
2883	0.11570490923938045	0.5413722924525837
2884	0.11572441462911878	0.5414179224635763
2885	0.11579114046571773	0.5415739887433912
2886	0.11580057893955421	0.5415960609319065
2887	0.11581304707959836	0.5416252167178385
2888	0.11583277422307181	0.541671343918827
2889	0.11585240019534625	0.541717230657628
2890	0.11589330473635616	0.5418128555176523
2891	0.11593966892299262	0.5419212232981363
2892	0.11596666866202734	0.541984320251885
2893	0.11599356021303558	0.542047157075263
2894	0.11603630026970997	0.5421470117243956
2895	0.11605576257672344	0.5421924758988124
2896	0.1160732073958095	0.54223322395834
2897	0.1161084309756448	0.5423154907747997
2898	0.11611828031866614	0.5423384922828602
2899	0.11617856537487964	0.5424792567859035
2900	0.11622397489165792	0.5425852630626278
2901	0.11624008442799155	0.54262286500385
2902	0.11626843241487901	0.5426890268972131
2903	0.11628757462726423	0.5427336987004501
2904	0.11630619846153575	0.5427771572463197
2905	0.11633769473702048	0.5428506455980636
2906	0.11635102064449901	0.5428817351359474
2907	0.11638509696671953	0.5429612275998958
2908	0.1163883030548567	0.5429687060898737
2909	0.11640426335285785	0.5430059333930383
2910	0.11646704144115048	0.5431523381662045
2911	0.11647999799976644	0.5431825492427005
2912	0.11649759079121205	0.5432235680298999
2913	0.1165179283155959	0.5432709824886897
2914	0.11653996661335075	0.5433223574219959
2915	0.11656777955837466	0.5433871870842921
2916	0.11659704840977092	0.5434554019918176
2917	0.11660967591732058	0.5434848294151216
2918	0.11664427261496976	0.5435654461638564
2919	0.11669638986980778	0.5436868665068776
2920	0.1167024424869216	0.5437009658537728
2921	0.11672011545438586	0.543742132283208
2922	0.11673240869627032	0.5437707656405995
2923	0.11677305603155429	0.5438654304774952
2924	0.11679701052182885	0.5439212111153567
2925	0.11681337320808126	0.5439593101231721
2926	0.11682089671921177	0.5439768270303489
2927	0.11685566499403742	0.5440577702919057
2928	0.11688077484183626	0.5441162204920226
2929	0.11688325598734267	0.5441219957119111
2930	0.1169020617421095	0.544165766794307
2931	0.11692013934575879	0.5442078397596188
2932	0.11693889197086128	0.5442514803012869
2933	0.11696802906962576	0.5443192803341946
2934	0.11699594659271385	0.5443842345766923
2935	0.1170312675999771	0.5444664030151594
2936	0.11705156109942629	0.5445136068519267
2937	0.11706375404497929	0.5445419663706308
2938	0.11708276606777471	0.5445861834045521
2939	0.11713868988225179	0.5447162268852478
2940	0.11715639607253062	0.5447573938332892
2941	0.11718533051580497	0.5448246598099956
2942	0.11718849397175184	0.5448320136194308
2943	0.11722853493070241	0.5449250847580013
2944	0.11723340826007025	0.5449364112316362
2945	0.11725820037986458	0.5449940288288493
2946	0.11729469824068682	0.5450788398209985
2947	0.11730686330687046	0.545107105157543
2948	0.11732127756147434	0.5451405945503361
2949	0.11734516963080455	0.5451960997157994
2950	0.1173552754073648	0.5452195753789445
2951	0.11741395008167999	0.5453558563568691
2952	0.11742316738017601	0.5453772618587817
2953	0.11744527067733787	0.5454285893298704
2954	0.11745933872623025	0.5454612551249791
2955	0.11747397315548502	0.5454952339708212
2956	0.1174995473364015	0.5455546081208845
2957	0.11753095249235848	0.5456275108820212
2958	0.11754324955591461	0.5456560541744147
2959	0.11757316231212984	0.5457254798466544
2960	0.11761739295173934	0.5458281202657685
2961	0.1176493391700817	0.5459022417881007
2962	0.11767359913546177	0.5459585229662423
2963	0.11770579895047117	0.5460332150004745
2964	0.11771285768564062	0.5460495873717152
2965	0.117726767231083	0.5460818484064784
2966	0.11775013995530376	0.5461360535261626
2967	0.11778164669511944	0.5462091142277196
2968	0.11781521203049751	0.5462869378387203
2969	0.11784142844916208	0.546347714754512
2970	0.11786632567373234	0.5464054271546643
2971	0.11788469775772066	0.5464480102045198
2972	0.11793539329845261	0.5465654957654501
2973	0.11798522264949107	0.5466809493498557
2974	0.11800746972456201	0.5467324874941566
2975	0.11802875732783134	0.5467817983533932
2976	0.11803046098138312	0.5467857445247012
2977	0.11803438540865445	0.5467948345639719
2978	0.11807242690909961	0.5468829411786316
2979	0.11809436098368539	0.5469337354855596
2980	0.11813930375218439	0.5470377979397214
2981	0.1181731308836189	0.5471161097058588
2982	0.11818758804002173	0.5471495754404428
2983	0.11820296511045168	0.5471851683654202
2984	0.11822774642201378	0.5472425241833888
2985	0.11824337207119931	0.5472786863257029
2986	0.11826829411323769	0.547336357988725
2987	0.11829404585411975	0.5473959432605066
2988	0.11831798343465577	0.5474513250490101
2989	0.11836344476002594	0.5475564885748027
2990	0.11838396003127155	0.5476039389645765
2991	0.11839879407808657	0.5476382465177814
2992	0.11842680383715844	0.5477030204386882
2993	0.11843097177198518	0.5477126583345647
2994	0.11846248919787364	0.5477855334639211
2995	0.11849017828607385	0.5478495486464668
2996	0.11851780061472272	0.5479134020335724
2997	0.11853794998659373	0.5479599758040831
2998	0.11857381948727946	0.5480428756857406
2999	0.11858920772040411	0.5480784363937049
3000	0.11865270540703315	0.5482251489662063
3001	0.11866208669418649	0.5482468212739486
3002	0.11868596503398118	0.548301980279385
3003	0.11869927140362427	0.5483327156082904
3004	0.11872904648717379	0.5484014844747374
3005	0.11877413732966575	0.5485056103746369
3006	0.11877997521894039	0.5485190900586232
3007	0.11881131539052518	0.5485914488403739
3008	0.11882845202246804	0.5486310101849857
3009	0.11887332096597648	0.5487345803740307
3010	0.11889767566989644	0.5487907897222727
3011	0.11891863162201652	0.5488391503262526
3012	0.118965817757055	0.548948027419012
3013	0.11899355516137058	0.549012018514312
3014	0.11902737133251609	0.5490900234345518
3015	0.1190600827592292	0.5491654694599938
3016	0.11906787523509232	0.5491834405908204
3017	0.11907530005703273	0.5492005632852728
3018	0.11911374378703378	0.5492892114529266
3019	0.11914888759253987	0.549370237743089
3020	0.11916420060849782	0.5494055391425002
3021	0.11918784194352304	0.5494600355273103
3022	0.11920715023849703	0.5495045396757081
3023	0.11923463465581283	0.5495678829467656
3024	0.1192715754845878	0.5496530088874503
3025	0.11929395618485826	0.5497045762544648
3026	0.11931469683792335	0.5497523604706674
3027	0.11935179747653336	0.5498378259619371
3028	0.11935782077929326	0.5498517000634638
3029	0.11939376354510549	0.5499344835088084
3030	0.11940998545836788	0.5499718417686774
3031	0.11945213370041287	0.5500688952147531
3032	0.11946824624237141	0.550105992539948
3033	0.1194848365128685	0.5501441871677539
3034	0.11952159985078534	0.5502288154007479
3035	0.11955320805859779	0.5503015662553099
3036	0.11958970907751072	0.550385566656766
3037	0.11959718585027657	0.5504027714962538
3038	0.11961636467277134	0.5504469015224586
3039	0.11962690776584176	0.5504711594283692
3040	0.11965900368588353	0.5505450002294628
3041	0.11968422677329302	0.5506030222442185
3042	0.11969747502683997	0.5506334954602229
3043	0.11973100527022813	0.5507106131367636
3044	0.11975349154766964	0.5507623242630545
3045	0.1197840557328517	0.5508326041667845
3046	0.11980664746893413	0.5508845462973084
3047	0.11982686410404154	0.5509310235266914
3048	0.11984668799249826	0.5509765940403057
3049	0.11989269569220178	0.5510823405309425
3050	0.11991177374431515	0.5511261845672198
3051	0.1199647436074574	0.5512478984508161
3052	0.11999956577713762	0.5513278980177737
3053	0.12002195737934059	0.5513793337836372
3054	0.12004506744259828	0.5514324148957792
3055	0.1200568978688022	0.551459586023718
3056	0.12009413545902331	0.5515451014517425
3057	0.12010523432434364	0.5515705872231641
3058	0.12011053191391428	0.551582751398967
3059	0.12012829620781432	0.5516235393118962
3060	0.12013864507162057	0.5516472995503986
3061	0.12016714568875986	0.5517127296046824
3062	0.12019229037586178	0.5517704488683302
3063	0.12020841841774278	0.5518074673758077
3064	0.12028511719747251	0.5519834792187387
3065	0.1203073217296436	0.5520344247123435
3066	0.12036648260086698	0.5521701389109895
3067	0.12037912267171286	0.5521991307295568
3068	0.12039818986589686	0.5522428611992929
3069	0.12041170790998273	0.5522738626363518
3070	0.12044199435181717	0.5523433133520104
3071	0.12045890734365837	0.5523820932230687
3072	0.1204892096271727	0.5524515666502756
3073	0.12051199735442858	0.5525038058527886
3074	0.12053125154948924	0.55254794084104
3075	0.12057250893372927	0.5526425002683374
3076	0.12059085662882284	0.552684546877742
3077	0.12061667190929354	0.5527437012095311
3078	0.12067085240425454	0.5528678323287161
3079	0.12070748632898873	0.5529517472974235
3080	0.12075085163257063	0.5530510649447389
3081	0.12077637836659207	0.5531095193622791
3082	0.12079182805351517	0.553144895053126
3083	0.12079987897995526	0.5531633286455719
3084	0.1208552047904536	0.5532899873244039
3085	0.12086467712785161	0.5533116696622014
3086	0.12090208422656697	0.5533972868314114
3087	0.12090583807172009	0.553405877880985
3088	0.12093013506779539	0.5534614807583972
3089	0.12097062578453698	0.5535541300243209
3090	0.12099915666577207	0.5536194039531447
3091	0.12101511211237605	0.5536559040160555
3092	0.12102785995461642	0.5536850645569769
3093	0.12106712860290968	0.5537748814831038
3094	0.12110555422008469	0.5538627560930762
3095	0.12112604618349765	0.5539096129665383
3096	0.12113763731720568	0.5539361154694887
3097	0.12117642660898564	0.5540247958759207
3098	0.12119850162560064	0.5540752576281346
3099	0.12122573373125817	0.5541375017494891
3100	0.12124011283551117	0.5541703650879785
3101	0.12126239055826085	0.5542212768134305
3102	0.1212719088843189	0.5542430278084515
3103	0.12128517250943595	0.5542733360258255
3104	0.12133654033757539	0.5543906991084431
3105	0.12137048301668904	0.5544682363026512
3106	0.12137889981559911	0.5544874615978987
3107	0.12139802758424056	0.5545311499575815
3108	0.12141410593811892	0.5545678707060491
3109	0.12146166282381562	0.5546764698616763
3110	0.1214804200800427	0.5547192973958069
3111	0.12152354915918137	0.554817759392243
3112	0.12154204829159394	0.5548599868316826
3113	0.1215672131837554	0.5549174248511014
3114	0.12158146606781893	0.5549499539422281
3115	0.12160375342386076	0.5550008161371126
3116	0.12161922596939892	0.5550361234447464
3117	0.12166099170078057	0.5551314188208862
3118	0.12166707783734666	0.5551453039755562
3119	0.12169515826916383	0.5552093632953787
3120	0.1217014882661373	0.5552238027683165
3121	0.12173898756784955	0.5553093354171389
3122	0.12179694910768774	0.5554415147403268
3123	0.12182000242808191	0.555494078312073
3124	0.12184435205151323	0.555549592166607
3125	0.12188053361421647	0.5556320710015694
3126	0.12192169716116641	0.5557258917920113
3127	0.12194222783665822	0.555772679804063
3128	0.12195423929379058	0.5558000512710916
3129	0.12196917430142175	0.5558340829863111
3130	0.12203865661518927	0.5559923817518749
3131	0.12206005713538669	0.5560411286200558
3132	0.12209686793404606	0.5561249675741706
3133	0.12211163493451381	0.556158596812583
3134	0.12212085627601987	0.5561795957597271
3135	0.12213328852285882	0.556207905363265
3136	0.12217479437399714	0.556302408351575
3137	0.12220812777298745	0.5563782921931846
3138	0.12221367028721021	0.5563909087829749
3139	0.12226093990877658	0.5564984984045974
3140	0.12227910626741324	0.5565398410271956
3141	0.12231801553130342	0.5566283795921748
3142	0.12233799151853468	0.5566738297550866
3143	0.12237331694714024	0.5567541944971774
3144	0.12241871504159826	0.5568574573505147
3145	0.12242683327905883	0.5568759211373772
3146	0.12246477515644724	0.5569622064743718
3147	0.12248302409537871	0.5570037024501143
3148	0.1225140711080246	0.5570742926620369
3149	0.12253911703506495	0.5571312319546081
3150	0.12256073321059445	0.5571803693881722
3151	0.12257247389310567	0.5572070562437005
3152	0.1226024431541178	0.5572751713047716
3153	0.12261948802395617	0.5573139076969583
3154	0.12266003817969552	0.5574060516866489
3155	0.12267892891227324	0.5574489727692856
3156	0.1226995771860737	0.5574958833301737
3157	0.12274710232850339	0.5576038401250712
3158	0.12276383365859776	0.5576418415761746
3159	0.12278038910726079	0.5576794410033765
3160	0.12280442236972365	0.5577340189398955
3161	0.12282387418148691	0.557778188796999
3162	0.12285664288614392	0.5578525898445272
3163	0.12288527574207	0.5579175923625358
3164	0.12291008960176764	0.5579739188425502
3165	0.12292836559981178	0.5580154009992743
3166	0.12297572304075799	0.5581228767500002
3167	0.12299933442766708	0.5581764540836913
3168	0.1230528785648426	0.5582979337033079
3169	0.12306314096214784	0.5583212137591063
3170	0.12307060287098415	0.5583381403498567
3171	0.12312350862393631	0.5584581370229533
3172	0.12313810796807104	0.5584912455695825
3173	0.12316375971970811	0.5585494141289967
3174	0.12319813485733817	0.5586273545617768
3175	0.12320894306020617	0.5586518582824096
3176	0.12323413943720081	0.5587089778506574
3177	0.12326533876158115	0.5587796978620735
3178	0.12328945363785396	0.5588343533087734
3179	0.12332067788828681	0.5589051139400741
3180	0.12335486348328216	0.5589825753206521
3181	0.12337487440457133	0.5590279132278599
3182	0.123382858920171	0.5590460023845863
3183	0.12343427388526641	0.5591624704951521
3184	0.12347488425631005	0.5592544462781095
3185	0.12351696759396859	0.5593497421304949
3186	0.12352091860179334	0.5593586881788727
3187	0.12356385902515894	0.5594559065773321
3188	0.12356844510621973	0.559466288603078
3189	0.12360822623688342	0.5595563375250737
3190	0.12363604223816925	0.5596192934655313
3191	0.12366980833652956	0.5596957067418074
3192	0.12368554300825986	0.5597313110183524
3193	0.12372142930531652	0.5598125057434078
3194	0.1237276782128475	0.5598266430372943
3195	0.12374510801861074	0.5598660736892227
3196	0.12377368592580029	0.5599307181721439
3197	0.12380539128996951	0.5600024283683389
3198	0.12382016949032443	0.5600358501000191
3199	0.12384900734091145	0.5601010627789914
3200	0.12386541870452294	0.5601381713433102
3201	0.12390902003482608	0.560236748576647
3202	0.12392704142519836	0.5602774876530682
3203	0.1239477005788116	0.560324186001533
3204	0.12399825006154253	0.5604384326167282
3205	0.1240162653064211	0.5604791431465388
3206	0.12404137515823067	0.5605358810102713
3207	0.12405559039714868	0.5605679990159952
3208	0.12407348338420576	0.5606084239346574
3209	0.12408819201393229	0.5606416523777505
3210	0.12410780625969195	0.5606859600933372
3211	0.12413998337300272	0.5607586391897912
3212	0.12415415253873296	0.5607906403838014
3213	0.12418978742430248	0.560871114037554
3214	0.12419966157904228	0.5608934106297542
3215	0.12420652596740774	0.5609089104183836
3216	0.12424666293187808	0.5609995311098505
3217	0.12425574684949622	0.5610200386239421
3218	0.12427949839888136	0.5610736556950936
3219	0.12432793420579288	0.5611829794703974
3220	0.12434647576121717	0.5612248237167016
3221	0.12438007958939451	0.5613006522773852
3222	0.12439572989279861	0.5613359643998088
3223	0.12441156722929728	0.5613716962678756
3224	0.1244355054055512	0.5614257007650256
3225	0.12445437954656112	0.5614682771423516
3226	0.1244708839922152	0.5615055053037689
3227	0.12448718635498597	0.5615422752151058
3228	0.12450827687356365	0.5615898412199282
3229	0.12454755474779516	0.5616784149129828
3230	0.12456858280841633	0.5617258285667264
3231	0.12461099130140797	0.5618214382227439
3232	0.12462684297755687	0.5618571715404541
3233	0.12464336729116234	0.5618944187183107
3234	0.12466486718926958	0.5619428775818033
3235	0.12469956121094329	0.5620210660184192
3236	0.12470331465205398	0.5620295243364757
3237	0.12471740406216969	0.5620612734556981
3238	0.1247356308611782	0.562102343119023
3239	0.12477569440389753	0.5621926060338767
3240	0.12481250475003872	0.5622755267439858
3241	0.12482678571527554	0.5623076934230696
3242	0.12485865609667014	0.562379472155547
3243	0.1248780830773737	0.5624232212657614
3244	0.12489888122355938	0.5624700544373019
3245	0.12490665979002653	0.5624875691761957
3246	0.12493365646972482	0.562548352469639
3247	0.12497296103909177	0.5626368353597282
3248	0.12500711047693075	0.5627137016638247
3249	0.12506348339663792	0.5628405674025335
3250	0.1250781237262802	0.5628735103930771
3251	0.12511369106357387	0.5629535343348477
3252	0.12514064414402593	0.563014169244856
3253	0.1251505050160922	0.5630363510922022
3254	0.12515202657674346	0.5630397737366137
3255	0.12519379197472377	0.5631337139599975
3256	0.12523385530306635	0.5632238111040968
3257	0.12525155436796465	0.5632636093782024
3258	0.12529191978087093	0.5633543648851427
3259	0.1253096844040129	0.5633943013123675
3260	0.125329067302031	0.5634378725338828
3261	0.1253384357666234	0.5634589308934161
3262	0.12537919220466104	0.5635505337298179
3263	0.12543221264711826	0.5636696784614942
3264	0.12545884522538447	0.5637295162804072
3265	0.12547274583756668	0.5637607455186513
3266	0.12549880677649874	0.5638192895930876
3267	0.1255173460162024	0.5638609329968121
3268	0.1255485394413254	0.5639309936764831
3269	0.12556662242448333	0.5639716042146051
3270	0.12560295899077561	0.5640531995814604
3271	0.12564148585403753	0.5641397004668344
3272	0.12564991010446933	0.5641586129081458
3273	0.12569424135424978	0.5642581261142674
3274	0.12570440476133024	0.5642809380945578
3275	0.12572071934773651	0.5643175545976055
3276	0.12576245330253394	0.5644112115909036
3277	0.12579195225834247	0.5644774021141199
3278	0.12583432949069165	0.5645724756672703
3279	0.1258498548743162	0.5646073029435749
3280	0.12585596615124983	0.5646210114603735
3281	0.1258909811592701	0.5646995489939869
3282	0.12593659991407916	0.5648018540071295
3283	0.12596168692120646	0.5648581064491482
3284	0.1259721880310325	0.564881651360048
3285	0.12600387313130856	0.564952687700375
3286	0.12601470426681177	0.5649769684921867
3287	0.12607088510990813	0.5651028956435139
3288	0.12608231596064984	0.5651285140106398
3289	0.12610405431272786	0.5651772299349713
3290	0.12611645768053031	0.5652050241590663
3291	0.12615407656303612	0.5652893144906008
3292	0.12617436183287511	0.5653347612397772
3293	0.1261894461047201	0.5653685533994547
3294	0.126224247027534	0.5654465075852058
3295	0.12624624120303732	0.5654957690714462
3296	0.12627420479428447	0.5655583943695223
3297	0.12628820081493405	0.5655897362720674
3298	0.1262924079170033	0.5655991570806524
3299	0.12634738433799686	0.5657222493340525
3300	0.12637491933316725	0.5657838901463704
3301	0.12643273098837343	0.5659132875119263
3302	0.1264578865077578	0.5659695828024305
3303	0.12646815480379936	0.5659925605123173
3304	0.12649579359366	0.566054404123748
3305	0.12653512402812128	0.5661423969128663
3306	0.12654161020997684	0.566156906937312
3307	0.12659371530564192	0.5662734560457822
3308	0.12662231440066973	0.5663374165425081
3309	0.12665473149089715	0.5664099070680816
3310	0.1266648317688403	0.5664324912359721
3311	0.1266983691720039	0.5665074742335177
3312	0.1267250353453053	0.5665670874384742
3313	0.12675816213228017	0.56664113484657
3314	0.12680070441540733	0.5667362142675182
3315	0.12683127876711164	0.566804536237934
3316	0.12684543659564584	0.5668361707747082
3317	0.12688474788325532	0.5669239994508487
3318	0.12691148323416293	0.5669837233892571
3319	0.12692948745790572	0.5670239393710514
3320	0.12694134003672466	0.5670504128847408
3321	0.12697740545609024	0.5671309597678947
3322	0.12699615148781204	0.5671728217927373
3323	0.12701612323618078	0.5672174175833785
3324	0.12704581032233223	0.5672837006980518
3325	0.127109718014016	0.5674263627571986
3326	0.1271333719686348	0.5674791567263767
3327	0.12716015741400313	0.5675389340341601
3328	0.12717663025971354	0.5675756934984783
3329	0.1272092533194218	0.5676484854431473
3330	0.12723659787552025	0.5677094922543349
3331	0.12728491233694997	0.5678172677509856
3332	0.12728898114865117	0.5678263431513526
3333	0.12731964410075364	0.5678947315671182
3334	0.12733467951583366	0.5679282624531147
3335	0.12734846908968708	0.5679590132145496
3336	0.12739505138661497	0.5680628794668979
3337	0.1274066693829189	0.5680887815796579
3338	0.1274462299477275	0.568176972287679
3339	0.1274675920449535	0.5682245882240695
3340	0.1274755392390035	0.568242301434973
3341	0.12750882580056372	0.5683164866388802
3342	0.12753290798379624	0.5683701521617113
3343	0.12755143802014968	0.5684114416501042
3344	0.12759218009712975	0.5685022144946993
3345	0.1276359742220939	0.5685997711043016
3346	0.12766323821174477	0.5686604964233439
3347	0.12771807011516664	0.5687826043633839
3348	0.1277278816209881	0.5688044513371716
3349	0.12774769849955575	0.5688485744034281
3350	0.1277800605006721	0.5689206223255528
3351	0.1277957633174111	0.5689555784125602
3352	0.12781274612103585	0.5689933814649397
3353	0.12782572847083393	0.5690222779708346
3354	0.12788450389392716	0.5691530837244856
3355	0.12792009242513397	0.5692322720259031
3356	0.12792532492080577	0.5692439139614476
3357	0.12796787436625215	0.5693385746518359
3358	0.1279861133825392	0.5693791465750804
3359	0.12801276277590565	0.5694384218302899
3360	0.1280413021226955	0.5695018939973109
3361	0.1280591162109506	0.5695415093557518
3362	0.1280984798832347	0.5696290373795657
3363	0.12813894097302797	0.5697189915771976
3364	0.12814016922119445	0.5697217220298791
3365	0.12818063696222753	0.5698116763793512
3366	0.12819843458983238	0.5698512336177186
3367	0.12821238975618907	0.5698822486312216
3368	0.12824982985591799	0.5699654499928183
3369	0.1282768955444562	0.5700255892286847
3370	0.1283288201167636	0.570140946480528
3371	0.1283656174512079	0.5702226824590232
3372	0.12839074413211973	0.5702784882994104
3373	0.12840636679881529	0.5703131831670258
3374	0.12844014875773782	0.5703881990326675
3375	0.12847087798688292	0.5704564274705752
3376	0.12848701712459956	0.5704922581033999
3377	0.128510140747082	0.5705435911268629
3378	0.12853589449395417	0.5706007574292794
3379	0.12858117699982258	0.5707012583709877
3380	0.12860370746846606	0.5707512563718304
3381	0.1286065953351913	0.5707576646019706
3382	0.12864868549153083	0.5708510552792494
3383	0.1286531683539528	0.5708610010647112
3384	0.1286935720040547	0.5709506337486057
3385	0.12871534722649378	0.5709989347282037
3386	0.128771904976175	0.5711243699180935
3387	0.12878377808216537	0.5711506988905477
3388	0.12879939519562894	0.5711853284650306
3389	0.12883553064704328	0.5712654475998485
3390	0.1288414346442336	0.5712785368111154
3391	0.1288537623885954	0.5713058665568902
3392	0.1288820104689031	0.571368485642719
3393	0.1289341369800125	0.5714840193573381
3394	0.12895057957443798	0.5715204580407129
3395	0.12897631691340375	0.5715774902848119
3396	0.12900390292019234	0.5716386127369311
3397	0.1290398508479709	0.5717182529328889
3398	0.1291001845938378	0.571851893325805
3399	0.1291224548019262	0.5719012143687179
3400	0.1291314099769456	0.5719210458793587
3401	0.12913770150393025	0.5719349782482008
3402	0.12918743903269345	0.5720451083402049
3403	0.12921838882123884	0.572113627443191
3404	0.12925537104977017	0.5721954908817893
3405	0.12928976059052005	0.5722716046684688
3406	0.12929534019143088	0.5722839529499693
3407	0.12931491490367894	0.5723272718728513
3408	0.1293345582263329	0.5723707393350808
3409	0.12937617637701795	0.5724628225956981
3410	0.12939743019575434	0.5725098425407502
3411	0.12941169895535445	0.5725414072329982
3412	0.1294583503333557	0.5726445951175332
3413	0.1294884289396253	0.5727111159363756
3414	0.1295137485041845	0.5727671058321802
3415	0.12953027941006198	0.5728036581562141
3416	0.12955102256942047	0.5728495211079663
3417	0.12959281886753676	0.5729419212220276
3418	0.1296200097815763	0.5730020248511186
3419	0.12962969804608337	0.5730234385644036
3420	0.1296420850824611	0.5730508161357717
3421	0.12968029575841633	0.5731352603415676
3422	0.12969963714801458	0.5731779993675594
3423	0.12976577756706564	0.573324126997702
3424	0.12979429728736794	0.5733871256778936
3425	0.12981029434293864	0.5734224593685714
3426	0.1298349113543005	0.5734768282385484
3427	0.12988632855619714	0.5735903711016113
3428	0.12992003614651568	0.5736647942346068
3429	0.12992459758148486	0.5736748647047318
3430	0.12995968007873357	0.5737523118887472
3431	0.1299689433238619	0.5737727594367911
3432	0.13001297006316723	0.573869933438934
3433	0.1300317630645589	0.5739114075655344
3434	0.13006910305943517	0.5739938040134555
3435	0.1300873423636992	0.574034047547072
3436	0.13013611904428007	0.5741416554462686
3437	0.13014931107795544	0.5741707553770562
3438	0.130161434528207	0.5741974968497362
3439	0.13021471720436095	0.5743150111079617
3440	0.13023258516744318	0.5743544132878001
3441	0.1302549700044095	0.574403772200026
3442	0.1302770746467864	0.5744525091170541
3443	0.13032122128145293	0.5745498324452577
3444	0.13034371508838472	0.5745994147590713
3445	0.13036919824159673	0.5746555812159567
3446	0.13038237964024568	0.5746846316854923
3447	0.1304209956252034	0.5747697289594412
3448	0.13043960754508446	0.5748107391758882
3449	0.13047266284736142	0.5748835672819052
3450	0.13050030775183208	0.574944468007006
3451	0.13051933319865214	0.5749863766313548
3452	0.13056248927470196	0.5750814280859364
3453	0.13058675433464917	0.5751348650918812
3454	0.1306358908086679	0.5752430592253931
3455	0.13068963251693244	0.5753613703789509
3456	0.13069329420891523	0.5753694306256575
3457	0.13073419938727338	0.5754594648850063
3458	0.1307677198313135	0.5755332344899173
3459	0.13077778689377656	0.5755553875775544
3460	0.13082576234823692	0.5756609483153982
3461	0.1308491451352242	0.5757123906142407
3462	0.13087444625192668	0.5757680480749869
3463	0.13094780328039482	0.5759293886475725
3464	0.13095882560006578	0.5759536271001902
3465	0.13101701725574535	0.5760815756086155
3466	0.1310457448530864	0.5761447297423409
3467	0.13108894854546707	0.576239694780875
3468	0.13109904871519523	0.5762618934737581
3469	0.1311479439860403	0.5763693460255473
3470	0.13118680968511484	0.5764547432399044
3471	0.13119360823952805	0.5764696799861162
3472	0.1312305485049998	0.576550832736255
3473	0.13125634245893375	0.576607491780567
3474	0.13125806847490973	0.5766112829515392
3475	0.1312721435992128	0.5766421978431597
3476	0.13130983418951733	0.5767249740682023
3477	0.13134776918784208	0.5768082750683239
3478	0.1313906845275826	0.576902497838938
3479	0.13140145384654647	0.5769261400009765
3480	0.13140947269222408	0.5769437433492288
3481	0.1314514638919778	0.5770359156425169
3482	0.13147889727134995	0.5770961250113833
3483	0.1314952849015973	0.5771320887418342
3484	0.1315094044601458	0.5771630732428581
3485	0.13152290192462762	0.5771926910418126
3486	0.131577567345252	0.5773126291015869
3487	0.13158320744080038	0.5773250022726469
3488	0.13161822292615988	0.5774018128735857
3489	0.1316371317573976	0.5774432873787497
3490	0.13166579601566153	0.5775061536929202
3491	0.13169260805782032	0.5775649515417285
3492	0.13171123485226535	0.5776057959118236
3493	0.1317317706027634	0.5776508228459779
3494	0.13176995041364675	0.5777345270324575
3495	0.13180690980911244	0.577815544069067
3496	0.1318182555646933	0.5778404123133488
3497	0.13184667133768885	0.5779026908540368
3498	0.13188389448363877	0.5779842622654465
3499	0.13190246857619067	0.5780249615307368
3500	0.13190744267436144	0.578035860211518
3501	0.13193064260709464	0.57808669056346
3502	0.13194591831263433	0.5781201567328226
3503	0.13195597142804247	0.5781421801422235
3504	0.13198763636265656	0.5782115431881375
3505	0.1320051590826486	0.5782499236872223
3506	0.1320239985562797	0.578291185466701
3507	0.13204060477870377	0.5783275535899123
3508	0.13206725800066454	0.578385920161651
3509	0.13211063096415837	0.5784808878789857
3510	0.1321196038552835	0.5785005326186008
3511	0.13214086688645363	0.5785470820315084
3512	0.1322006909932824	0.5786780299614641
3513	0.13221790785574464	0.5787157101567041
3514	0.1322299104674548	0.5787419771822505
3515	0.1322593250084275	0.5788063441735392
3516	0.13227630094223833	0.5788434888622581
3517	0.13235893104046356	0.5790242560396067
3518	0.13237753327257717	0.5790649437555686
3519	0.13238964964357913	0.5790914437400493
3520	0.13239804998175045	0.5791098155946804
3521	0.13241660609106123	0.5791503964361073
3522	0.1324428796333366	0.5792078498709843
3523	0.13246257097549205	0.5792509060023586
3524	0.1324750517892319	0.579278194285861
3525	0.13251588659853897	0.5793674672912206
3526	0.13254508029833809	0.5794312820869552
3527	0.13256823388009786	0.5794818887322446
3528	0.1326325983102157	0.5796225464686876
3529	0.1326545387511815	0.5796704858461161
3530	0.1326830761530682	0.5797328335056834
3531	0.1326863150670944	0.5797399093641927
3532	0.13274225838071735	0.5798621116942201
3533	0.132746592008724	0.5798715769775765
3534	0.13276776977431845	0.5799178301219952
3535	0.13277705131729	0.5799381002455425
3536	0.13280848575760698	0.5800067452055517
3537	0.1328391862402884	0.5800737795445131
3538	0.1328700088405904	0.5801410727346596
3539	0.13288863783499047	0.580181740550153
3540	0.13290001493786802	0.5802065758038808
3541	0.13290134564709513	0.5802094805601808
3542	0.13294708594926272	0.5803093165466581
3543	0.13297711406535923	0.5803748486775697
3544	0.13300985520177175	0.5804462931614934
3545	0.13302373220976335	0.5804765715485928
3546	0.1330270016671132	0.5804837049814795
3547	0.13308180275989726	0.5806032591526831
3548	0.13309874307527175	0.5806402111969665
3549	0.13311504201588578	0.5806757619857664
3550	0.13314339641319994	0.5807376026099986
3551	0.1331993370272897	0.5808595891573874
3552	0.1332275001076449	0.5809209931066605
3553	0.13323272590206206	0.5809323861895881
3554	0.13325480454699898	0.5809805187653918
3555	0.1332672729150336	0.5810076986840179
3556	0.13327426375275464	0.5810229375239142
3557	0.1333055720491953	0.5810911793946588
3558	0.1333262959085631	0.5811363462383964
3559	0.13333810494723053	0.5811620820078597
3560	0.1333816350609442	0.5812569385649407
3561	0.1334115382084417	0.5813220916044652
3562	0.13343629344419983	0.5813760228390236
3563	0.13344437318458216	0.5813936241081463
3564	0.13348556821636592	0.5814833569313514
3565	0.13352252674598955	0.5815638498371133
3566	0.1335270772739082	0.5815737597753541
3567	0.1335710185415278	0.5816694444359519
3568	0.13358978301784188	0.5817103003765789
3569	0.1336077055749224	0.5817493205253081
3570	0.13362176561738587	0.5817799295569429
3571	0.13364042392280956	0.5818205466250355
3572	0.13367338411844293	0.5818922903991341
3573	0.13368361199339837	0.5819145514041344
3574	0.13369942901918797	0.5819489755384543
3575	0.1337289984771059	0.5820133249696092
3576	0.13373135886418852	0.5820184613674283
3577	0.1337980077209737	0.5821634760950004
3578	0.1338100402420881	0.5821896526313933
3579	0.1338470162447901	0.5822700859052421
3580	0.13389116483183072	0.5823661070302031
3581	0.13391695192626807	0.5824221854383758
3582	0.13396633796067522	0.5825295686721793
3583	0.1340070268994391	0.5826180263803624
3584	0.13401824559095382	0.582642413441502
3585	0.13405309513225935	0.5827181624596323
3586	0.134106755963624	0.5828347804773707
3587	0.13412786577247895	0.5828806508236609
3588	0.13415692657337852	0.5829437922932694
3589	0.1341658911397794	0.5829632685557733
3590	0.13419513512266057	0.5830267990060617
3591	0.13422278593751735	0.5830868620467521
3592	0.134254533390883	0.5831558161678333
3593	0.13428687379844267	0.5832260497780734
3594	0.13431711023849424	0.5832917065561115
3595	0.1343308953670103	0.5833216377570789
3596	0.13437569237947997	0.5834188934494808
3597	0.134383608794275	0.5834360785439605
3598	0.13440849093109294	0.5834900898349731
3599	0.13443775615691014	0.5835536090357375
3600	0.1344538025272204	0.5835884342149641
3601	0.13447220545261448	0.5836283712295649
3602	0.13450979019940695	0.5837099270869954
3603	0.13454647982931406	0.5837895296236284
3604	0.1345648517378468	0.5838293855966408
3605	0.13459572922514096	0.5838963650128263
3606	0.1346048800825843	0.5839162135682543
3607	0.1346291548882347	0.5839688632700704
3608	0.13466094560646522	0.5840378070801281
3609	0.13468084098564584	0.5840809495978894
3610	0.13470747951751447	0.5841387094455229
3611	0.13476166555860072	0.5842561824390241
3612	0.1347639540469492	0.5842611432629503
3613	0.13482168982308018	0.5843862848804571
3614	0.13486301750364163	0.5844758456892901
3615	0.13488801075412596	0.5845300016571316
3616	0.134909724917425	0.5845770483481941
3617	0.13493133741844932	0.5846238710146355
3618	0.13494541520542636	0.5846543679911568
3619	0.13499324536206211	0.5847579714833174
3620	0.1349994522710954	0.5847714147404436
3621	0.1350524447883256	0.5848861762016906
3622	0.13506755465477105	0.5849188942500246
3623	0.13507903127911147	0.5849437438589641
3624	0.1351154029460159	0.5850224901559925
3625	0.1351379713373569	0.5850713464112111
3626	0.13515254178810887	0.5851028864860862
3627	0.1352066739877842	0.5852200494156057
3628	0.13521961313164255	0.5852480512332283
3629	0.13524247766717828	0.5852975294817239
3630	0.13526038978640614	0.5853362879110331
3631	0.13528432306922902	0.5853880709914494
3632	0.13531389754458095	0.5854520532719332
3633	0.13536347949911784	0.5855593046296766
3634	0.1353936729162458	0.5856246067725102
3635	0.13543110028214878	0.5857055443504334
3636	0.1354324154299129	0.5857083881856583
3637	0.13544343529686662	0.5857322166657173
3638	0.1354791922809459	0.5858095280369942
3639	0.13552719734782842	0.5859133053566048
3640	0.1355423386770954	0.5859460340585952
3641	0.13561481182632554	0.5861026629018308
3642	0.13564751032737796	0.5861733171438246
3643	0.1356621514672131	0.5862049506545103
3644	0.13568459461013926	0.5862534377869565
3645	0.13570043459497627	0.586287656758483
3646	0.13571181959447617	0.5863122504331545
3647	0.13573631325286353	0.5863651577042245
3648	0.1357813322589388	0.5864623880898826
3649	0.13582526675522152	0.5865572606517448
3650	0.13585589179609164	0.5866233835759168
3651	0.13590148784960393	0.5867218168015224
3652	0.13590591957557827	0.5867313831762501
3653	0.13592126837614096	0.5867645140684136
3654	0.13592976488338018	0.5867828532551087
3655	0.13596160652394185	0.5868515763734514
3656	0.1360058507105767	0.5869470542783413
3657	0.1360471031363356	0.5870360620449211
3658	0.13607192651045003	0.5870896153760616
3659	0.1360799827407508	0.5871069946374027
3660	0.13612529899250808	0.5872047433041221
3661	0.13615813407439845	0.5872755595058777
3662	0.13616091299381733	0.5872815524755255
3663	0.13619854305780763	0.5873626988017686
3664	0.13622313453676874	0.5874157223701244
3665	0.13622813879963205	0.5874265118578951
3666	0.13627132018730967	0.5875196052612558
3667	0.13629128886617317	0.5875626501240654
3668	0.1363255970260694	0.587636598081737
3669	0.13636820223836943	0.5877284165910336
3670	0.1363793719372769	0.5877524860402286
3671	0.13639895368348198	0.5877946801299484
3672	0.13643265284705275	0.5878672868663611
3673	0.13646215587640717	0.5879308454350928
3674	0.13650218947608028	0.5880170790943632
3675	0.13652035810500107	0.5880562107327563
3676	0.13653860169698342	0.5880955012068382
3677	0.13655210617142155	0.5881245835476506
3678	0.13657929688827233	0.588183135310344
3679	0.13662346053841717	0.5882782237140952
3680	0.13663880650922317	0.588311261403672
3681	0.13669876118606605	0.5884403175046706
3682	0.13673095870326252	0.5885096129451438
3683	0.13673623625311118	0.5885209705004424
3684	0.13676851367309015	0.5885904283784612
3685	0.13682899370211646	0.588720553473365
3686	0.13683610136897564	0.5887358440017638
3687	0.1368687962405567	0.588806174466342
3688	0.1368969136718008	0.5888666516072029
3689	0.13692247819847284	0.5889216323736486
3690	0.13692524036728754	0.5889275725698266
3691	0.13697328292256916	0.5890308811490182
3692	0.13700047608919955	0.5890893480983697
3693	0.13703960617457583	0.5891734699620776
3694	0.13706410920524523	0.5892261404664025
3695	0.13709573699449093	0.5892941190399066
3696	0.13711791218519198	0.5893417761785364
3697	0.13712471745464763	0.5893564007442224
3698	0.1371483452110031	0.5894071741200847
3699	0.13718742666396855	0.5894911461430791
3700	0.13721091189543685	0.5895416017274469
3701	0.13722687682885978	0.589575898265997
3702	0.13729894991385855	0.5897307038583297
3703	0.13732554482667128	0.5897878167395377
3704	0.1373421297686614	0.5898234302935346
3705	0.13737039437502102	0.5898841191348903
3706	0.13740569544042697	0.5899599076639407
3707	0.13742088673895658	0.5899925191555914
3708	0.13744516354914876	0.5900446309713998
3709	0.13748556453226854	0.5901313442141173
3710	0.1375083039628202	0.5901801445952346
3711	0.13752326383281446	0.5902122473041702
3712	0.1375679330275357	0.5903080935070395
3713	0.1375731652161615	0.5903193191388331
3714	0.13760834852040077	0.5903947991804429
3715	0.13765302433577692	0.5904906299525058
3716	0.13766255663286076	0.5905110749615959
3717	0.1376815371776325	0.5905517826015577
3718	0.13770184787671938	0.5905953399204039
3719	0.1377434276024635	0.5906844997216633
3720	0.1377932926024909	0.5907914079707852
3721	0.1378256184519183	0.5908607027593618
3722	0.13783419620698784	0.5908790889621246
3723	0.13787219898122682	0.5909605400738981
3724	0.1379037568213745	0.5910281692672397
3725	0.13793435723361133	0.591093739280925
3726	0.1379600762517627	0.5911488439057959
3727	0.13797160648655715	0.5911735464963698
3728	0.1380151582392438	0.5912668432741948
3729	0.1380760738151705	0.5913973122291505
3730	0.13809607292741946	0.5914401400437768
3731	0.13812295825199788	0.5914977096978045
3732	0.13814383305753997	0.5915424051392361
3733	0.13817008058235436	0.5915985994193884
3734	0.13819301372636753	0.5916476934522803
3735	0.13820166861354077	0.5916662203073014
3736	0.1382645200486382	0.5918007441679383
3737	0.13827226881124433	0.5918173270889486
3738	0.13828798340163645	0.5918509560397752
3739	0.13830754703717424	0.5918928192104876
3740	0.13832947352002994	0.5919397349923888
3741	0.13837842464008004	0.5920444615892498
3742	0.13842943535407345	0.5921535747984266
3743	0.13845586390418968	0.59221009823041
3744	0.13849305826699024	0.5922896376501103
3745	0.1384962697278303	0.5922965047955627
3746	0.13850758784845757	0.5923207059756683
3747	0.13854558238922562	0.5924019412726561
3748	0.13857349533860525	0.5924616142421282
3749	0.13861041748384548	0.592540538053625
3750	0.1386670991967128	0.5926616789475205
3751	0.13867726907423347	0.5926834115222055
3752	0.1387133847918454	0.5927605827609027
3753	0.1387306857386035	0.5927975474689076
3754	0.13876073739099046	0.5928617494913417
3755	0.1387769513622485	0.5928963859553655
3756	0.1388047646037609	0.5929557961962529
3757	0.13882404099483928	0.5929969678773742
3758	0.13885371872101251	0.5930603497708962
3759	0.13887189941041356	0.5930991744174259
3760	0.13889890984176967	0.5931568501809181
3761	0.13892104369146366	0.5932041087288645
3762	0.1389261535850582	0.59321501845831
3763	0.13895698868458653	0.5932808477812751
3764	0.13904422462210525	0.5934670467307208
3765	0.1390558855140102	0.5934919316549696
3766	0.13907547012852758	0.5935337238503523
3767	0.1391045069965163	0.5935956810772286
3768	0.13915259202455077	0.5936982679716011
3769	0.13915762311680038	0.5937090005196376
3770	0.13917770196890275	0.5937518316810269
3771	0.13920504547663148	0.5938101544591491
3772	0.1392448284061249	0.5938949998749435
3773	0.13926696712269532	0.5939422100681678
3774	0.1393031023199399	0.5940192593044357
3775	0.13930751666349547	0.5940286710988332
3776	0.1393389591225331	0.5940957050565432
3777	0.1393582816278669	0.5941368960470574
3778	0.13937732692421023	0.5941774932994827
3779	0.13942260846124993	0.594274004998491
3780	0.13945829039498606	0.5943500453529028
3781	0.1394853407451432	0.5944076847992612
3782	0.13951681788406556	0.5944747499034568
3783	0.13953217745469454	0.5945074722151944
3784	0.13955719001245703	0.5945607555739636
3785	0.13956588393920047	0.594579274817407
3786	0.13965051215850227	0.5947595142796774
3787	0.13965877011523609	0.5947770989832859
3788	0.13968118235768917	0.5948248215637346
3789	0.1397133320687719	0.5948932715352171
3790	0.13973538864433616	0.5949402276502023
3791	0.13975849374121388	0.5949894119819195
3792	0.13978142277268624	0.5950382175002074
3793	0.1397986846564218	0.5950749575878141
3794	0.13984480447169148	0.5951731075955897
3795	0.13986740375338633	0.5952211964087644
3796	0.1398981782730711	0.5952866749922426
3797	0.1399043251521263	0.5952997527715469
3798	0.13995824409391636	0.5954144555895371
3799	0.1400206623043334	0.5955472114778532
3800	0.14003365941971674	0.5955748510279144
3801	0.14005486218044003	0.5956199378775573
3802	0.14009079561415547	0.595696341140523
3803	0.14010825465491278	0.5957334597914502
3804	0.14016206001999768	0.5958478377044396
3805	0.14017087220723473	0.5958665683087928
3806	0.1402009987232847	0.5959305987988481
3807	0.14021867383629094	0.5959681620431073
3808	0.140230917111495	0.5959941801288275
3809	0.14025224906958894	0.5960395097881844
3810	0.14029333892571008	0.5961268145705428
3811	0.14031914541723253	0.5961816398185311
3812	0.14034845312878483	0.5962438972076332
3813	0.14035738576746912	0.5962628712199578
3814	0.14037651529211767	0.5963035026288898
3815	0.14039518676614865	0.5963431584614078
3816	0.1404042698966818	0.5963624489202483
3817	0.140455777037252	0.5964718263199159
3818	0.14046513347083123	0.5964916929149534
3819	0.14051678908535206	0.5966013618126578
3820	0.1405557944805747	0.596684159951529
3821	0.14057863515866162	0.5967326393373802
3822	0.14063053973911344	0.5968427922734739
3823	0.1406430582499014	0.5968693562640572
3824	0.14069526156543005	0.5969801177510866
3825	0.14070703663993137	0.5970050984725844
3826	0.14072034723741142	0.5970333355345944
3827	0.14076878184183647	0.5971360732913779
3828	0.140787292768734	0.5971753333414328
3829	0.14083829767503298	0.5972834969161969
3830	0.14088037727141042	0.5973727182850597
3831	0.14089823203888088	0.5974105717223633
3832	0.14090134998177217	0.5974171817476047
3833	0.1409357622550475	0.5974901307584776
3834	0.1409639427410126	0.5975498626546971
3835	0.14098934181617928	0.5976036939039553
3836	0.1410335765092384	0.5976974341204428
3837	0.14104900519776298	0.5977301264607287
3838	0.14108925741854106	0.5978154097588407
3839	0.1411311279570017	0.5979041089155364
3840	0.14113669843558543	0.5979159085065185
3841	0.1411898242045669	0.5980284297507099
3842	0.14122609341994946	0.598105236380639
3843	0.1412435606766086	0.5981422229402865
3844	0.14125309819160453	0.5981624174684211
3845	0.14127988282838652	0.5982191270339353
3846	0.14132728063496722	0.5983194665025577
3847	0.14136142571906726	0.5983917400034444
3848	0.1413954753192095	0.5984638027058141
3849	0.1414244295518293	0.5985250747271507
3850	0.14149473242215554	0.5986738213151428
3851	0.14152752193903825	0.5987431846331486
3852	0.14155085271152057	0.5987925339228479
3853	0.14156146778955594	0.5988149856078497
3854	0.14162463164618794	0.5989485644915754
3855	0.14164072091111798	0.5989825852983534
3856	0.14164307396686446	0.598987560680968
3857	0.14168880119073296	0.5990842397040271
3858	0.14170876204239613	0.5991264371480325
3859	0.14174082770802113	0.5991942180709093
3860	0.14178865451955003	0.5992953009147486
3861	0.14180011276647642	0.5993195155983453
3862	0.14183708949320456	0.5993976517471941
3863	0.14186291403360177	0.599452215981453
3864	0.14188286221050317	0.5994943607470141
3865	0.14190531537584464	0.5995417942893669
3866	0.14191553317163025	0.5995633787005364
3867	0.14192859702024432	0.599590974076434
3868	0.14198643669531982	0.5997131362597296
3869	0.14201594472508225	0.5997754500770008
3870	0.1420473892987177	0.5998418462816621
3871	0.14205277708788666	0.5998532220301841
3872	0.14206724126913506	0.5998837605562586
3873	0.1420750624950231	0.5999002730252239
3874	0.14215974747751692	0.6000790340800014
3875	0.1421749380605126	0.6001110941639342
3876	0.14221480345954343	0.6001952228850823
3877	0.1422400795192959	0.6002485573338715
3878	0.14229633173825898	0.6003672368780957
3879	0.14232659146464507	0.600431068399212
3880	0.14235890114648447	0.6004992167182439
3881	0.14237536340306198	0.6005339363119166
3882	0.1424415830959928	0.6006735761659969
3883	0.14249259618328952	0.6007811271700754
3884	0.1425143715935761	0.6008270304525077
3885	0.1425430637622316	0.6008875091351458
3886	0.14255941912389009	0.6009219810006183
3887	0.14257960711302917	0.6009645280909669
3888	0.14259578448123508	0.6009986204443265
3889	0.14262946231388568	0.6010695872548202
3890	0.1426465839731715	0.6011056632509079
3891	0.14270504750021729	0.6012288318405643
3892	0.14270939596436422	0.60123799200045
3893	0.14275794473986964	0.6013402518622387
3894	0.14279804238927954	0.6014246977321956
3895	0.14285947180595016	0.6015540454294234
3896	0.14286143595305487	0.6015581807400211
3897	0.14289093899468822	0.6016202929529167
3898	0.14290462430671563	0.6016491022124886
3899	0.1429129294746566	0.601666584936586
3900	0.14298066549931834	0.6018091531242793
3901	0.14302509500139848	0.6019026482976181
3902	0.14303928742270217	0.6019325110432476
3903	0.14306519572992782	0.6019870217535499
3904	0.14311180333949497	0.6020850710771293
3905	0.14313628255331437	0.6021365620745378
3906	0.14317353616771358	0.6022149150383302
3907	0.14321125616457886	0.6022942385270598
3908	0.1432140411082605	0.6023000947265809
3909	0.1432165279829523	0.6023053240963706
3910	0.14326215793547895	0.6024012661464636
3911	0.14328817611581948	0.6024559654245224
3912	0.14329791538500963	0.6024764394834505
3913	0.14335247415125585	0.6025911209950383
3914	0.14336441968911368	0.6026162273810276
3915	0.14339362706304348	0.6026776092119311
3916	0.14345472112871155	0.6028059834819476
3917	0.14347837316846163	0.6028556751314816
3918	0.14351110641818854	0.6029244391533926
3919	0.1435172648252113	0.6029373754841052
3920	0.14356047537863673	0.6030281356339613
3921	0.14358508319305305	0.6030798161837955
3922	0.14363050376073436	0.6031751953871278
3923	0.14363579862234538	0.6031863131499634
3924	0.14367097517960692	0.6032601691077669
3925	0.1437177189590961	0.6033582973728101
3926	0.14373981655471563	0.6034046808504482
3927	0.14376445020699724	0.6034563833802887
3928	0.1437717379349983	0.6034716784349559
3929	0.14382490542470544	0.6035832515054238
3930	0.14383794606074526	0.6036106143987581
3931	0.14389948883384812	0.6037397315733705
3932	0.1439414328901099	0.603827714680274
3933	0.14399271673394515	0.6039352717883143
3934	0.1440325342124177	0.6040187673916037
3935	0.14404785359552869	0.604050888429131
3936	0.14407263335741086	0.6041028419749
3937	0.14409831399829257	0.6041566796001219
3938	0.14412439819452566	0.6042113583394345
3939	0.14415531520987845	0.6042761614205606
3940	0.14417659506416658	0.6043207606576091
3941	0.14420745242563165	0.6043854270012732
3942	0.14422685924145065	0.6044260934227327
3943	0.14425635487054228	0.6044878954218916
3944	0.14429986594886046	0.6045790523666403
3945	0.14431423965626083	0.6046091626718336
3946	0.14435381616631796	0.6046920605215979
3947	0.14441918647092	0.6048289617518713
3948	0.14443612956335836	0.6048644396295518
3949	0.14445153380487205	0.60489669343448
3950	0.14447883393122904	0.6049538509307077
3951	0.1445125598312401	0.6050244544302615
3952	0.14452949297108264	0.6050599000123386
3953	0.14457891078010915	0.6051633328082378
3954	0.14459102401268917	0.6051886834303439
3955	0.14465837651051414	0.6053296196472087
3956	0.14468976180385673	0.6053952826864631
3957	0.14470507741304356	0.605427322797965
3958	0.14473754205332132	0.6054952329166815
3959	0.14475882642240503	0.6055397518095414
3960	0.1447662434064027	0.6055552645807896
3961	0.14480074299726864	0.6056274159465398
3962	0.1448614164701033	0.6057542857035505
3963	0.14490312260142055	0.605841478864736
3964	0.14491858887178724	0.6058738103215273
3965	0.14493617416978286	0.6059105694025579
3966	0.1449731399246986	0.6059878327696206
3967	0.14499340526337248	0.6060301858549401
3968	0.14507354902330988	0.6061976514990003
3969	0.14509740940355373	0.6062475003924849
3970	0.14512532643761458	0.6063058192080388
3971	0.14513094408369118	0.6063175538191848
3972	0.1451815186586718	0.6064231880166733
3973	0.1452231000951365	0.6065100246272487
3974	0.14524618988432397	0.6065582388300641
3975	0.14525641253674432	0.6065795837099348
3976	0.14528805769720518	0.6066456539872405
3977	0.14529547397404788	0.6066611370034439
3978	0.14538099450609615	0.6068396503102838
3979	0.14539555450547184	0.606870037238604
3980	0.14544203939021588	0.6069670416806986
3981	0.14552483800787241	0.6071397870633369
3982	0.1455290592197624	0.6071485925948814
3983	0.145539053055001	0.6071694394239071
3984	0.14554805121077888	0.6071882086842595
3985	0.14563109891663648	0.6073614105799605
3986	0.1456529915666518	0.6074070610323968
3987	0.1456891582287409	0.60748246807404
3988	0.1457034119149326	0.6075121842615544
3989	0.14573539794152568	0.607578863669675
3990	0.1457594173490911	0.6076289307202853
3991	0.14577698486821608	0.6076655465748225
3992	0.14581017326621182	0.6077347148948379
3993	0.14584377513268393	0.6078047369101592
3994	0.14585519672325312	0.607828536215047
3995	0.1459124334583634	0.6079477870517391
3996	0.14592184675838168	0.6079673971099196
3997	0.14597787896623324	0.6080841119361696
3998	0.1460013496600965	0.608132994624777
3999	0.146015962499272	0.6081634269711989
4000	0.14605845478212603	0.6082519117234658
4001	0.1461464922429942	0.6084351975427035
4002	0.14616914933839492	0.6084823585790683
4003	0.14618677968755545	0.6085190538496602
4004	0.1462414724267865	0.6086328755703407
4005	0.14624371389695	0.6086375398669355
4006	0.14625594666778868	0.6086629945263644
4007	0.14629451159783924	0.6087432357035517
4008	0.1463382248261584	0.6088341760411626
4009	0.14636534914424698	0.6088905982326388
4010	0.1463837381593203	0.6089288468576999
4011	0.14641481403971932	0.608993478339542
4012	0.1464574838249423	0.6090822116009836
4013	0.14649608231071345	0.6091624673232976
4014	0.14651874152317934	0.609209576460444
4015	0.14654050641055583	0.6092548228409056
4016	0.14655358772574012	0.6092820155833968
4017	0.14656365245884992	0.6093029367893844
4018	0.14657336344058067	0.6093231219839431
4019	0.1466347600696426	0.6094507252128905
4020	0.1466479112609269	0.6094780544196898
4021	0.14666043910931473	0.6095040871314155
4022	0.14668649290365826	0.6095582230287394
4023	0.14671935654568793	0.6096265019171282
4024	0.14673578316785582	0.6096606276936055
4025	0.14676374313041013	0.609718709219506
4026	0.14681873170526516	0.6098329214298179
4027	0.14684544388512563	0.6098883953656424
4028	0.14685192707845296	0.609901858434803
4029	0.14688578429126842	0.6099721618600217
4030	0.14690422147850896	0.6100104426852551
4031	0.14690944985274001	0.6100212978345148
4032	0.14695462269418905	0.6101150776335952
4033	0.14699362302759375	0.610196031578752
4034	0.14703027594175713	0.6102721031397911
4035	0.14706531414461305	0.6103448145723416
4036	0.147113472628168	0.6104447391363884
4037	0.14712493271315172	0.6104685153828027
4038	0.1471765499464469	0.6105755942166978
4039	0.1472325400179287	0.6106917231803551
4040	0.14724713335131645	0.610721987573976
4041	0.14730099012212863	0.6108336654937258
4042	0.1473384125168722	0.6109112529114089
4043	0.14736788766583858	0.6109723564600497
4044	0.14739578132650907	0.611030175872069
4045	0.14744071729568214	0.6111233099513627
4046	0.14748183724102173	0.611208522522611
4047	0.14749034194521726	0.6112261452782194
4048	0.14752943185583395	0.6113071376746791
4049	0.1475367677351885	0.6113223360646142
4050	0.14756428368678298	0.6113793399282773
4051	0.147581275272364	0.6114145381655778
4052	0.147628692064765	0.6115127518036996
4053	0.14766920544663273	0.6115966540242623
4054	0.14771682591228874	0.6116952601274278
4055	0.14774192434139669	0.6117472242078448
4056	0.14776667985752137	0.6117984739936105
4057	0.14780243503927465	0.6118724881168923
4058	0.14782998265621225	0.6119295062695104
4059	0.14787058424774613	0.6120135338994406
4060	0.14789459199085067	0.6120632140553792
4061	0.14792899406326185	0.6121343965725521
4062	0.14794106041047259	0.6121593615079277
4063	0.1479753234101314	0.6122302451478838
4064	0.14803597494301968	0.6123557015341983
4065	0.14806066537586376	0.6124067658006987
4066	0.14808811807936031	0.6124635379423066
4067	0.1481244006552448	0.6125385621715534
4068	0.14814261775537674	0.6125762275838882
4069	0.14817261706320997	0.6126382486715849
4070	0.1481943754554103	0.6126832284196321
4071	0.1482538884884485	0.6128062390841778
4072	0.1482597724891178	0.6128183996979112
4073	0.1483063990838856	0.6129147555350799
4074	0.14831654437437927	0.6129357192019943
4075	0.14835045432760632	0.6130057836502452
4076	0.148377653587903	0.613061976736334
4077	0.14840287169732475	0.6131140722062081
4078	0.14843697355116608	0.6131845126405258
4079	0.14847756978082408	0.6132683572411378
4080	0.1484926616726476	0.6132995240515282
4081	0.14853301480231276	0.613382850977593
4082	0.1485842382293595	0.6134886081500698
4083	0.14861959192045365	0.6135615896351688
4084	0.1486392969263142	0.6136022633910254
4085	0.1486606199890609	0.6136462739946503
4086	0.14873643025490135	0.6138027201261522
4087	0.1487600993316283	0.6138515567350357
4088	0.1487736805942623	0.6138795773164102
4089	0.14880116457120007	0.6139362777789418
4090	0.14884389891976613	0.6140244299232497
4091	0.14887288328260487	0.614084211481899
4092	0.1489351331034999	0.6142125848839026
4093	0.14895498672833898	0.6142535219671026
4094	0.1489807969978663	0.6143067372457169
4095	0.14904527299681808	0.6144396528861014
4096	0.14906771560920792	0.6144859110183866
4097	0.14908733711037045	0.6145263514961578
4098	0.1491106423871771	0.6145743808840218
4099	0.149120397583997	0.614594484063434
4100	0.1491300406200645	0.6146143554595139
4101	0.14920576648524914	0.6147703813573823
4102	0.14924236322374737	0.6148457712433952
4103	0.14927849276948085	0.6149201896379493
4104	0.14928870105546505	0.6149412146822266
4105	0.1493524401572222	0.6150724758479822
4106	0.14937557086373504	0.6151201031585993
4107	0.1493843002594914	0.6151380764735804
4108	0.14942996819193952	0.6152320955151072
4109	0.14944440934698802	0.6152618233118236
4110	0.1494882867679608	0.6153521382352802
4111	0.14949162493940263	0.6153590088052473
4112	0.14953921066193981	0.6154569406230761
4113	0.14955184422963275	0.6154829379941694
4114	0.14957347245195973	0.6155274420276563
4115	0.14957643514340188	0.6155335380580043
4116	0.1496211059506571	0.6156254453406532
4117	0.1496679136502673	0.6157217344215814
4118	0.14969375677733165	0.6157748903980436
4119	0.14972674042020745	0.6158427268289988
4120	0.14972980277763978	0.6158490247050603
4121	0.14980079218553116	0.6159949995747341
4122	0.14982485307798366	0.6160444679190514
4123	0.1498635678199712	0.6161240557231682
4124	0.14989309455804362	0.6161847483848139
4125	0.14989510930792974	0.6161888895161437
4126	0.1499298677383164	0.6162603278614297
4127	0.14996803538522216	0.6163387635667124
4128	0.1500030936657563	0.6164108006329698
4129	0.1500173948540509	0.6164401840163642
4130	0.15005278438805367	0.6165128897330556
4131	0.1500978449636545	0.616605451628859
4132	0.15011055737548293	0.6166315625183125
4133	0.15016583450699442	0.616745087133778
4134	0.1501713098182102	0.6167563308381893
4135	0.1502056095001918	0.6168267615290692
4136	0.1502713845591257	0.6169618010129395
4137	0.1503020170413556	0.6170246809432284
4138	0.15033462050939864	0.6170915997179393
4139	0.150354475909613	0.6171323494670719
4140	0.1503809437613248	0.6171866659369506
4141	0.15039150607292978	0.6172083402370901
4142	0.1504135712396386	0.6172536164158523
4143	0.15045959998710157	0.6173480534980663
4144	0.15046955326489003	0.6173684727170852
4145	0.1505380799184813	0.6175090372993817
4146	0.15054632321084593	0.6175259441107748
4147	0.15057054234661682	0.6175756143481561
4148	0.15057527977563734	0.6175853297200323
4149	0.15061142000492855	0.6176594399470109
4150	0.15064472606554924	0.617727730470956
4151	0.15066240775958092	0.6177639818304527
4152	0.15069922145284043	0.6178394511695012
4153	0.15071109948780195	0.6178637995832755
4154	0.1507603242709221	0.617964693706511
4155	0.15077238482506447	0.6179894112428785
4156	0.15082817364952533	0.6181037349438832
4157	0.15085401933748407	0.6181566913364294
4158	0.15088603513686902	0.6182222836579518
4159	0.15093936455174817	0.6183315267696307
4160	0.1509786684851386	0.61841202690732
4161	0.15102073631612617	0.6184981762983459
4162	0.15106035408459034	0.6185792973130171
4163	0.1510800129052161	0.6186195466024764
4164	0.15111496564176147	0.618691102049029
4165	0.15114494820324578	0.6187524759304998
4166	0.1511825751502705	0.6188294891489832
4167	0.15120585864182834	0.6188771399991366
4168	0.1512098530748188	0.6188853144407926
4169	0.15125972922037784	0.6189873748172182
4170	0.1512814638769888	0.6190318446667162
4171	0.15128998955383408	0.6190492876203137
4172	0.15132449452746774	0.6191198774248012
4173	0.15137448635987125	0.6192221357585127
4174	0.1513972129595499	0.6192686174535603
4175	0.15141264672939553	0.6193001814617675
4176	0.1514310705024866	0.6193378582978865
4177	0.15145342719366667	0.6193835749205412
4178	0.151488476466958	0.6194552394868998
4179	0.15149768283590914	0.6194740621953109
4180	0.15152007673725754	0.6195198448375598
4181	0.15155088324814836	0.6195828208974689
4182	0.15156386709062625	0.6196093611369009
4183	0.1516149099843842	0.6197136867689992
4184	0.151668509281067	0.6198232184852627
4185	0.15171509845225645	0.6199184090851926
4186	0.1517348071776317	0.6199586733866306
4187	0.15175014353519112	0.6199900032700862
4188	0.1517653940203787	0.6200211561592982
4189	0.15179672235214542	0.620085147118155
4190	0.1518093980817745	0.620111036569092
4191	0.15183314551446256	0.6201595364295587
4192	0.1519126731328456	0.6203219296746371
4193	0.1519356547409826	0.6203688495796243
4194	0.151966384261798	0.6204315822992235
4195	0.15199205037906524	0.6204839734826887
4196	0.15200353865720453	0.6205074225965014
4197	0.152042960615351	0.6205878813543736
4198	0.15206323628615703	0.6206292591862376
4199	0.1521552436919808	0.6208169898123655
4200	0.15218495422621667	0.6208775986473488
4201	0.15220167981271732	0.6209117158724314
4202	0.15223782567458133	0.6209854406066011
4203	0.1522951295762113	0.6211023023012686
4204	0.15232552958153356	0.6211642890870439
4205	0.15234965963556904	0.6212134867965597
4206	0.15237283909712487	0.6212607427159594
4207	0.1524023348038904	0.6213208703544874
4208	0.15245080569238287	0.621419666677002
4209	0.1524721894361008	0.6214632473353354
4210	0.15250646839741833	0.6215331024265548
4211	0.15251382610984263	0.6215480952551282
4212	0.1525594385620634	0.6216410317912693
4213	0.15262611543799187	0.6217768626334839
4214	0.15264475397007335	0.621814826825198
4215	0.1526791201408176	0.6218848200327032
4216	0.15271354328067388	0.6219549213721287
4217	0.1527407885940767	0.6220103997555841
4218	0.1527893443668871	0.6221092593857526
4219	0.15280811558255905	0.6221474734002086
4220	0.15282391726694838	0.6221796402908277
4221	0.15287172192910625	0.6222769443071968
4222	0.15290522031070938	0.6223451195343181
4223	0.15293094404927515	0.6223974668965058
4224	0.1529819105849855	0.6225011699124265
4225	0.15299981344302957	0.6225375932516408
4226	0.1530335353419257	0.6226061946201191
4227	0.1530453437511943	0.6226302149988038
4228	0.15306575831647917	0.6226717396248441
4229	0.15311781488373588	0.6227776137215799
4230	0.1531314009993173	0.6228052425803371
4231	0.1531485639320518	0.6228401435376925
4232	0.15318026864194684	0.6229046101695035
4233	0.15321397957643026	0.6229731488315041
4234	0.15323418578518605	0.6230142270363965
4235	0.15326757692034276	0.6230821035972859
4236	0.15330685774125757	0.6231619430814045
4237	0.1533450141312176	0.6232394873320221
4238	0.15335960252851463	0.6232691324074487
4239	0.1533849857563731	0.6233207102922526
4240	0.1533996786040783	0.6233505637257941
4241	0.1534478423560481	0.6234484144708874
4242	0.1534705145316402	0.6234944705432052
4243	0.15350406068135308	0.6235626096775446
4244	0.15352563753163329	0.6236064327667975
4245	0.15356547861917394	0.6236873428584595
4246	0.15358132712495554	0.6237195254086394
4247	0.15361618757102813	0.6237903084510598
4248	0.15368221624561668	0.6239243555945843
4249	0.15372557608540563	0.6240123662728201
4250	0.1537411181861797	0.6240439102039099
4251	0.15376188126141038	0.6240860480306898
4252	0.15384425367812937	0.6242531915142067
4253	0.1539018469822018	0.624370028636213
4254	0.1539144737309714	0.6243956410702022
4255	0.1539525625054796	0.6244728949925837
4256	0.15400173937418676	0.6245726243152933
4257	0.15400403617591785	0.6245772817761178
4258	0.1540739936936704	0.6247191251862628
4259	0.15411210435001402	0.6247963834672668
4260	0.15414279838371317	0.6248585997563223
4261	0.15418417554632458	0.6249424607647944
4262	0.15418791398984147	0.6249500370868161
4263	0.15422822322751434	0.6250317218723114
4264	0.15423399586072092	0.6250434189697561
4265	0.15425772338564195	0.6250914957989514
4266	0.15428395455662536	0.6251446412251348
4267	0.1543041590516761	0.6251855732791313
4268	0.15432847123212023	0.6252348234934338
4269	0.15434880015728364	0.625276001680759
4270	0.15437853727450795	0.6253362321789651
4271	0.15443032951600585	0.6254411199754388
4272	0.15444116406619265	0.6254630594946193
4273	0.15448683409835157	0.6255555309765016
4274	0.15451871607578782	0.6256200766660133
4275	0.15455333226927467	0.6256901502901021
4276	0.15457346690065238	0.6257309052517328
4277	0.1545947136649794	0.6257739084285363
4278	0.15463384761976415	0.625853107314684
4279	0.15464965637111244	0.6258850980574806
4280	0.15468277298966515	0.6259521078686459
4281	0.15470790974250398	0.6260029660344963
4282	0.1547707930890314	0.6261301772487736
4283	0.15481222984825668	0.626213988504642
4284	0.15482861516375204	0.6262471268500279
4285	0.15484858884246833	0.6262875200793666
4286	0.15489526250001173	0.6263818991341339
4287	0.15492668564779358	0.6264454320418398
4288	0.1549530000641808	0.6264986309015294
4289	0.15500040808696403	0.6265944625083242
4290	0.15504345405817127	0.6266814638753704
4291	0.15507821893025572	0.6267517192754456
4292	0.15510041509639527	0.6267965707950115
4293	0.15511475378680253	0.6268255431038983
4294	0.15514493787261835	0.6268865277465085
4295	0.15520670805379208	0.6270113111953293
4296	0.15523947762709536	0.6270774997285251
4297	0.15525198351955524	0.6271027574978864
4298	0.15525709524422257	0.6271130811993169
4299	0.15529821264359703	0.6271961162193687
4300	0.1553237643389403	0.6272477113557995
4301	0.15537149429962563	0.6273440784800046
4302	0.15538797673954396	0.6273773532029879
4303	0.15543319040932127	0.6274686214269941
4304	0.15548636881205916	0.6275759502588346
4305	0.15554144762651445	0.6276870953032117
4306	0.1555897453645947	0.627784540435621
4307	0.155611034395978	0.6278274882134753
4308	0.15563926408378012	0.6278844333084037
4309	0.15565633910448914	0.6279188746356922
4310	0.15570291193451813	0.6280128051882363
4311	0.155749982543043	0.6281077254139623
4312	0.1558486301182624	0.6283066066435277
4313	0.1558830758230666	0.6283760370522484
4314	0.1559200964178497	0.6284506489801608
4315	0.15592869366525156	0.6284679747494405
4316	0.15594564699713553	0.6285021388802168
4317	0.15599961615061633	0.6286108844426939
4318	0.1560226811390223	0.6286573536816346
4319	0.15607606954361447	0.6287649026040607
4320	0.15608529859453832	0.6287834923133634
4321	0.15610345652871288	0.6288200655118935
4322	0.15613972604077314	0.6288931121722638
4323	0.15617625994118747	0.6289666827333336
4324	0.1561871600636797	0.6289886313133191
4325	0.15622666055847478	0.6290681634319244
4326	0.1562608425142737	0.6291369788441649
4327	0.15628412946934422	0.629183856035311
4328	0.15629544544325788	0.6292066340974543
4329	0.15634157028258316	0.6292994708206753
4330	0.15638221837910227	0.629381273002717
4331	0.1564294499155593	0.6294763106631088
4332	0.1564451429025634	0.6295078843719958
4333	0.15647929199013108	0.6295765856000781
4334	0.15649614192431188	0.6296104815818702
4335	0.15653534677620792	0.6296893405225743
4336	0.15654332473601038	0.6297053866499932
4337	0.15658355015338352	0.6297862860912196
4338	0.15659407420436228	0.6298074498456872
4339	0.15668224516748142	0.6299847327831507
4340	0.15675192407853528	0.630124798975164
4341	0.15678044214629905	0.6301821160530037
4342	0.15680284369142997	0.6302271361737474
4343	0.15682568219292836	0.630273031130076
4344	0.15685838850763625	0.6303387500645127
4345	0.15689835304699137	0.6304190441235945
4346	0.15694470516647696	0.6305121588708757
4347	0.1569641004228274	0.6305511170732244
4348	0.1569787760795801	0.6305805936715202
4349	0.15699958500050926	0.630622386795471
4350	0.15703974974134485	0.6307030467697977
4351	0.1571076219256353	0.6308393261805914
4352	0.15712118127348138	0.6308665482376791
4353	0.15715435086274704	0.6309331353134705
4354	0.15718945844708862	0.631003605208817
4355	0.15723159459006447	0.6310881728281497
4356	0.15729662355963497	0.6312186643215072
4357	0.15731976690716132	0.6312650988071241
4358	0.1573274351142694	0.6312804834362377
4359	0.15737697094718167	0.6313798575327834
4360	0.1574341631266733	0.6314945716165716
4361	0.1574616765475722	0.6315497496559631
4362	0.15750055528363122	0.6316277125644852
4363	0.15753954896328504	0.6317058963029437
4364	0.15756558170440726	0.6317580875046456
4365	0.15759086378013912	0.6318087696237696
4366	0.15764130654029118	0.6319098783668963
4367	0.15766494109859588	0.6319572465074229
4368	0.15768904906938047	0.6320055597988379
4369	0.15770171672708477	0.6320309447870951
4370	0.15776772044383894	0.632163194544086
4371	0.15779797547773372	0.6322238064422633
4372	0.15784372308501143	0.632315444596555
4373	0.1578709587842217	0.6323699947873835
4374	0.1579349538611108	0.6324981515632231
4375	0.1579642645390535	0.6325568405649268
4376	0.1579821714083093	0.6325926929511644
4377	0.1580067062673885	0.6326418123229666
4378	0.15803554250792606	0.6326995382880325
4379	0.15806429077679066	0.632757082904364
4380	0.15810609836984657	0.6328407586715781
4381	0.15815969795758553	0.6329480193332441
4382	0.15819631949907767	0.633021293975312
4383	0.1582212162550881	0.6330711040996075
4384	0.15825327976631506	0.6331352467432652
4385	0.1582800008486828	0.6331886969624625
4386	0.15829890219851606	0.6332265026350968
4387	0.15835652075014417	0.6333417348760421
4388	0.15838670229588972	0.6334020870539492
4389	0.15840248383981032	0.6334336421457704
4390	0.15841435054188774	0.6334573685020773
4391	0.15845220737920415	0.6335330537539112
4392	0.1584943165518933	0.6336172298630062
4393	0.15852214778082782	0.6336728582681608
4394	0.1585688783413821	0.633766251230272
4395	0.15862240977261233	0.6338732191044807
4396	0.15866262143657725	0.6339535592081182
4397	0.15869244483225167	0.6340131377001712
4398	0.1587454218504858	0.6341189566093224
4399	0.15880816775480472	0.6342442655347451
4400	0.15883872592462897	0.6343052838437879
4401	0.15887167018753656	0.6343710601099153
4402	0.15889747041591526	0.6344225678890527
4403	0.15893204695101878	0.6344915901992267
4404	0.15898519901249758	0.6345976786737733
4405	0.15900988323592852	0.634646940941612
4406	0.15903323797434427	0.6346935464380151
4407	0.15909390137247995	0.6348145871612355
4408	0.15912966507915205	0.6348859351096129
4409	0.15915126020679649	0.6349290131167205
4410	0.15917101756674756	0.6349684225808296
4411	0.15923606022093598	0.6350981441026137
4412	0.1593048486640811	0.6352353074291871
4413	0.15932061462147162	0.6352667403864846
4414	0.1593512801657298	0.6353278745437886
4415	0.15940939824868514	0.6354437213446053
4416	0.15944354930402513	0.6355117848081594
4417	0.15947036217619992	0.6355652180765683
4418	0.1595080630095751	0.6356403415102723
4419	0.1595333552854188	0.6356907344286646
4420	0.1595745941244475	0.6357728910845851
4421	0.15965362578408665	0.6359303095234708
4422	0.1596578531332653	0.6359387286297181
4423	0.15968150541665305	0.6359858320001478
4424	0.15975061192938655	0.6361234371933403
4425	0.1597758084843403	0.6361736012803284
4426	0.1598165074196098	0.6362546208660336
4427	0.15985035565926234	0.6363219948784222
4428	0.15986231223456618	0.6363457924156627
4429	0.15990011440444865	0.6364210253755522
4430	0.15990335908083678	0.636427482437219
4431	0.1599450363897005	0.6365104164568248
4432	0.15999481571066484	0.6366094585781064
4433	0.16000269840072068	0.6366251407526137
4434	0.16003754003531617	0.6366944516247546
4435	0.16007793235472836	0.6367747950964335
4436	0.1601141847485514	0.6368468953025028
4437	0.16012206326416709	0.6368625633287233
4438	0.1601459939373972	0.6369101519626444
4439	0.16022432349231905	0.6370658935727284
4440	0.1602353762050255	0.6370878664689632
4441	0.16027018315748318	0.6371570580654001
4442	0.16028849478142665	0.6371934561244967
4443	0.16031635403324923	0.637248828039061
4444	0.16031978460236535	0.6372556461658422
4445	0.160360931518428	0.6373374184262591
4446	0.16036886949913184	0.6373531925598801
4447	0.16043818264032733	0.637490913114869
4448	0.16046421636835576	0.6375426326980133
4449	0.16051089246898814	0.6376353506916409
4450	0.1605331407462844	0.6376795402052765
4451	0.16054653610437158	0.6377061445798075
4452	0.1605941574027634	0.6378007157356246
4453	0.16060957214821803	0.6378313248808526
4454	0.16063457629148162	0.6378809726226918
4455	0.16064424856736992	0.6379001766696085
4456	0.1606728008653712	0.6379568631270242
4457	0.16067725572015626	0.6379657071425321
4458	0.1607373021613085	0.63808490258131
4459	0.16077503701054544	0.6381597969098055
4460	0.16080306219915744	0.638215414279566
4461	0.16083907603468603	0.6382868783980686
4462	0.1608988053239967	0.6384053846831809
4463	0.16092067334738028	0.6384487665763227
4464	0.16094792025080806	0.6385028149941854
4465	0.16098894282949108	0.6385841809512982
4466	0.1610273947202809	0.6386604386827768
4467	0.16107445933952702	0.6387537647730621
4468	0.16109542077233452	0.6387953255475114
4469	0.16112323321753477	0.6388504658275419
4470	0.16117400741312884	0.6389511172445148
4471	0.16121343287701126	0.6390292607500095
4472	0.16124380506687191	0.6390894536372764
4473	0.16131151730975846	0.6392236282126627
4474	0.1613468169063605	0.6392935646384504
4475	0.16136150311331654	0.639322659057967
4476	0.1613780149708997	0.6393553686400275
4477	0.1613914900857135	0.639382061269632
4478	0.16142218692024246	0.6394428639555251
4479	0.1614409701108937	0.6394800658671032
4480	0.16147884614122343	0.6395550763984638
4481	0.16152496896387852	0.6396464071826666
4482	0.1615353759366019	0.63966701289934
4483	0.1615631952911051	0.6397220917240154
4484	0.1615810551670762	0.6397574495338781
4485	0.16161685944421347	0.6398283266061289
4486	0.1616383537558016	0.6398708723288709
4487	0.16167417580089266	0.6399417720036483
4488	0.16169228351500814	0.6399776081480243
4489	0.1617038653413236	0.64000052815576
4490	0.16174291853877723	0.6400778069457349
4491	0.16178489536170754	0.6401608606273266
4492	0.16179772613098095	0.6401862449298455
4493	0.16182417278091837	0.6402385636184962
4494	0.1618473467649198	0.6402844045668408
4495	0.16188640942577956	0.6403616678154707
4496	0.16192424706471406	0.6404364991679669
4497	0.16196401692779802	0.6405151424490916
4498	0.1619840602294812	0.6405547736008713
4499	0.16201354979120666	0.6406130781644779
4500	0.16202838729064606	0.6406424117559792
4501	0.16207751487161604	0.6407395269193986
4502	0.16209318997323197	0.6407705102867519
4503	0.16215972559069047	0.6409020077524211
4504	0.1622141978812403	0.6410096438159005
4505	0.1622343628907651	0.6410494848534203
4506	0.16225620204082206	0.6410926307829411
4507	0.16228330541249641	0.6411461727926674
4508	0.16231347104188187	0.6412057589561853
4509	0.16235218497076406	0.641282222462198
4510	0.16238769539233927	0.6413523507361052
4511	0.16241822213952062	0.6414126307991478
4512	0.162483888912479	0.641542281403022
4513	0.16250250100718874	0.6415790238267317
4514	0.16252746986798067	0.6416283119359095
4515	0.16259078931078372	0.6417532864739297
4516	0.16260392166632306	0.6417792029547877
4517	0.16265610765731167	0.6418821807814431
4518	0.1626754185011057	0.6419202823898904
4519	0.1627519389794203	0.642071240268147
4520	0.16275999659321547	0.6420871340820185
4521	0.1627796886004149	0.6421259753277551
4522	0.16288794231472908	0.642339457025968
4523	0.1629193165321678	0.6424013152801069
4524	0.1629491665310459	0.6424601628148541
4525	0.1629858308200255	0.6425324369501054
4526	0.16301992976417265	0.6425996468779139
4527	0.16303394009999206	0.6426272595858685
4528	0.16311554115909402	0.6427880620082187
4529	0.16317778701420318	0.6429106961726865
4530	0.16320066649871962	0.6429557664914257
4531	0.16325480724790806	0.643062405824194
4532	0.16328049999764624	0.6431130058393979
4533	0.16330757579036034	0.6431663253497927
4534	0.1633322761405046	0.6432149631202635
4535	0.16337274330973298	0.6432946395851276
4536	0.16338647327781167	0.6433216704996022
4537	0.1634704783045046	0.6434870309127318
4538	0.16349630207362856	0.6435378553933323
4539	0.16351773793015853	0.6435800408520825
4540	0.1635822735494848	0.6437070293360603
4541	0.1635861471737434	0.6437146507743401
4542	0.16362007790331962	0.6437814063512731
4543	0.16362635021747166	0.6437937457920666
4544	0.16370036497477827	0.6439393361889593
4545	0.16371574524937343	0.6439695857586437
4546	0.16374427484667164	0.6440256933510972
4547	0.16376949024007506	0.6440752790117197
4548	0.16379076615493984	0.6441171147826864
4549	0.1638543125318325	0.6442420526549798
4550	0.16388296424845314	0.6442983765734333
4551	0.16390156715066917	0.6443349437652521
4552	0.16399924396364557	0.6445269102331458
4553	0.16400972025635496	0.6445474961351819
4554	0.16406350957578697	0.644653181727961
4555	0.16410907461798765	0.6447426946559655
4556	0.16415135661315394	0.6448257468938393
4557	0.16415295561335175	0.6448288875135917
4558	0.16421413903451326	0.6449490472807555
4559	0.16424854637295785	0.6450166109448764
4560	0.16429134311576235	0.6451006385136944
4561	0.16431542876909186	0.6451479237224599
4562	0.16437809206447862	0.6452709287306718
4563	0.16442489032488725	0.6453627761526146
4564	0.16444396280009566	0.6454002045146128
4565	0.16445174265412624	0.6454154712958038
4566	0.16448147404367813	0.6454738113026188
4567	0.1645195998058041	0.6455486153352115
4568	0.16457096888084052	0.6456493894896722
4569	0.16458754624072797	0.6456819070498548
4570	0.16459955690958214	0.6457054657281165
4571	0.16466222800953148	0.6458283798517177
4572	0.16466628873632042	0.6458363431729557
4573	0.16472485160461314	0.6459511774440773
4574	0.16479835037315593	0.646095270217233
4575	0.16482097028269527	0.6461396096025296
4576	0.16485272166978288	0.6462018433124338
4577	0.16487726230507152	0.6462499396176206
4578	0.16493340514210894	0.6463599584777581
4579	0.1649708843062379	0.6464333931312558
4580	0.16504739820675293	0.6465832844494107
4581	0.1650598965751877	0.6466077655476183
4582	0.1650778595276867	0.6466429487412062
4583	0.16509453243216668	0.6466756034652564
4584	0.1651342746407491	0.6467534339356394
4585	0.16516480508982234	0.6468132178909913
4586	0.16519361733898374	0.6468696322430317
4587	0.16522501202445428	0.6469310974018496
4588	0.1652402454816191	0.6469609196723921
4589	0.16528845169481704	0.6470552830693007
4590	0.1653449656329363	0.6471658912717091
4591	0.16536203129951307	0.6471992882134148
4592	0.16538973785446676	0.64725350534975
4593	0.16542862946706596	0.6473296021294953
4594	0.16545720831717714	0.6473855148720628
4595	0.1655120688954264	0.6474928326509118
4596	0.16557352441228126	0.6476130302712282
4597	0.16558612151755678	0.6476376655333739
4598	0.1656376218683024	0.6477383713583377
4599	0.16565549401338267	0.6477733155991465
4600	0.16567801827011375	0.6478173531259778
4601	0.16572061998656376	0.6479006362240917
4602	0.16576344725466632	0.6479843494692046
4603	0.16582709493341208	0.6481087398043242
4604	0.16587674614643677	0.6482057594642431
4605	0.1658982381455571	0.6482477508425136
4606	0.1659395302932806	0.6483284204047172
4607	0.16599292506724891	0.6484327191366828
4608	0.16601952795432634	0.648484677650282
4609	0.16610665786155238	0.648654823292432
4610	0.1661391071818875	0.64871817830949
4611	0.16618989393749298	0.6488173234617045
4612	0.16624198344202476	0.6489189960853499
4613	0.16625556653848075	0.6489455060832854
4614	0.16628801307187405	0.6490088272858331
4615	0.16631438179335972	0.6490602827525014
4616	0.16637783403944034	0.6491840856519465
4617	0.16642527636297305	0.6492766358596098
4618	0.16644303902560936	0.6493112837640062
4619	0.16650102341702686	0.649424375429959
4620	0.16652277471758908	0.6494667936781523
4621	0.16657101803833452	0.6495608653926442
4622	0.1666107914520765	0.6496384110284902
4623	0.1666593762883834	0.64973312360669
4624	0.16675681385290755	0.6499230294011837
4625	0.1667671535642332	0.6499431782400457
4626	0.16681617897213305	0.650038704808982
4627	0.1668214674619823	0.6500490086532118
4628	0.16687573274738413	0.6501547271417483
4629	0.16689001711219106	0.6501825527830772
4630	0.16691338016121193	0.6502280609432715
4631	0.16692357347046974	0.6502479151770011
4632	0.1669624159972194	0.6503235659744454
4633	0.1669899344073931	0.6503771562785794
4634	0.16704498361048917	0.6504843477513248
4635	0.167076679473158	0.6505460577296187
4636	0.16710077785353597	0.6505929719403397
4637	0.16716404781431593	0.6507161284470362
4638	0.16717305747357977	0.6507336640705076
4639	0.16720315344072093	0.6507922368390657
4640	0.16724599839021945	0.6508756125827264
4641	0.16728859755670925	0.6509584994485054
4642	0.16732720308751667	0.6510336066258002
4643	0.16734644791589276	0.6510710442616578
4644	0.16740377045658336	0.6511825430459723
4645	0.16742580837094365	0.6512254041858616
4646	0.1674430448588321	0.6512589251526011
4647	0.16748756621008884	0.6513455008604324
4648	0.16752141856985386	0.6514113220693735
4649	0.1675981803891975	0.651560550125694
4650	0.16761904570149055	0.6516011072224942
4651	0.16766905213315184	0.6516982973008028
4652	0.16768773260746123	0.6517346000474291
4653	0.16770219109533707	0.6517626965979463
4654	0.16771528467377836	0.6517881397342872
4655	0.1677421634588821	0.651840366850923
4656	0.16776736879578769	0.6518893385541769
4657	0.16782937222669708	0.6520097899923721
4658	0.16786876093596145	0.6520862972123029
4659	0.1678985341355061	0.652144121653753
4660	0.1679598231177115	0.652263138781528
4661	0.1679934692863769	0.6523284670731575
4662	0.16801880826574647	0.6523776615876634
4663	0.16803607847042837	0.652411188805117
4664	0.16813393618500883	0.6526011306800941
4665	0.16815933812295866	0.6526504268178002
4666	0.16819945013498838	0.6527282624024487
4667	0.16824380538698608	0.652814321001606
4668	0.16825720733288216	0.6528403213882642
4669	0.16831528992934733	0.652952992309519
4670	0.16834829584906424	0.6530170098376509
4671	0.16839032935554138	0.6530985279826207
4672	0.16843646851498612	0.6531879967584266
4673	0.16847194891076855	0.6532567887146193
4674	0.1685158281102349	0.6533418548604211
4675	0.16854681061807034	0.6534019122421015
4676	0.1685979285880904	0.6535009887156831
4677	0.16861851374024248	0.653540882464082
4678	0.1686390164967197	0.6535806141103055
4679	0.16865967578748195	0.6536206466564939
4680	0.16868305066142003	0.653665938368404
4681	0.1687230177435308	0.6537433722683051
4682	0.1687934645788864	0.6538798365933528
4683	0.1688097579213615	0.6539113947791326
4684	0.16881466181089358	0.6539208927074368
4685	0.16886260702242054	0.6540137464601798
4686	0.16889619915377418	0.6540787952698476
4687	0.16896708049615877	0.6542160308028468
4688	0.16899817550276464	0.6542762257115304
4689	0.1690298351637255	0.6543375080105143
4690	0.16906803247967644	0.654411437339726
4691	0.1690807390158085	0.6544360284650285
4692	0.1691153554850399	0.6545030174827393
4693	0.16916062837375495	0.6545906182193864
4694	0.16920273305365	0.6546720781131357
4695	0.1692418833033512	0.6547478129799261
4696	0.16927407647398904	0.6548100830438396
4697	0.16931802196520976	0.6548950756308787
4698	0.16933275521814792	0.6549235679461017
4699	0.1693545342741343	0.6549656837152233
4700	0.16941822117107852	0.6550888242361703
4701	0.16946425365424345	0.6551778150099216
4702	0.16950514635447583	0.6552568593314821
4703	0.1695326526477037	0.6553100227798049
4704	0.16959595096442684	0.6554323477408234
4705	0.16962129028268724	0.6554813099608872
4706	0.16964601107553728	0.6555290735031253
4707	0.16966527710444548	0.6555662953730992
4708	0.16972966088725563	0.6556906691850267
4709	0.16977557065611062	0.6557793412874309
4710	0.1697869117167781	0.655801244053144
4711	0.16983888896344487	0.6559016173219621
4712	0.16985199038871585	0.6559269150625497
4713	0.1699232343471091	0.6560644640264629
4714	0.1699401215299794	0.6560970634687103
4715	0.16996458818194357	0.6561442916353885
4716	0.16998568752983773	0.6561850171394438
4717	0.16998865178629377	0.6561907384805225
4718	0.17001467894856265	0.6562409716253889
4719	0.1701003490139259	0.6564062900753942
4720	0.17014437798729304	0.6564912370648857
4721	0.17020362809313397	0.6566055334935917
4722	0.1702162656259217	0.6566299093545196
4723	0.1702408733863905	0.6566773713509422
4724	0.17031064968149853	0.6568119331016355
4725	0.1703488019469671	0.6568854970861654
4726	0.1704328896717631	0.6570476032810448
4727	0.17049643369497444	0.6571700783423954
4728	0.17052008063631272	0.6572156497457426
4729	0.17053565209486413	0.6572456566885924
4730	0.17057226130818823	0.6573161989915556
4731	0.17059202043459937	0.6573542697120149
4732	0.17064129960115088	0.6574492083011108
4733	0.17067404588507815	0.6575122879475113
4734	0.1707726586326104	0.6577022105859247
4735	0.17080805642834823	0.657770371386326
4736	0.1708168087984338	0.657787223565593
4737	0.17087676017801567	0.6579026448530889
4738	0.17091784366613755	0.6579817290744798
4739	0.17095193019086655	0.6580473371815032
4740	0.17097016732903217	0.6580824364639377
4741	0.17101003070332552	0.6581591511853588
4742	0.17103738099613042	0.6582117800450361
4743	0.1710420015115664	0.6582206706662928
4744	0.17111850188669672	0.6583678523488091
4745	0.17117043209094554	0.6584677438952199
4746	0.17120621451688312	0.6585365651915099
4747	0.17123167853687846	0.6585855364418578
4748	0.171292724086462	0.6587029216528196
4749	0.17131092044953172	0.6587379076082397
4750	0.1713483940970985	0.6588099519423536
4751	0.17142722748006772	0.6589614860294791
4752	0.17144492302266248	0.6589954957381858
4753	0.17145749664679846	0.6590196603783772
4754	0.17148160789040914	0.6590659961330093
4755	0.171528189136428	0.6591555043640239
4756	0.1715492212246273	0.6591959146074706
4757	0.17163333419377344	0.6593575012655064
4758	0.17166982651267212	0.6594275931432814
4759	0.17171858280089652	0.6595212291652227
4760	0.17177107195401806	0.6596220192638498
4761	0.17178360805047083	0.65964608889995
4762	0.17186744282418212	0.6598070313081277
4763	0.1718791355157585	0.6598294753172345
4764	0.17191511228471948	0.6598985275917936
4765	0.17196186877488098	0.6599882592069432
4766	0.17198573846528195	0.6600340634566879
4767	0.1720233530844147	0.6601062368032132
4768	0.17207991454185487	0.6602147496928243
4769	0.17209043002596777	0.6602349216334972
4770	0.1721514714051304	0.6603520056486097
4771	0.17216658724138734	0.6603809962625267
4772	0.1722186453746859	0.6604808286520005
4773	0.17225598964969122	0.6605524348380764
4774	0.17226803383344455	0.6605755274337439
4775	0.17232746924525852	0.6606894725219272
4776	0.17233054003308018	0.6606953590708242
4777	0.17236194328927917	0.6607555545547539
4778	0.17240477105571528	0.6608376403283182
4779	0.1724489228916506	0.6609222532050664
4780	0.17247570150673425	0.660973566647033
4781	0.17254482577354974	0.6611060048278674
4782	0.17256340402958972	0.6611415951910604
4783	0.17262247393144833	0.6612547426681947
4784	0.1726298381354739	0.6612688473290558
4785	0.17266778925472973	0.6613415303426968
4786	0.17272401456665912	0.6614491969418007
4787	0.17274592735828706	0.6614911532927622
4788	0.1727752234008	0.6615472421733768
4789	0.1728170011563793	0.6616272197532137
4790	0.1728445939452893	0.6616800369281216
4791	0.17292685426661653	0.661837471814164
4792	0.17293904978641403	0.6618608091660212
4793	0.17297024936405084	0.6619205089459838
4794	0.17300461403102368	0.6619862588314575
4795	0.17304469041264364	0.6620629286874854
4796	0.17306637320484852	0.6621044061902481
4797	0.1730953385525696	0.6621598106042522
4798	0.17313325473066987	0.6622323290059163
4799	0.1731544022260249	0.6622727722110654
4800	0.1732188494705864	0.662396008132388
4801	0.17327344503979755	0.6625003877599793
4802	0.17329845000587699	0.662548188512464
4803	0.1733183758943207	0.662586277375423
4804	0.17336088857195298	0.6626675341652825
4805	0.1733882588516485	0.6627198431955271
4806	0.17339616629647409	0.6627349548325061
4807	0.17345025520153415	0.662838312979837
4808	0.17348705033780684	0.6629086153633653
4809	0.17354120940668985	0.6630120804684683
4810	0.17358518659322658	0.6630960823002908
4811	0.17359192947112442	0.6631089610850122
4812	0.17363658983412822	0.6631942553221637
4813	0.17365553170001682	0.663230427980458
4814	0.17371292401081548	0.6633400161461269
4815	0.1737574482396023	0.6634250207897039
4816	0.17378689970420771	0.6634812428706559
4817	0.17382632185614386	0.663556491279094
4818	0.17389250642383838	0.6636828041972475
4819	0.17390309773377544	0.6637030154282936
4820	0.1739438901055568	0.663780853123572
4821	0.17398263829393273	0.6638547817717722
4822	0.17401096600475116	0.663908823718304
4823	0.17406144838266324	0.6640051201369945
4824	0.17410850888988497	0.6640948766746725
4825	0.17411714798764166	0.6641113523467385
4826	0.17412977252117315	0.664135427930805
4827	0.17415914776385855	0.6641914445337472
4828	0.17420128072383023	0.6642717809949704
4829	0.1742354596696921	0.6643369441085744
4830	0.17425218545489077	0.6643688299554515
4831	0.17429100982104145	0.6644428383877151
4832	0.1743111044533195	0.6644811402763232
4833	0.17435185337898845	0.6645588040327821
4834	0.17439277990542315	0.6646367971456559
4835	0.17442960761836884	0.664706971384181
4836	0.1744475343598208	0.6647411276379063
4837	0.17448009710119927	0.6648031657271357
4838	0.17450426798323493	0.6648492120174927
4839	0.17452066194610794	0.664880441217342
4840	0.17456091197164444	0.6649571081048216
4841	0.17459181718847183	0.6650159693179527
4842	0.17464878576729176	0.6651244564319203
4843	0.17467066540309967	0.6651661178298394
4844	0.17469211171367355	0.6652069515933678
4845	0.17473353353432342	0.6652858116220419
4846	0.17477309949483413	0.665361129684028
4847	0.17479642547657995	0.6654055292048819
4848	0.17481288234606443	0.6654368520256627
4849	0.1748304679199597	0.6654703215117047
4850	0.17489577550419064	0.6655946024843699
4851	0.1748992512129727	0.6656012161418609
4852	0.1749521857421308	0.6657019330438487
4853	0.17497382633757214	0.6657431035519307
4854	0.175020755151106	0.6658323753020368
4855	0.1750483305533091	0.6658848258596545
4856	0.17508933354114362	0.6659628090904813
4857	0.1751267197422809	0.6660339056275556
4858	0.17517310518569262	0.666122105282727
4859	0.17523462022725608	0.6662390551197983
4860	0.17527858556704615	0.6663226276164043
4861	0.17531024033974407	0.6663827928072567
4862	0.17531509543973003	0.6663920202564969
4863	0.17534698908651702	0.66645263313505
4864	0.17538176984799347	0.6665187266016548
4865	0.1754016184498716	0.6665564417261356
4866	0.1754641411050001	0.6666752295850011
4867	0.17549491412737703	0.6667336880033347
4868	0.17550962267395162	0.6667616274968556
4869	0.1755312991180099	0.6668028006663613
4870	0.1755530454068296	0.6668441039475406
4871	0.17562672506540092	0.6669840265891552
4872	0.1756429571034063	0.6670148483787208
4873	0.1756601457470445	0.6670474850418588
4874	0.17570150493014303	0.6671260085885992
4875	0.17572770422549208	0.6671757451569733
4876	0.17581153900985794	0.667334871646458
4877	0.1758634300167098	0.6674333467630349
4878	0.17590237513879609	0.6675072445434669
4879	0.17594800597110807	0.667593817951127
4880	0.17597560978461096	0.6676461840249037
4881	0.17602647375215683	0.6677426652371199
4882	0.1760795306217772	0.6678432911984489
4883	0.1761463319191043	0.6679699628439031
4884	0.1761732354879954	0.6680209718248485
4885	0.17621420206461444	0.6680986366912235
4886	0.1762380695987682	0.66814388085125
4887	0.17626462058350945	0.6681942082576097
4888	0.176273054454822	0.6682101938721252
4889	0.17634288173754445	0.6683425302702825
4890	0.17638440571703476	0.668421213933929
4891	0.17639164766653423	0.6684349357336828
4892	0.17644550592996933	0.6685369757046681
4893	0.17645276900275086	0.6685507351447817
4894	0.17651584537119083	0.668670217499208
4895	0.17660846873987068	0.6688456305487902
4896	0.17668446755997524	0.6689895251530368
4897	0.176704835511027	0.6690280841543401
4898	0.17675267462012545	0.6691186406506884
4899	0.17677978702024974	0.6691699573188027
4900	0.17687637419829835	0.6693527395613218
4901	0.17694605088873225	0.6694845652268495
4902	0.17696242473623086	0.6695155401611165
4903	0.17699615055990212	0.6695793358718615
4904	0.17704037373223308	0.6696629791400796
4905	0.17708499401594596	0.6697473629136674
4906	0.17716479672333169	0.6698982555202964
4907	0.17717684240329365	0.66992102878842
4908	0.1772167318723215	0.6699964373176838
4909	0.17723981581851922	0.6700400721876315
4910	0.17726786933798158	0.670093097063507
4911	0.17732546099535762	0.6702019397946746
4912	0.177336108710529	0.6702220610231806
4913	0.17735792096286748	0.6702632782443032
4914	0.17737647171825285	0.6702983304284326
4915	0.1774342786182895	0.6704075464697238
4916	0.17746107087057553	0.6704581597172414
4917	0.17750400677491224	0.6705392619732802
4918	0.17754408109321446	0.6706149500882063
4919	0.1776384032076549	0.6707930619713197
4920	0.17765508586520778	0.6708245595191877
4921	0.17768886130127015	0.6708883244125946
4922	0.1777175106517864	0.6709424069812446
4923	0.1777493124277181	0.6710024354093636
4924	0.17777287028700864	0.6710468993147966
4925	0.1778247919928394	0.6711448877085601
4926	0.17787113351923506	0.6712323329183654
4927	0.17792028556402106	0.6713250690529725
4928	0.17796212071558534	0.6714039901697588
4929	0.1779881681705767	0.6714531234495534
4930	0.17802916346202732	0.6715304455320963
4931	0.17804209971068138	0.6715548430152113
4932	0.1780917183977047	0.6716484145590816
4933	0.17810630952008635	0.6716759282008701
4934	0.1781777436708474	0.6718106112158788
4935	0.1782608271110994	0.6719672240184119
4936	0.17829855129535038	0.6720383222927468
4937	0.1783190564523054	0.6720769649373531
4938	0.1783643451227089	0.6721623050586187
4939	0.1783810963188378	0.6721938675837578
4940	0.178441199758049	0.672307102005705
4941	0.17847279291865842	0.6723666156331944
4942	0.1785205667814782	0.6724565996599924
4943	0.17853898492865639	0.6724912877785929
4944	0.17860091378543486	0.6726079093832638
4945	0.17865887138677083	0.6727170341861326
4946	0.17872028889851035	0.6728326541264814
4947	0.1787251671354681	0.6728418366729702
4948	0.1787731935868293	0.6729322325464498
4949	0.17880421069644806	0.6729906068114695
4950	0.17884967428184204	0.6730761602252959
4951	0.17890955977463885	0.6731888362034906
4952	0.1790011861615349	0.6733611969355079
4953	0.1790560987069537	0.673464473183949
4954	0.17908762453381524	0.6735237579278733
4955	0.17911402636842771	0.6735734029203048
4956	0.1791308085802709	0.673604957642724
4957	0.17921462996225143	0.6737625405154619
4958	0.17922957212544705	0.6737906276755351
4959	0.17925948129356498	0.673846845174261
4960	0.17929202916801995	0.6739080170768511
4961	0.17935687343254003	0.6740298716832586
4962	0.17937120908920373	0.6740568081133065
4963	0.17943271524778054	0.6741723648175296
4964	0.1794650205741191	0.6742330515713783
4965	0.17951023175091085	0.6743179732737015
4966	0.17953144250720698	0.6743578104784713
4967	0.17961769359034624	0.6745197796204689
4968	0.17967106997299506	0.67461999455694
4969	0.1797136023974839	0.674699839147641
4970	0.1797472541385793	0.6747630056559617
4971	0.179786895200034	0.6748374069237625
4972	0.1798320233581168	0.6749220967959495
4973	0.1799023395433392	0.6750540346678933
4974	0.17993947766892063	0.675123708436082
4975	0.17995474622302057	0.6751523512451462
4976	0.18003469125028693	0.6753023030551895
4977	0.18007349605456222	0.6753750767012219
4978	0.18008278683136877	0.6753924992489658
4979	0.18012058711560078	0.6754633796737671
4980	0.1801483072562296	0.6755153537979821
4981	0.18017102378575262	0.6755579433759333
4982	0.18020055644081634	0.6756133080006088
4983	0.18022517509198735	0.675659456915579
4984	0.18029111660292726	0.6757830521091831
4985	0.180338280185856	0.6758714376782192
4986	0.1803631810118506	0.6759180976999586
4987	0.18044312661182998	0.6760678807404058
4988	0.18044871741064972	0.6760783542073185
4989	0.18046314575817574	0.6761053826578536
4990	0.1804922581220668	0.6761599152110023
4991	0.18053467129988715	0.6762393546464571
4992	0.1805763150542026	0.6763173438813003
4993	0.1806062960671182	0.6763734858992984
4994	0.18062083807853163	0.6764007153846046
4995	0.1806614763006419	0.6764768034396845
4996	0.18069776646387098	0.6765447432722607
4997	0.18072294694578017	0.6765918803497011
4998	0.18075572375244442	0.6766532325913723
4999	0.18081424577427552	0.6767627613790758
5000	0.1808214920103316	0.6767763220738385
5001	0.180857516286868	0.6768437343126453
5002	0.1809036361378043	0.6769300286037575
5003	0.18093000681480984	0.676979365513232
5004	0.1809534903932047	0.6770232979223809
5005	0.18098918901424516	0.6770900764249788
5006	0.1810108619232399	0.677130614957713
5007	0.18106756268168886	0.6772366605641243
5008	0.1810929625606918	0.6772841597565921
5009	0.1811199748188998	0.677334670533392
5010	0.1812051198052348	0.6774938602500912
5011	0.18122912307003414	0.6775387307428336
5012	0.18125339830142073	0.6775841066141259
5013	0.18128011654212264	0.6776340455071642
5014	0.18130905391609742	0.6776881280168604
5015	0.1813301437877554	0.6777275412169673
5016	0.18138302163825284	0.677826350390765
5017	0.18142757946763302	0.6779096013366652
5018	0.1814333977885855	0.6779204714150359
5019	0.18152263536042806	0.6780871676810983
5020	0.18164036859246835	0.6783070313172981
5021	0.18166144586500638	0.6783463850346237
5022	0.1817235775099512	0.6784623787541818
5023	0.1818225617266238	0.6786471316779795
5024	0.18184086362848811	0.6786812864620329
5025	0.18185369418568847	0.6787052296651539
5026	0.1819146396985363	0.6788189490301287
5027	0.18193430773082725	0.6788556439112639
5028	0.1819907948157148	0.6789610215084213
5029	0.1820109921906614	0.6789986960784078
5030	0.18205281423672381	0.6790767009377139
5031	0.18211278652231253	0.6791885432856929
5032	0.18216508389721103	0.6792860576581414
5033	0.18219610978724599	0.6793439023251143
5034	0.18222304812833512	0.679394122171697
5035	0.1822357130040424	0.6794177314041748
5036	0.1822869951630778	0.6795133206735321
5037	0.182347255529257	0.67962562802143
5038	0.18236691853864068	0.6796622699901462
5039	0.18241721446493647	0.6797559873350285
5040	0.18250008928000275	0.6799103813568435
5041	0.18251017902135386	0.6799291759368954
5042	0.18253171578278196	0.6799692916185535
5043	0.18260415569451824	0.6801042052393902
5044	0.1826532110113323	0.6801955517007107
5045	0.18266791794766687	0.6802229352634152
5046	0.1827683843745807	0.6804099691294543
5047	0.18278427811982523	0.6804395530962144
5048	0.18294865804502267	0.6807454477502005
5049	0.1829856969454029	0.6808143544780301
5050	0.18298893339669123	0.6808203752020228
5051	0.18302115410911082	0.6808803120286671
5052	0.18303646456964687	0.6809087906304772
5053	0.1830701738129183	0.6809714881465943
5054	0.18309810221284745	0.6810234292093503
5055	0.18321730185587928	0.6812450714355376
5056	0.18329993650504287	0.6813986816591745
5057	0.1833502994684032	0.6814922848010755
5058	0.18341117290358377	0.6816054052427001
5059	0.1834449250639214	0.6816681184249358
5060	0.183490723618772	0.681753205178895
5061	0.18358269921830592	0.6819240497937082
5062	0.18363905407910755	0.6820287077661114
5063	0.18365170379410048	0.6820521976502373
5064	0.18366818334753812	0.6820827981382009
5065	0.18370117239201633	0.682144050580162
5066	0.18375877582997524	0.6822509926375027
5067	0.18377108799260014	0.6822738482655826
5068	0.18389155470727772	0.6824974357316287
5069	0.18397671232942184	0.6826554449772728
5070	0.18399119668658198	0.6826823169398964
5071	0.18405559510083208	0.6828017786674214
5072	0.1841087562810412	0.6829003791139716
5073	0.18413238612555466	0.6829442018857848
5074	0.18421407580340074	0.6830956779696027
5075	0.18426168738384352	0.6831839479985836
5076	0.18429410313988712	0.6832440390316149
5077	0.18434396551030455	0.683336461585379
5078	0.184390880428303	0.6834234094670882
5079	0.18442771431665422	0.6834916663257856
5080	0.18443998385770852	0.683514401492294
5081	0.18445948354244077	0.6835505323864719
5082	0.18449899384479068	0.6836237350259774
5083	0.18454562773409763	0.6837101257934309
5084	0.18456113593726506	0.6837388528159052
5085	0.1845874203693659	0.6837875387094507
5086	0.18460909163816844	0.6838276771669162
5087	0.18464123939295993	0.6838872153167519
5088	0.18465369443804733	0.6839102808640009
5089	0.18469001779951777	0.6839775437987416
5090	0.18477366600294665	0.6841324168576994
5091	0.18478690399390277	0.6841569235331809
5092	0.1848724525202378	0.6843152730775046
5093	0.18488322022196158	0.6843352013993165
5094	0.1848926495331634	0.6843526522185392
5095	0.1849437593944539	0.6844472334589697
5096	0.1849656256030021	0.6844876939309817
5097	0.18500629499170534	0.6845629407936311
5098	0.18503494247051824	0.6846159396476187
5099	0.1851131630749454	0.6847606296548487
5100	0.18513675340417776	0.684804260301682
5101	0.1851722579794037	0.684869921274858
5102	0.18527142027716303	0.6850532753747396
5103	0.18531300179881247	0.6851301462689219
5104	0.18534740138559772	0.6851937335511408
5105	0.1853677653374387	0.6852313733261005
5106	0.1854039022033472	0.6852981619274049
5107	0.18544997329412058	0.6853833016475827
5108	0.1854929234283112	0.6854626642919537
5109	0.18552219502228107	0.6855167466604681
5110	0.18554381270866338	0.6855566848855519
5111	0.18557432465994478	0.6856130511205073
5112	0.18561531395513117	0.6856887653771432
5113	0.18573073281396973	0.6859019188990043
5114	0.18574360967284073	0.6859256955486561
5115	0.1858907255417457	0.6861972811541059
5116	0.18594009979381304	0.6862884051948227
5117	0.18595539045947357	0.6863166228596329
5118	0.18600814635454765	0.6864139706160003
5119	0.18604563856361694	0.6864831446815448
5120	0.18606949761788596	0.6865271616056875
5121	0.18614002875704197	0.6866572660978668
5122	0.18616420764547664	0.6867018617456209
5123	0.186210076633123	0.6867864547499186
5124	0.18629945988055824	0.6869512681688117
5125	0.18634370681927023	0.6870328402950245
5126	0.18635969497091026	0.6870623131165565
5127	0.1863829610072896	0.687105199852038
5128	0.18640692875784035	0.6871493772718609
5129	0.18644788174730215	0.6872248553561571
5130	0.18648317248301746	0.6872898910191966
5131	0.18653125433139145	0.6873784889287308
5132	0.18660136240097036	0.687507652944185
5133	0.186619836880689	0.6875416854712483
5134	0.18665332015232686	0.6876033619598863
5135	0.18667828391289426	0.6876493418325808
5136	0.18673895149770203	0.687761070510952
5137	0.1867897268983636	0.6878545672617059
5138	0.18679901176771363	0.6878716628496988
5139	0.18681888346206307	0.6879082497989385
5140	0.18693780800994375	0.6881271681458506
5141	0.186970839918813	0.6881879614924048
5142	0.18700786061963195	0.6882560896016542
5143	0.18703138050921522	0.68829936906122
5144	0.18704646367182073	0.6883271224841379
5145	0.18708555955692052	0.6883990547503489
5146	0.18712848351611505	0.6884780216099978
5147	0.18723842001739913	0.6886802296066026
5148	0.1872786785846828	0.6887542629946193
5149	0.18731121120719407	0.688814082963455
5150	0.1873704129626885	0.6889229279733309
5151	0.1873902663864253	0.6889594255086244
5152	0.18742879974354926	0.6890302577761338
5153	0.18747228410177755	0.6891101822620413
5154	0.18753550466533497	0.6892263654674955
5155	0.18757763783499298	0.6893037845689514
5156	0.1877068461666965	0.6895411488437864
5157	0.18770927406682267	0.6895456082752428
5158	0.18773851690182916	0.6895993176171928
5159	0.18778326677353616	0.6896815001197053
5160	0.1878065809276977	0.6897243123522392
5161	0.1878561402995548	0.6898153103586792
5162	0.18787784882632313	0.6898551664994199
5163	0.1878972761059675	0.6898908323931927
5164	0.18795717237276377	0.6900007823447838
5165	0.18803436791029868	0.6901424622622164
5166	0.18806597296766325	0.690200459839686
5167	0.18811184139041537	0.6902846230614444
5168	0.18814432761215327	0.6903442252934927
5169	0.18820962746827405	0.6904640148943141
5170	0.1882362431412983	0.6905128341684572
5171	0.18827205375547382	0.6905785136367676
5172	0.18827465985792416	0.6905832931887316
5173	0.1882950894779779	0.6906207596528949
5174	0.1883254692893668	0.6906764702990736
5175	0.18836088639729753	0.6907414126916356
5176	0.18841740185596983	0.6908450293202195
5177	0.1884233511283518	0.690855935937044
5178	0.18847172722351924	0.6909446159425879
5179	0.18848015692128137	0.6909600675682588
5180	0.1885271274710432	0.6910461582024958
5181	0.18857304564543137	0.6911303096095278
5182	0.18860954204760502	0.6911971870079238
5183	0.18865219614151413	0.6912753397957688
5184	0.18875810130833245	0.6914693459085841
5185	0.1888104972039532	0.6915653090528388
5186	0.18899867308125246	0.6919098436581427
5187	0.189029149800656	0.6919656278914074
5188	0.18905404573173862	0.6920111937774567
5189	0.18907424401823367	0.692048159574678
5190	0.18911666239209768	0.692125784931423
5191	0.18914103693763298	0.6921703862576535
5192	0.1892004261227145	0.6922790464656009
5193	0.1892344074552647	0.6923412120452201
5194	0.18927388585964433	0.692413426980428
5195	0.1892795680068585	0.6924238202934816
5196	0.1894214924735361	0.6926833661809221
5197	0.1894414735271941	0.6927198989374617
5198	0.18946679654042578	0.692766196003962
5199	0.18951989590759885	0.6928632654385439
5200	0.18956667040898578	0.6929487613022505
5201	0.18960456362341213	0.6930180159446064
5202	0.1896481068294178	0.6930975881166654
5203	0.1897348365267068	0.6932560533762914
5204	0.18976877799396674	0.6933180585300187
5205	0.18979794492360216	0.6933713370047155
5206	0.18981001806101477	0.6933933894940449
5207	0.1898721928763175	0.6935069453445115
5208	0.1899130831762553	0.6935816171012902
5209	0.189954391423449	0.6936570439297601
5210	0.18997696513836046	0.693698258957916
5211	0.18999736458783503	0.69373550211188
5212	0.19000984791358025	0.6937582918595931
5213	0.19002509947000032	0.6937861343149455
5214	0.19010528700266305	0.6939325021648823
5215	0.19013771477962713	0.6939916844454731
5216	0.190205573427542	0.6941155134721468
5217	0.19027436705127604	0.694241026105024
5218	0.19031427246350666	0.694313822358028
5219	0.1903604185555453	0.6943979934692361
5220	0.1903801165412248	0.6944339197610734
5221	0.19044190398157249	0.6945465991058767
5222	0.19045837427385665	0.6945766322496625
5223	0.19049897012376468	0.6946506521672673
5224	0.1905142757245605	0.6946785573890617
5225	0.19052783327009729	0.6947032746145555
5226	0.19058294621182134	0.6948037438532352
5227	0.1906301412483726	0.6948897674427569
5228	0.19067105559040193	0.6949643344343245
5229	0.19072084538161205	0.6950550662719143
5230	0.19074186931852322	0.6950933745940828
5231	0.19079347111427256	0.69518739076613
5232	0.19084493492869903	0.6952811428804005
5233	0.19088487129061946	0.6953538866157395
5234	0.19094979123760933	0.6954721214962155
5235	0.1909673126621411	0.6955040287915509
5236	0.19099559249906092	0.6955555245478621
5237	0.19105463167533782	0.6956630187882955
5238	0.19109265820378352	0.6957322459333589
5239	0.19113373344702445	0.6958070155137134
5240	0.19116649802314992	0.6958666513628843
5241	0.19117990965116538	0.695891060820322
5242	0.19125309828783438	0.6960242506638034
5243	0.19128386082068213	0.6960802252026236
5244	0.19131454972699083	0.6961360612882795
5245	0.19136598399296487	0.696229631905818
5246	0.19139338252698	0.696279470931857
5247	0.19146619575360352	0.6964119037601729
5248	0.19147966469231348	0.696436398330237
5249	0.19153846721245837	0.6965433263213422
5250	0.19162456803046343	0.6966998646208398
5251	0.1917413285370873	0.6969120885600593
5252	0.19182875966362398	0.6970709611021804
5253	0.19183804290614342	0.6970878277089109
5254	0.1918877462501867	0.6971781261494138
5255	0.19196062357614688	0.6973105047283069
5256	0.19196174966486074	0.6973125500236471
5257	0.19198079194939718	0.6973471352853686
5258	0.1920194600673282	0.6974173603931105
5259	0.1920918958517818	0.6975488918801533
5260	0.1921319918022033	0.6976216888774059
5261	0.192146785593353	0.6976485461196943
5262	0.19218067932903923	0.6977100742703933
5263	0.1922438885273648	0.6978248050250426
5264	0.19225431447451827	0.6978437273064094
5265	0.19229203557188587	0.6979121838718498
5266	0.19234426879629782	0.6980069660826403
5267	0.192448123496772	0.6981953822029009
5268	0.19246959397945249	0.698234328214703
5269	0.1925134524850168	0.6983138778442614
5270	0.19252679139854578	0.6983380698863432
5271	0.19256755836073336	0.6984120014534241
5272	0.19260268287993326	0.6984756940801258
5273	0.1926130098273322	0.6984944192218497
5274	0.19268540949205643	0.6986256824489505
5275	0.19272394158872908	0.6986955324877732
5276	0.19277142137513226	0.6987815930763709
5277	0.19283978771589055	0.6989054934585818
5278	0.19289034380501033	0.6989971021802427
5279	0.19293125451582863	0.6990712244811014
5280	0.19296113056477848	0.6991253491424743
5281	0.19300801980618412	0.6992102871451551
5282	0.19314665026781258	0.6994613504056236
5283	0.19317364051618735	0.6995102199461317
5284	0.19323002108928714	0.699612293680691
5285	0.1933013131120795	0.6997413424062918
5286	0.1933120728706672	0.69976081703641
5287	0.19335265380468947	0.6998342616407194
5288	0.1933751254370537	0.6998749281664322
5289	0.1934420492757264	0.699996025088523
5290	0.19348818989670563	0.7000795031266541
5291	0.19352449654431098	0.7001451824520619
5292	0.19358708968073307	0.7002584000050555
5293	0.193609091233083	0.7002981917446389
5294	0.19365806702457694	0.7003867606472538
5295	0.1936899772967901	0.700444461862435
5296	0.19373865991280678	0.7005324822310092
5297	0.19383572891653297	0.7007079543716034
5298	0.1938589193465099	0.700749869329291
5299	0.19391468028081357	0.7008506427632663
5300	0.19395691336615797	0.7009269584747183
5301	0.19400155749832576	0.7010076219446595
5302	0.19408857948780517	0.7011648274828159
5303	0.19411128352054852	0.7012058366027782
5304	0.19413962916339206	0.7012570325051487
5305	0.1941794605974677	0.7013289669186137
5306	0.1942176176177017	0.7013978704704789
5307	0.19424375931114826	0.7014450729626704
5308	0.1943530357726816	0.7016423525517625
5309	0.1943750580276682	0.7016821031763131
5310	0.19440516466907187	0.7017364426417679
5311	0.1944322370588936	0.7017853019948951
5312	0.19445240735860855	0.7018217024730157
5313	0.19452508834373655	0.7019528510863263
5314	0.19453797813882198	0.7019761074143532
5315	0.1945991156106175	0.7020864038035787
5316	0.19466078912293838	0.7021976496952899
5317	0.19473074958152964	0.7023238221429385
5318	0.1947627585326478	0.7023815421619898
5319	0.19478448524383674	0.7024207180687597
5320	0.1948539561148915	0.702545967851493
5321	0.19486637696092673	0.7025683591757853
5322	0.19494427312982962	0.7027087679941701
5323	0.1949636600245896	0.7027437087544841
5324	0.19502201577050976	0.7028488721092767
5325	0.19508680968389489	0.7029656193052859
5326	0.19515598895830258	0.7030902467496525
5327	0.1952372762323747	0.7032366587039953
5328	0.1952698182588679	0.7032952637841722
5329	0.19530249426650872	0.7033541052382852
5330	0.19544186090894464	0.7036050150368227
5331	0.19553029381848389	0.7037641795102471
5332	0.1955568910558776	0.7038120430563213
5333	0.1955840364271301	0.7038608896506324
5334	0.19559335905827882	0.7038776644278139
5335	0.19563344464490748	0.7039497883070174
5336	0.1956841164561949	0.704040948848121
5337	0.19574642371639267	0.704153025832337
5338	0.1958275627659924	0.7042989503062839
5339	0.1958842921918132	0.7044009573509045
5340	0.19593775617692624	0.7044970791800806
5341	0.19595668195061847	0.7045311023071142
5342	0.1961024556236604	0.7047931066246446
5343	0.1961553133520503	0.7048880856815439
5344	0.19616828025727276	0.7049113837146027
5345	0.19622166431884328	0.705007292372307
5346	0.19626871028195597	0.7050918033241325
5347	0.19641325167035312	0.705351386706616
5348	0.19644152885323585	0.7054021588214519
5349	0.19649725207560015	0.7055022000257486
5350	0.19653335153179072	0.7055670026524447
5351	0.19660282799299025	0.7056917040493789
5352	0.1966509765350802	0.7057781116229367
5353	0.19666648392328445	0.7058059389940363
5354	0.19672254191783167	0.7059065236122315
5355	0.1967330784027038	0.7059254275816123
5356	0.19682149421785364	0.7060840383286197
5357	0.19689218039578787	0.7062108179310903
5358	0.196909782902856	0.7062423854698863
5359	0.19698807488647443	0.7063827736755137
5360	0.19710488476164062	0.706592177862123
5361	0.19716851790824075	0.7067062264189443
5362	0.1972193173633508	0.7067972601689624
5363	0.19726961901067255	0.7068873902847194
5364	0.19729657545153279	0.706935685904972
5365	0.19734226446125522	0.707017535581393
5366	0.19739848328443496	0.7071182359141392
5367	0.19742770789397102	0.707170577981785
5368	0.1975040014336449	0.7073072035238713
5369	0.19754561029734774	0.7073817050502544
5370	0.19764488266901314	0.7075594225892939
5371	0.19766708138427316	0.7075991566540704
5372	0.19771222120338422	0.7076799467238948
5373	0.19777058278424595	0.7077843870886735
5374	0.1977863750311364	0.7078126452919486
5375	0.197850508483206	0.7079273922988932
5376	0.1979033129714389	0.7080218556643516
5377	0.19796571756489073	0.7081334766696727
5378	0.19800662944735647	0.7082066448355491
5379	0.19803429395849828	0.708256116679972
5380	0.19808031113908622	0.7083384005507259
5381	0.19812943329259322	0.7084262259143245
5382	0.19821236201118062	0.7085744692418832
5383	0.19825980019754097	0.7086592557719505
5384	0.19829530838356893	0.7087227131094499
5385	0.1983054171728861	0.7087407776752362
5386	0.1983442863905895	0.7088102332912222
5387	0.19836502374694542	0.7088472862018057
5388	0.1983834309364341	0.7088801740148639
5389	0.19840818197709076	0.7089243938740988
5390	0.19847040463934162	0.7090355478214958
5391	0.19848879367206024	0.7090683944716277
5392	0.19852531233832743	0.7091336199200294
5393	0.1986220500453444	0.7093063727159191
5394	0.1986287666816846	0.7093183656257763
5395	0.19878588147629192	0.7095988445862165
5396	0.1988575088147947	0.7097266758450835
5397	0.198890873835253	0.7097862135814338
5398	0.19896440535922336	0.709917408235934
5399	0.19898207338175217	0.709948927839406
5400	0.19905182167491398	0.7100733445432859
5401	0.19908692022033664	0.7101359449324314
5402	0.19914707378688024	0.7102432196432378
5403	0.1991962110365838	0.7103308364112865
5404	0.19922891995565822	0.7103891537859327
5405	0.19924367071768245	0.7104154516431949
5406	0.19928390814495667	0.7104871825215382
5407	0.19931686905231513	0.7105459362216558
5408	0.19935144225548057	0.7106075586621743
5409	0.1993718577623723	0.7106439442582386
5410	0.19943817052470755	0.7107621175190927
5411	0.1994611192705666	0.710803008964216
5412	0.19951219838068632	0.710894016327361
5413	0.19954131180695633	0.7109458823428902
5414	0.1996246624400738	0.7110943518552961
5415	0.1996993811871709	0.7112274193519067
5416	0.1997111384533805	0.7112483557388389
5417	0.1997893043733848	0.711387531609638
5418	0.19980433661010355	0.7114142936644549
5419	0.19989506724255174	0.7115758010268346
5420	0.19996177079326205	0.7116945149955967
5421	0.20000090504911797	0.7117641539884957
5422	0.20007668028833536	0.7118989758569909
5423	0.20012963585976754	0.7119931810458074
5424	0.20018554034603717	0.7120926186766513
5425	0.20024835427038234	0.7122043296013599
5426	0.20027313024924212	0.7122483874257235
5427	0.20032268473379233	0.7123364993921919
5428	0.20033976833627817	0.7123668729222012
5429	0.20038587208449654	0.7124488359141953
5430	0.20042073280973027	0.7125108048613054
5431	0.2004591180037913	0.7125790327230755
5432	0.2005402373113667	0.712723196958763
5433	0.20056612203813723	0.7127691928401566
5434	0.200587039149794	0.7128063593465008
5435	0.20068887500404503	0.7129872783978342
5436	0.2007051489464083	0.7130161860257691
5437	0.2007715961014395	0.7131342048624003
5438	0.20081174103943505	0.7132054980583346
5439	0.20085915934740337	0.7132896988166311
5440	0.20091331902656762	0.713385858079576
5441	0.20101189132420344	0.713560837668933
5442	0.20104194249620652	0.7136141741604811
5443	0.20106998525474828	0.7136639424126535
5444	0.20108540910574266	0.713691314064394
5445	0.20114502462410022	0.7137970997721269
5446	0.20116902173651402	0.7138396774059038
5447	0.20120822260775328	0.7139092253261919
5448	0.20121174472516387	0.7139154737316391
5449	0.20125837792299675	0.7139981981094545
5450	0.20130128398413294	0.7140743023145976
5451	0.20134857096984063	0.7141581677473066
5452	0.20135266997858658	0.7141654370456759
5453	0.20138520244356095	0.7142231284179476
5454	0.2014102749428208	0.714267587497633
5455	0.20153238673147322	0.7144840791255389
5456	0.20155650111285894	0.7145268236850948
5457	0.20159627601504837	0.7145973221120917
5458	0.2016187386112854	0.7146371325300362
5459	0.20167920264098843	0.7147442818010076
5460	0.2017045791211047	0.7147892470807823
5461	0.20176417576365197	0.7148948368826451
5462	0.20179071127443401	0.714941845911618
5463	0.20183565222253638	0.7150214540745926
5464	0.20189938465129742	0.7151343341743299
5465	0.2019475103740767	0.7152195605510907
5466	0.2019619712537144	0.7152451674991891
5467	0.2020306666556273	0.7153667990037126
5468	0.2020545111513957	0.7154090130339457
5469	0.2020668060438012	0.7154307788014834
5470	0.20208690026142012	0.715466350364818
5471	0.20211684412339795	0.7155193548694816
5472	0.2021809415567205	0.7156328024121115
5473	0.20220087000551	0.7156680705737243
5474	0.2022332259787951	0.7157253285140356
5475	0.20225734516700525	0.7157680074535282
5476	0.20235655511904893	0.7159435328560032
5477	0.2023809938909258	0.7159867641030032
5478	0.20240191681760586	0.7160237738812308
5479	0.20247046863147047	0.7161450192078556
5480	0.20252944162509678	0.7162493063690883
5481	0.2025589862900899	0.7163015471049268
5482	0.20259974324374425	0.7163736071035804
5483	0.2026069618344177	0.7163863691182175
5484	0.20263997089218438	0.7164447241612628
5485	0.2026869147362204	0.7165277056224764
5486	0.202770691614722	0.716675772045473
5487	0.20279012866395352	0.7167101205214406
5488	0.20280867826311938	0.7167428991915188
5489	0.20284357294799807	0.7168045569127351
5490	0.20292832588996879	0.7169542903985426
5491	0.20299228685875492	0.7170672698900304
5492	0.20305574846984448	0.717179349735046
5493	0.20310512025350522	0.7172665333579998
5494	0.20318533788567072	0.7174081638171347
5495	0.20325132781231378	0.7175246531990586
5496	0.20329867146565384	0.7176082154095853
5497	0.20332313382628334	0.717651388005829
5498	0.2033454536232906	0.7176907770154206
5499	0.203360218430632	0.7177168321189864
5500	0.2033983928900146	0.7177841932936287
5501	0.2034537010167775	0.7178817766623905
5502	0.20346213194488003	0.717896650677743
5503	0.20349469905485193	0.717954103343385
5504	0.2035151314943838	0.7179901465072996
5505	0.20358527103731272	0.7181138600663389
5506	0.2036174396354532	0.7181705925686446
5507	0.20369371436816489	0.7183050926907547
5508	0.20372633883397392	0.7183626138119863
5509	0.20376882601631274	0.7184375172643277
5510	0.20378012586636	0.7184574371996473
5511	0.2037911595635891	0.7184768874146719
5512	0.2038117939320199	0.7185132602916394
5513	0.20382796298011863	0.718541760715568
5514	0.20386228493943273	0.7186022546797528
5515	0.2038658633230404	0.7186085614452377
5516	0.20388282736114965	0.7186384591663066
5517	0.2040074589869812	0.7188580740238266
5518	0.20404416000034323	0.7189227325256486
5519	0.20411101995906422	0.7190405090091246
5520	0.2041939914358101	0.7191866397549282
5521	0.20421186588575332	0.7192181166465641
5522	0.20423211821192352	0.7192537793116732
5523	0.20425705396048693	0.7192976866660516
5524	0.2043055393988473	0.7193830531040317
5525	0.20434103706272494	0.7194455460466238
5526	0.20440741414338492	0.719562387035247
5527	0.20443888604619495	0.7196177791696052
5528	0.20448154406307018	0.7196928526226122
5529	0.20451905828224032	0.7197588670821287
5530	0.20458026416548306	0.7198665592016368
5531	0.20466877290195212	0.7200222623679245
5532	0.2046874493397561	0.7200551133594245
5533	0.20469822991676143	0.7200740752142285
5534	0.20474167198728813	0.7201504800010935
5535	0.20476632243175039	0.7201938309587791
5536	0.20485874654203629	0.7203563473430666
5537	0.20490675757973276	0.7204407543557413
5538	0.20493711069494908	0.7204941123116273
5539	0.2049557313330626	0.7205268437074931
5540	0.20502021274584933	0.7206401777793134
5541	0.20504226705014142	0.7206789368610699
5542	0.20508895677744612	0.7207609843048554
5543	0.20514315792642795	0.7208562197903212
5544	0.20517918426480297	0.7209195138096796
5545	0.2051853039248159	0.720930264777038
5546	0.20527060586451745	0.7210801058197372
5547	0.20527511960870432	0.7210880337771521
5548	0.20531684390514104	0.7211613143632818
5549	0.20534877673365998	0.7212173931165059
5550	0.20536317709283264	0.7212426808430623
5551	0.2054428618776811	0.7213825951516543
5552	0.2055183194770073	0.7215150621572395
5553	0.20552812759082162	0.7215322786697057
5554	0.20560972507571712	0.7216754935607593
5555	0.20565316240269668	0.7217517204972907
5556	0.2056989915074124	0.7218321359701408
5557	0.2057120891876765	0.721855116578743
5558	0.2057521612144052	0.7219254206359708
5559	0.20577993286386353	0.7219741403750677
5560	0.20579278284981317	0.7219966819625866
5561	0.20580736588976944	0.722022262840097
5562	0.20585015844185328	0.7220973222755204
5563	0.2059602899263763	0.7222904603736485
5564	0.2059772663577268	0.7223202274266957
5565	0.20605585775570123	0.7224580162794888
5566	0.2061082714520514	0.7225498949763758
5567	0.20614644137323776	0.722616797666826
5568	0.2062022109920271	0.7227145372586486
5569	0.2062579330476854	0.7228121802936698
5570	0.20635890294682557	0.7229890785643344
5571	0.20638873605547092	0.7230413375944167
5572	0.20639646861168276	0.7230548821936196
5573	0.2064420485001746	0.7231347162668765
5574	0.20648355686809847	0.7232074113244693
5575	0.20654244055506377	0.7233105238527954
5576	0.20656018992014483	0.723341602275988
5577	0.20659376135214075	0.7234003808499709
5578	0.2066246245320862	0.7234544134649992
5579	0.20668414192495482	0.7235586000313706
5580	0.20681405460600613	0.7237859630752915
5581	0.20681986814736417	0.7237961358125098
5582	0.20682927118270847	0.7238125892687294
5583	0.2068759467790426	0.7238942568156194
5584	0.20691726517714693	0.723966543270977
5585	0.20698165217838066	0.7240791738167783
5586	0.20704625451340114	0.7241921634355781
5587	0.20707069316798207	0.7242349020978923
5588	0.207135868270522	0.7243488689023644
5589	0.2071663179865085	0.7244021078874595
5590	0.20721355530816984	0.7244846909669012
5591	0.20726479458546843	0.7245742598595902
5592	0.20728577112679225	0.724610924738913
5593	0.20731041264551403	0.7246539932596073
5594	0.20736214139962422	0.7247443966061483
5595	0.20742351135178536	0.7248516346928451
5596	0.20747425783537854	0.7249402973083493
5597	0.207484211363947	0.724957686519652
5598	0.20757535520966247	0.7251168990599005
5599	0.20767079657902	0.7252835811702366
5600	0.20773369163447938	0.7253934023354418
5601	0.20777362996347065	0.7254631300906859
5602	0.20777889825297896	0.7254723274213833
5603	0.20781921827262065	0.7255427138749989
5604	0.20783821183598905	0.7255758684763206
5605	0.20786293628742167	0.7256190244765433
5606	0.20789374022084414	0.7256727884916158
5607	0.20791978128383026	0.7257182364667065
5608	0.20792596909003083	0.7257290352718166
5609	0.2079439626203052	0.7257604362192872
5610	0.207991755171487	0.7258438335672678
5611	0.20803078811215783	0.7259119384067236
5612	0.2081425467572063	0.7261069000336446
5613	0.20816501094588294	0.7261460822252956
5614	0.208216621598571	0.7262360938714515
5615	0.208245513813357	0.7262864785170472
5616	0.20829516181280283	0.7263730506623093
5617	0.2083061179998285	0.7263921537808765
5618	0.20832195999166445	0.7264197748606078
5619	0.20838563053247064	0.7265307761358308
5620	0.2084026427599493	0.7265604318624576
5621	0.20843392291792764	0.7266149562966348
5622	0.20846067818984979	0.726661590156986
5623	0.20849535538106095	0.7267220272985967
5624	0.2085457468929047	0.7268098431857297
5625	0.20864124003542103	0.7269762273331126
5626	0.2086749596939	0.7270349702732618
5627	0.2086944148436326	0.7270688608861137
5628	0.20871499081105666	0.7271047022297398
5629	0.20876001315023907	0.7271831206250912
5630	0.20879164807813552	0.7272382162197929
5631	0.20879457205806637	0.7272433084313924
5632	0.20887254750262466	0.7273790921979733
5633	0.20896124302843955	0.7275335127389726
5634	0.20900131671481414	0.7276032710150179
5635	0.20904576905113123	0.7276806436034116
5636	0.20907124300886396	0.7277249792083792
5637	0.20909088814972712	0.7277591683290429
5638	0.20913583941309083	0.7278373925316527
5639	0.2091491949759486	0.7278606322663775
5640	0.20916639909297036	0.7278905676959484
5641	0.2091879034836302	0.7279279839370293
5642	0.20921668976366073	0.7279780671818259
5643	0.20926092289455786	0.728055018612806
5644	0.20927418282483537	0.7280780850451916
5645	0.2093413208347889	0.7281948643660082
5646	0.20938030873514424	0.728262671015312
5647	0.2094264132227261	0.728342846484897
5648	0.20946325162523943	0.7284069019369656
5649	0.2095128902668372	0.7284932058279464
5650	0.20953727509272232	0.7285355985969663
5651	0.2095515243505651	0.7285603696433252
5652	0.20962485293306815	0.7286878314369147
5653	0.2096608480555115	0.7287503910081612
5654	0.20970272534998508	0.7288231670444343
5655	0.20972462549573062	0.7288612230993775
5656	0.2097300167351857	0.7288705911936615
5657	0.2097714176636269	0.7289425275588416
5658	0.20980039571513787	0.7289928742764681
5659	0.20984611391472463	0.7290722984027782
5660	0.2098827401495953	0.7291359212349081
5661	0.20994045282022905	0.7292361617045764
5662	0.20997025666254787	0.7292879222585342
5663	0.20998248062184102	0.7293091506369505
5664	0.21002145531224858	0.7293768307582362
5665	0.21007100159999903	0.7294628595480178
5666	0.21009495262500932	0.7295044428343664
5667	0.21013551714094925	0.729574864722146
5668	0.210151175677197	0.7296020468515831
5669	0.21017875235022998	0.7296499155751744
5670	0.2101815557598275	0.7296547816730375
5671	0.2102630653341327	0.7297962500465928
5672	0.21034161242287314	0.729932550775898
5673	0.21043936547023656	0.7301021435688859
5674	0.21049884999693372	0.7302053246247032
5675	0.21053373241949935	0.7302658244220835
5676	0.21053967308448948	0.7302761273649038
5677	0.2105585953853232	0.7303089434938068
5678	0.21056593955250621	0.7303216797684723
5679	0.21063344010060972	0.7304387290017288
5680	0.21065103507256172	0.7304692364571451
5681	0.21068976999483371	0.7305363934224227
5682	0.2107221807526382	0.730592581075976
5683	0.21076836871157636	0.730672645573952
5684	0.2108521916011564	0.7308179259226101
5685	0.21094346537895584	0.7309760871806678
5686	0.21097022058469062	0.7310224427182955
5687	0.21101614351552642	0.7311020010235091
5688	0.21103344332373689	0.7311319695012051
5689	0.21106838451247434	0.7311924944170038
5690	0.21107480080672117	0.7312036081386347
5691	0.2111466020938675	0.7313279642814424
5692	0.21115805269343638	0.7313477941770195
5693	0.21117428030552915	0.7313758958765523
5694	0.21122832033473254	0.7314694703556331
5695	0.2112798431751639	0.7315586749822762
5696	0.21134063669630943	0.7316639165148731
5697	0.21138674908991684	0.7317437330018247
5698	0.2114353537685482	0.7318278539907628
5699	0.2114732538193397	0.7318934415793845
5700	0.21154084611992	0.7320103982352114
5701	0.2115595700828569	0.7320427934736262
5702	0.21162703600954136	0.7321595076657881
5703	0.21163996122981066	0.7321818658167064
5704	0.2116520755887305	0.7322028207132671
5705	0.21170971090241691	0.7323025075852007
5706	0.21172904914244728	0.7323359522444776
5707	0.21174344243975177	0.7323608438453162
5708	0.21179468954206834	0.7324494631198062
5709	0.21189479633787883	0.7326225423099086
5710	0.2119263896048219	0.7326771568574434
5711	0.2119593000777171	0.7327340440995181
5712	0.21205287308322576	0.7328957651497204
5713	0.21209681177974432	0.7329716915358374
5714	0.21210429772012146	0.7329846265109559
5715	0.21211631792747987	0.7330053957798303
5716	0.2121552409140411	0.7330726453218068
5717	0.2121770114222578	0.7331102568240714
5718	0.21223631476756366	0.7332127016011223
5719	0.21228097627837816	0.7332898435937388
5720	0.2123489279167265	0.7334071981024503
5721	0.21247024823182017	0.7336166752308195
5722	0.21251278999960976	0.7336901156029197
5723	0.21253669966187266	0.7337313879175886
5724	0.2126584175779095	0.7339414586318589
5725	0.2126651998201451	0.7339531622106026
5726	0.21277452679757147	0.7341417933805164
5727	0.21279581020338692	0.7341785098221744
5728	0.21287363432014691	0.7343127501789873
5729	0.21294414181324675	0.7344343487622993
5730	0.21305630326231195	0.7346277430858835
5731	0.2130839605080871	0.7346754232539965
5732	0.21310612687508101	0.7347136350966817
5733	0.2131402394107496	0.7347724366491196
5734	0.2131423128016846	0.7347760105092426
5735	0.21316202273271306	0.7348099832326918
5736	0.2132369750891735	0.7349391593835016
5737	0.21326684509536123	0.7349906323245983
5738	0.2132816455114473	0.7350161355350179
5739	0.213349581935014	0.735133188251011
5740	0.2133590501569939	0.735149500274981
5741	0.21340772745221964	0.7352333566860365
5742	0.2134325787475729	0.7352761643425851
5743	0.2134815471425741	0.7353605076722245
5744	0.21352593258116423	0.7354369489448783
5745	0.21355568727223337	0.7354881884750621
5746	0.21355914815907542	0.7354941481175182
5747	0.21374417179903074	0.735812688304794
5748	0.21381759234994274	0.735939052298792
5749	0.213873813096482	0.7360357990703364
5750	0.2139071161675842	0.7360931022484267
5751	0.21394303051457786	0.7361548935390042
5752	0.2140692911261468	0.7363720860725389
5753	0.21411806890781054	0.7364559760849291
5754	0.21418839935935013	0.7365769164358665
5755	0.2142193675869921	0.7366301631505435
5756	0.21424676655457744	0.7366772696770808
5757	0.2143529970458883	0.7368598812779364
5758	0.21444625976237083	0.7370201638066688
5759	0.21449508425497096	0.73710406032132
5760	0.214581956282772	0.7372533113925684
5761	0.21463890001775035	0.737351127567513
5762	0.21465773437175834	0.737383477778781
5763	0.21473474650697244	0.7375157403869869
5764	0.21478873049580402	0.7376084397292146
5765	0.21482123531817915	0.7376642502092149
5766	0.21485841151209403	0.7377280762150951
5767	0.21492631141482652	0.7378446360169164
5768	0.21499644186321035	0.7379650055388722
5769	0.21509432506332163	0.7381329761245076
5770	0.2151001891490861	0.7381430378627125
5771	0.21515044458499266	0.7382292617144762
5772	0.2151819162139184	0.7382832528365221
5773	0.21521731746369022	0.7383439806974385
5774	0.21523418309300335	0.7383729105067954
5775	0.21529828827611353	0.7384828605296744
5776	0.2153423788311326	0.7385584729570698
5777	0.21537794787783926	0.7386194659122811
5778	0.21556948834573256	0.7389478284004697
5779	0.21559858994877748	0.7389977052193434
5780	0.21566019755882623	0.7391032825111774
5781	0.21567624069767816	0.7391307732494005
5782	0.21574365350476543	0.7392462773659968
5783	0.21576939492306244	0.7392903775741767
5784	0.21588835212798393	0.7394941409463693
5785	0.2159282722052786	0.7395625079944956
5786	0.21603119611935775	0.7397387461470357
5787	0.21604810114661288	0.7397676888628472
5788	0.21606555186177076	0.7397975646508804
5789	0.21608164537865174	0.7398251158333782
5790	0.21611132471723907	0.7398759224767232
5791	0.2161740887909232	0.7399833538105667
5792	0.2162632868033384	0.7401360044760177
5793	0.21629673804850616	0.7401932437651809
5794	0.2163124368334907	0.740220104835409
5795	0.21636587312142175	0.740311528548054
5796	0.21641858292803304	0.7404016982699917
5797	0.21642464150218466	0.7404120618606228
5798	0.21646342060928817	0.7404783926452823
5799	0.21653055735082904	0.7405932144757807
5800	0.2165414961990217	0.740611921152869
5801	0.2165871445747495	0.7406899799783211
5802	0.21658761722508368	0.7406907881684291
5803	0.2166407324624655	0.7407816048915089
5804	0.21669747057274835	0.7408786037253178
5805	0.21671135771903638	0.740902343099596
5806	0.21675602091906243	0.7409786874248192
5807	0.21677785097367358	0.7410159994171054
5808	0.21682700219290496	0.7411000019463798
5809	0.21686361900552878	0.741162576196925
5810	0.21688357536140823	0.7411966772691662
5811	0.2170083745852205	0.7414098964282978
5812	0.2170331113568453	0.7414521518590083
5813	0.21707439885500618	0.7415226739291066
5814	0.21711139765671525	0.7415858648939901
5815	0.2171541375717628	0.7416588545147558
5816	0.21716989810256443	0.7416857679442451
5817	0.21726271561348373	0.7418442477183825
5818	0.21729789493364643	0.7419043052387884
5819	0.21736745899100882	0.742023049471971
5820	0.21737736997756132	0.7420399657497606
5821	0.21737982707221118	0.7420441595103112
5822	0.2174650805013428	0.7421896550897004
5823	0.21751309772156424	0.7422715898927505
5824	0.21755911239654221	0.7423500991414321
5825	0.21758773164402084	0.7423989244981813
5826	0.21760668643021844	0.7424312602055517
5827	0.21764491191967175	0.7424964662719649
5828	0.21770066655870485	0.7425915637663233
5829	0.21774823569526738	0.7426726900913275
5830	0.21779764536424404	0.7427569459528026
5831	0.2178050072149107	0.7427694989340399
5832	0.2178182587830002	0.7427920941695833
5833	0.21785381775407406	0.7428527223392425
5834	0.2178992263763979	0.7429301370054245
5835	0.21795685812323393	0.743028378590663
5836	0.21799375611094393	0.7430912696875275
5837	0.21809251423831716	0.7432595726560822
5838	0.2180996733575654	0.7432717716998338
5839	0.21814955714241746	0.7433567674468283
5840	0.2182327990505726	0.7434985796392916
5841	0.21824455149942984	0.7435185991126093
5842	0.21827739318761655	0.7435745397701585
5843	0.2183359152693204	0.7436742125145529
5844	0.21838543035003458	0.7437585344208404
5845	0.21840267618733925	0.743787901044422
5846	0.2184682637729355	0.7438995745631568
5847	0.21848808520198948	0.7439333204673614
5848	0.21853532290117142	0.7440137362921981
5849	0.2185842126661135	0.7440969553847251
5850	0.21859086399327765	0.7441082764096566
5851	0.21863909238213808	0.7441903593553901
5852	0.21865853611182526	0.74422344930819
5853	0.21873253567194897	0.7443493706424177
5854	0.21877406159591545	0.7444200238910845
5855	0.21880260796710005	0.7444685895139941
5856	0.21886402387762594	0.7445730649786718
5857	0.2189126131517286	0.7446557104869914
5858	0.21893609493969302	0.7446956473786263
5859	0.21895159837037967	0.7447220138235321
5860	0.2191866053779891	0.7451215723477368
5861	0.2192123680200072	0.7451653609183413
5862	0.21921921659741717	0.745177000961385
5863	0.2192650312283185	0.7452548641757534
5864	0.21927349030222057	0.7452692397128268
5865	0.21939543956012755	0.7454764521707762
5866	0.2194266522332828	0.7455294785358076
5867	0.2194681559681281	0.7455999822655659
5868	0.2194845548792306	0.7456278377860568
5869	0.2195466334974712	0.7457332763519006
5870	0.21959641774810665	0.7458178225536126
5871	0.219598781204607	0.7458218360599712
5872	0.21965102216700044	0.7459105435958928
5873	0.21970075208413897	0.7459949774624737
5874	0.2197399773063341	0.7460615692071312
5875	0.2197453571225169	0.7460707019320603
5876	0.2197771184178014	0.7461246173275822
5877	0.21978858015891903	0.7461440728918625
5878	0.21989726109403965	0.7463285265460491
5879	0.21990548936050883	0.7463424897316602
5880	0.21991816178190524	0.7463639940386004
5881	0.21997559657849086	0.746461449531461
5882	0.22000795082327138	0.7465163426851844
5883	0.2200499732736909	0.7465876331727588
5884	0.2201000886142229	0.7466726442337897
5885	0.22012846921776233	0.7467207821908278
5886	0.22014278992987257	0.7467450711877746
5887	0.22017117558415955	0.746793213041957
5888	0.22024533454931217	0.7469189714411922
5889	0.22025650015030399	0.7469379041771093
5890	0.22027849345396042	0.7469751952946487
5891	0.22036524317266845	0.7471222670955926
5892	0.22038111669142058	0.7471491752540355
5893	0.22043750361391387	0.7472447522907464
5894	0.2204628335402666	0.7472876830773219
5895	0.22050581137626352	0.7473605190331165
5896	0.22057127418184552	0.7474714473698374
5897	0.22059117059185937	0.747505159064804
5898	0.22067174643275606	0.7476416680588932
5899	0.22069309278516974	0.747677828185528
5900	0.220702205788514	0.7476932648268073
5901	0.22071776290133843	0.7477196164970661
5902	0.22079397941892243	0.7478487036753851
5903	0.22082426184765894	0.7478999865470377
5904	0.22089057835480855	0.7480122803484598
5905	0.2209060987273952	0.7480385585751196
5906	0.2209637418281492	0.7481361485686435
5907	0.2209826923378324	0.7481682290748072
5908	0.22104090878627938	0.7482667726042541
5909	0.2210991701090844	0.7483653791018909
5910	0.2211471252717767	0.7484465328161408
5911	0.22117906526297815	0.7485005794435846
5912	0.2212500128214152	0.7486206179984481
5913	0.22129223824631175	0.7486920514758877
5914	0.22131560368313777	0.7487315762581955
5915	0.22132708593814773	0.7487509987825087
5916	0.2213359348331369	0.7487659665681046
5917	0.22139865811639725	0.748872053573419
5918	0.22146006898099702	0.7489759062617215
5919	0.2214865815077314	0.749020737480173
5920	0.2215582439355447	0.7491419012614521
5921	0.2215679226598955	0.7491582641343657
5922	0.221636108616149	0.7492735293374245
5923	0.22168638290603365	0.7493585043420483
5924	0.2217576362908925	0.7494789222934322
5925	0.22181660793890084	0.7495785695253131
5926	0.22184213489095814	0.749621699536885
5927	0.22187484893271892	0.7496769691356535
5928	0.22190354761608364	0.7497254515265117
5929	0.22192747280983308	0.7497658673815394
5930	0.2219753762353117	0.7498467821393143
5931	0.222024906800967	0.749930436156044
5932	0.22203540604438232	0.7499481675205683
5933	0.22209259625959002	0.7500447443152632
5934	0.22212487644674322	0.7500992501957596
5935	0.22218678560356087	0.7502037742310228
5936	0.22219800232415177	0.7502227103704957
5937	0.22226294033681876	0.7503323297468794
5938	0.2223051378551101	0.7504035531804988
5939	0.22231731323842086	0.7504241022462812
5940	0.22236141775309093	0.7504985351570875
5941	0.22237508251293778	0.7505215949684545
5942	0.22246596986177336	0.7506749528645044
5943	0.22247495288232713	0.7506901085767772
5944	0.222511468727227	0.7507517131720176
5945	0.2225436548849847	0.7508060091133862
5946	0.22256918270020348	0.7508490700747634
5947	0.22259833748162233	0.7508982460734724
5948	0.222629205345521	0.7509503080556744
5949	0.22266505396390504	0.7510107660880162
5950	0.22272048799997685	0.7511042449845955
5951	0.22280423038600058	0.7512454384392471
5952	0.22284262450331405	0.7513101637879577
5953	0.2228632581499468	0.7513449459792738
5954	0.22288656919008185	0.7513842395226817
5955	0.22297272324430994	0.7515294446473163
5956	0.22313096596904525	0.7517960758585843
5957	0.22320113778476175	0.7519142816585518
5958	0.22323021890410583	0.7519632639284722
5959	0.22324445497231749	0.7519872410353875
5960	0.22327575343987655	0.7520399528113672
5961	0.22342129466010593	0.7522850196848336
5962	0.22343762685702587	0.7523125153686531
5963	0.22347268369039502	0.7523715310779864
5964	0.2234793673124474	0.7523827819594715
5965	0.22352863367376413	0.7524657093450675
5966	0.2235951350101273	0.7525776329343616
5967	0.223685145028035	0.7527290957788315
5968	0.22374342019248308	0.7528271410808987
5969	0.2237728631038349	0.7528766725790925
5970	0.22377881420992735	0.7528866836660103
5971	0.22379548580729602	0.7529147283000132
5972	0.22395663341725866	0.7531857538189284
5973	0.22404856412131244	0.7533403234591673
5974	0.2240644792083245	0.7533670794081214
5975	0.22410050669238618	0.753427644183019
5976	0.22417901296699064	0.7535596019797635
5977	0.22420162094598667	0.7535975984673188
5978	0.22423247348911957	0.753649448232036
5979	0.2242775654598231	0.7537252218923041
5980	0.22431281648485016	0.7537844532796776
5981	0.22439887462931146	0.7539290350110479
5982	0.22444129698583176	0.7540002963640765
5983	0.22448114731310267	0.7540672310711697
5984	0.22449592045154407	0.7540920433025259
5985	0.22454336779698392	0.7541717279918655
5986	0.22458358704467077	0.7542392669748722
5987	0.2246379960619976	0.754330624791112
5988	0.22476858759704887	0.7545498550264855
5989	0.22479579368521754	0.7545955191669921
5990	0.22484123196377687	0.7546717790212508
5991	0.22488345914764662	0.7547426427315644
5992	0.22493808622483183	0.754834305500523
5993	0.22497012875015815	0.7548880668187229
5994	0.22504355591958428	0.7550112493322977
5995	0.2250676057451963	0.7550515913090131
5996	0.22509300555240508	0.7550941954495229
5997	0.22515668385973256	0.7552009951253951
5998	0.22524358048889548	0.7553467116308219
5999	0.22525841698330384	0.7553715880617121
6000	0.22532552806310394	0.7554841033416608
6001	0.2254066095238801	0.7556200183567509
6002	0.22545498654439033	0.7557011000163878
6003	0.225477254397488	0.7557384188307643
6004	0.2254991494657877	0.7557751110963792
6005	0.22559253277126384	0.7559315850187158
6006	0.22563861990698147	0.7560087971098538
6007	0.2257024825376649	0.756115776347001
6008	0.22575094185310995	0.7561969426815048
6009	0.2258109641416315	0.756297464199012
6010	0.22585070210806102	0.756364007471763
6011	0.22594869274772802	0.7565280728358692
6012	0.22596118023026548	0.7565489780255805
6013	0.22602296466981472	0.7566524023389138
6014	0.2260270169964414	0.7566591852535137
6015	0.22609500661742632	0.7567729794003023
6016	0.22618622815925013	0.7569256299104106
6017	0.22629665654236028	0.7571103800486949
6018	0.2263149961172729	0.7571410583659008
6019	0.2263313509968274	0.7571684156495967
6020	0.22637804662462194	0.7572465193477868
6021	0.2264109564801864	0.757301559949766
6022	0.2264374359425141	0.757345843036062
6023	0.22645036164802718	0.7573674584761118
6024	0.22649482994693848	0.7574418173533926
6025	0.22652882501857358	0.7574986582153408
6026	0.22654436693884056	0.7575246433892387
6027	0.22659308290720823	0.7576060878394976
6028	0.22660128314384734	0.7576197963184015
6029	0.22664597386168275	0.7576945022133248
6030	0.22668865468307747	0.7577658414496519
6031	0.2267221671528203	0.757821851456829
6032	0.22683385116577984	0.7580084811235483
6033	0.22691419271174396	0.7581427075218871
6034	0.22691678935037032	0.7581470453224082
6035	0.22693787393809947	0.758182267146726
6036	0.22696597486132988	0.7582292072228902
6037	0.22696753743426742	0.7582318172757874
6038	0.22702166528126122	0.7583222244979544
6039	0.22708329509562333	0.7584251487859897
6040	0.2271582811508494	0.7585503597045621
6041	0.2272002235756705	0.7586203857076014
6042	0.22725120112160735	0.7587054878169341
6043	0.22731798774916862	0.7588169672243038
6044	0.22732666594330425	0.7588314515556405
6045	0.22733737749763677	0.7588493292835806
6046	0.22735946897937098	0.7588861989330828
6047	0.22737228999224723	0.7589075957823302
6048	0.2273874721494406	0.7589329323395823
6049	0.22743794299291192	0.7590171539099756
6050	0.22747836325561896	0.7590845971636826
6051	0.22749144886319184	0.7591064298781567
6052	0.22751208632209416	0.7591408612217253
6053	0.2275702714129006	0.7592379282762979
6054	0.22764204312290284	0.7593576440641024
6055	0.2276621900504682	0.759391245908388
6056	0.2276726352723553	0.7594086662781958
6057	0.2276806523678988	0.7594220367876358
6058	0.22770880407391228	0.759468984925044
6059	0.22771123117008693	0.7594730324175505
6060	0.22784484608695427	0.7596958190669857
6061	0.2278927127721719	0.759775615058803
6062	0.22792401621713584	0.7598277948261734
6063	0.22800069387822858	0.7599555938178189
6064	0.22802979445991564	0.7600040902584337
6065	0.22811821660271037	0.7601514277522807
6066	0.2281485087338638	0.7602018968527013
6067	0.2281696293673827	0.76023708352602
6068	0.2281999865851283	0.7602876553640914
6069	0.22823015823341097	0.7603379147306576
6070	0.22825411786581518	0.7603778238710388
6071	0.22830734241835474	0.76046647158271
6072	0.2283714985370306	0.7605733125403271
6073	0.228548593839488	0.7608681563781489
6074	0.2285626465536198	0.7608915476801054
6075	0.22858418492675775	0.7609273977637726
6076	0.22861901524871414	0.7609853683900623
6077	0.22868313672609786	0.7610920788600091
6078	0.2287180752789837	0.7611502170345938
6079	0.22874997514974266	0.7612032949274593
6080	0.22876868055303515	0.7612344169495291
6081	0.22878795185326972	0.7612664791794387
6082	0.2287941860373362	0.7612768508860497
6083	0.22894953983711966	0.7615352647560397
6084	0.22900205024569043	0.7616225901887665
6085	0.22901324322066044	0.7616412029444486
6086	0.2290877866244818	0.7617651492884338
6087	0.22914586345292096	0.7618617020138706
6088	0.22917359051864708	0.7619077939445517
6089	0.22923958936838573	0.7620174955425073
6090	0.22926594312900872	0.7620612956766614
6091	0.22929891571875113	0.7621160928060318
6092	0.22937296032165047	0.7622391331361826
6093	0.22941309380411967	0.762305814868889
6094	0.2294509599240108	0.7623687240339394
6095	0.2294812475777776	0.7624190389204604
6096	0.22953354237050716	0.7625059050039458
6097	0.22961750109455292	0.7626453468673334
6098	0.2296522760838809	0.7627030950346422
6099	0.2297753084044434	0.7629073703171123
6100	0.229822009591765	0.762984895770313
6101	0.22993708609462998	0.7631758928063234
6102	0.22995321793040072	0.7632026636340495
6103	0.22999308457216616	0.7632688184129044
6104	0.2300232707655544	0.7633189056236923
6105	0.23003137806777102	0.7633323573116607
6106	0.23005567082083084	0.7633726625844987
6107	0.2302247431653522	0.7636531197037024
6108	0.23028441899975033	0.7637520853573173
6109	0.23029859478182477	0.7637755924112358
6110	0.23036132103350726	0.7638795998158592
6111	0.2304055526771671	0.7639529325011636
6112	0.23044018485127665	0.7640103450863606
6113	0.23050752826835527	0.7641219734226087
6114	0.2305115162408316	0.7641285833677185
6115	0.2305505490303836	0.7641932760307089
6116	0.23058847126272794	0.7642561228196132
6117	0.230672684315143	0.7643956667989832
6118	0.23069012100767686	0.7644245568263984
6119	0.23081475297851842	0.7646310218330659
6120	0.23088910780552535	0.7647541713038185
6121	0.2309159445943889	0.764798614608404
6122	0.2309288253954302	0.764819945057096
6123	0.23093540188763376	0.7648308354182003
6124	0.23100321695871445	0.7649431249369646
6125	0.23102662688814044	0.7649818837281768
6126	0.2311134369351186	0.7651255941675082
6127	0.2312611136891755	0.7653700049245786
6128	0.23132116644899792	0.7654693722520561
6129	0.2313598041844827	0.7655332980238713
6130	0.23143482613126548	0.7656574058902261
6131	0.23145608107211366	0.7656925640155412
6132	0.23155575416918794	0.7658574132912096
6133	0.23161813207135482	0.7659605620168535
6134	0.23162582735615053	0.7659732860545986
6135	0.23171026970791414	0.7661128963312845
6136	0.23173660321562928	0.7661564288573264
6137	0.2317434822461777	0.766167800333161
6138	0.2318256099652328	0.7663035496525115
6139	0.23184721659582766	0.7663392593654053
6140	0.23195669101377261	0.7665201643694262
6141	0.2319818005828362	0.7665616515756648
6142	0.23206804768132164	0.7667041359736446
6143	0.23211564639105056	0.766782760017056
6144	0.23217018033050976	0.7668728298367266
6145	0.2321957617948277	0.7669150772725174
6146	0.23224152216148147	0.766990644082953
6147	0.23226988490393674	0.7670374774264492
6148	0.23234200548299466	0.7671565520398504
6149	0.23235634799606886	0.767180230029236
6150	0.23240906169545505	0.7672672485569529
6151	0.23248454559907616	0.7673918384174697
6152	0.23250637080809075	0.7674278582186264
6153	0.23260432507477427	0.7675894987727447
6154	0.23264641232755076	0.7676589391669452
6155	0.2326661251872978	0.7676914615521007
6156	0.2326735444752727	0.7677037015776282
6157	0.2327645698629599	0.767853855506776
6158	0.2328218272994542	0.7679482913566638
6159	0.23282740322627526	0.7679574872252106
6160	0.23288109552106503	0.7680460314049027
6161	0.23292037117382855	0.7681107945781737
6162	0.23294491504013853	0.7681512631553612
6163	0.23311978393877306	0.7684395299450224
6164	0.2331513756100265	0.7684915964539044
6165	0.23319341122055084	0.7685608702410265
6166	0.2333400726728218	0.768802516296768
6167	0.23339010880499936	0.7688849407211158
6168	0.233410754987949	0.7689189485635568
6169	0.23346932591944802	0.7690154168563852
6170	0.2335000898080719	0.7690660811679626
6171	0.2336776821394434	0.7693584885043588
6172	0.2337421249350283	0.7694645666578255
6173	0.2338060283024166	0.7695697424291926
6174	0.23384544542066824	0.7696346101816719
6175	0.23388202932922703	0.7696948105011895
6176	0.23393751010244698	0.7697860974016169
6177	0.23396311230117103	0.76982821907215
6178	0.23401517153759638	0.7699138617184375
6179	0.23403219434316594	0.7699418638679433
6180	0.2340390779020626	0.7699531868852973
6181	0.23406202643035748	0.7699909345544841
6182	0.23410079439024525	0.7700546991517566
6183	0.23419500051259598	0.7702096250900519
6184	0.2341997525862143	0.7702174392497592
6185	0.23435832909565393	0.77047815200397
6186	0.23448603425190806	0.7706880456159203
6187	0.23450699731665364	0.7707224946234702
6188	0.2345624973164583	0.7708136914069978
6189	0.2346916314708608	0.7710258410033437
6190	0.23473242928861873	0.7710928540549319
6191	0.23477750299142552	0.7711668837531914
6192	0.2348657895538568	0.7713118662854973
6193	0.23500796912672467	0.7715452936401462
6194	0.2350514219762605	0.7716166195021902
6195	0.23507712329052677	0.7716588039292857
6196	0.2351164159224394	0.7717232917833667
6197	0.23515003397735226	0.7717784621307289
6198	0.23525944797222495	0.771957993349157
6199	0.23527003756271633	0.77197536699155
6200	0.23538089699762668	0.7721572232848122
6201	0.2354304416200095	0.7722384835434765
6202	0.2354712499349446	0.7723054085883743
6203	0.2355262993712752	0.7723956796785572
6204	0.23560925491551987	0.7725316917994284
6205	0.23565542849289406	0.7726073866281252
6206	0.23572509894415689	0.7727215871108257
6207	0.2357650139056747	0.7727870062091876
6208	0.23578231970402355	0.7728153680311285
6209	0.2358832009061184	0.7729806777243948
6210	0.23589014288955737	0.7729920519544443
6211	0.23598294608575918	0.7731440911155874
6212	0.23601936624646266	0.7732037499726399
6213	0.2360392987413484	0.7732363988917873
6214	0.2361087979493103	0.7733502260434936
6215	0.2361535095519016	0.7734234467185419
6216	0.2362069023180152	0.7735108747720035
6217	0.2362443969530188	0.7735722645044566
6218	0.2362832455960287	0.7736358660073249
6219	0.23638956248767395	0.7738098972005744
6220	0.236394127074881	0.7738173681431775
6221	0.23641599661191054	0.7738531614101551
6222	0.236491990759198	0.7739775260615676
6223	0.2365012575763697	0.7739926898689053
6224	0.23651104592215588	0.7740087067598374
6225	0.2365916835890126	0.7741406433823304
6226	0.2366488631905798	0.7742341850882285
6227	0.23666032198536463	0.7742529294910747
6228	0.23669571036326348	0.774310815263444
6229	0.23674405256025677	0.7743898829720481
6230	0.23692311865099658	0.7746826902391832
6231	0.23695907375562397	0.7747414703629983
6232	0.23703533621275796	0.7748661309935378
6233	0.23714097321549096	0.7750387749105334
6234	0.23714926016733218	0.7750523167561407
6235	0.23728241867516264	0.7752698808478332
6236	0.23728630640876824	0.7752762319935276
6237	0.23732529810547046	0.7753399273967957
6238	0.2373660389653311	0.7754064745791694
6239	0.237388736046212	0.7754435461055937
6240	0.23747056504914313	0.7755771840911265
6241	0.237474494477039	0.7755836008064254
6242	0.23753006468244378	0.7756743406962621
6243	0.23766890583525563	0.7759010062909001
6244	0.2377239888019291	0.7759909138307142
6245	0.23786744607028038	0.7762250188274908
6246	0.23789488264416142	0.7762697839715782
6247	0.23797354469697132	0.7763981136084827
6248	0.23801840447902844	0.7764712885678702
6249	0.23805775982785224	0.7765354790564435
6250	0.23809504299868553	0.7765962848278519
6251	0.23814322183210643	0.7766748534742077
6252	0.23816103474635889	0.7767039002464853
6253	0.23819925991983262	0.7767662287674896
6254	0.23823086602880622	0.7768177607154615
6255	0.23828024927498218	0.7768982704234149
6256	0.2383702238416856	0.7770449348827098
6257	0.23842788753698638	0.7771389159432512
6258	0.2384459324679755	0.777168323478017
6259	0.23850839711116673	0.7772701125138445
6260	0.23854710940664853	0.7773331893064336
6261	0.2385924961120133	0.77740713468882
6262	0.23864251999422376	0.7774886269515608
6263	0.23866972900150604	0.7775329486649659
6264	0.23873601172570266	0.777640908364176
6265	0.2388106322784685	0.7777624305851903
6266	0.23892799755036892	0.7779535256919735
6267	0.23893713850136525	0.7779684070937227
6268	0.2389495743978729	0.7779886521857503
6269	0.23903114246807092	0.7781214283550922
6270	0.2392622368622634	0.7784974798959778
6271	0.23933752238389946	0.7786199500774025
6272	0.23936208334349146	0.778659900274818
6273	0.23937371725357953	0.7786788229652277
6274	0.23940530297073026	0.7787301951836322
6275	0.23942416741712133	0.7787608754243384
6276	0.2394597112274938	0.7788186789074627
6277	0.23952763667912078	0.7789291314324956
6278	0.2396006064636593	0.7790477690217302
6279	0.23965364237416656	0.7791339858769383
6280	0.2396606816986858	0.7791454285085677
6281	0.239776673732737	0.7793339528215615
6282	0.23978932091259852	0.7793545057939446
6283	0.2398571283509017	0.7794646906365283
6284	0.23989299316184975	0.7795229634696718
6285	0.2399433545887879	0.779604782926109
6286	0.23996785098797377	0.7796445777822734
6287	0.24001841247799327	0.7797267094410265
6288	0.24014603666446066	0.7799339826271833
6289	0.24019073771386434	0.7800065681374928
6290	0.24021506591260905	0.7800460693990888
6291	0.24027808049973323	0.7801483757586611
6292	0.2402940549686698	0.7801743087294075
6293	0.24033049339068138	0.7802334596789909
6294	0.24034854754570642	0.7802627655550298
6295	0.24038536052680703	0.7803225177335834
6296	0.24043961382283008	0.7804105694353228
6297	0.2405529659379244	0.7805945049436405
6298	0.24063441869488594	0.7807266508784847
6299	0.2406666730274854	0.7807789729308018
6300	0.24072072555938984	0.7808666475357433
6301	0.24074553181022665	0.7809068806209517
6302	0.240762473470692	0.7809343569906758
6303	0.24088493513154371	0.7811329393510782
6304	0.24092996698267474	0.7812059497666091
6305	0.24097267373082382	0.7812751841749401
6306	0.2412172616445977	0.7816715818238534
6307	0.24123548688598428	0.7817011109796106
6308	0.24126817046094892	0.7817540632253299
6309	0.24135427242880278	0.7818935440338477
6310	0.24142815497043743	0.7820132101608633
6311	0.24146308285207083	0.7820697758025555
6312	0.24162286968509453	0.7823284981389275
6313	0.24167799336324655	0.782417732997077
6314	0.24174322232484724	0.7825233132618292
6315	0.24184522726805335	0.7826883909564109
6316	0.24187473161089756	0.7827361322383491
6317	0.24190147503448098	0.7827794035325513
6318	0.24192109974238682	0.7828111551074343
6319	0.2419899982445885	0.7829226184659326
6320	0.2420401479575206	0.7830037402288932
6321	0.24205012118475985	0.7830198718373373
6322	0.24212323063213512	0.7831381155874177
6323	0.2421765865274816	0.7832243996120324
6324	0.24219628866281773	0.7832562583468192
6325	0.24223902076247714	0.7833253525275573
6326	0.24231503376676075	0.7834482440478402
6327	0.2423911631305403	0.7835713043705166
6328	0.24241937897261742	0.7836169093350752
6329	0.24247635678075596	0.7837089938682305
6330	0.24254462459475348	0.7838193104682905
6331	0.24255329086668442	0.7838333135215925
6332	0.2425895411716868	0.7838918844340249
6333	0.2426086919824416	0.7839228253162923
6334	0.24264031432096145	0.7839739130679765
6335	0.2427028669687426	0.7840749607524772
6336	0.24276742626847947	0.7841792363329104
6337	0.24278927932688302	0.7842145300485557
6338	0.24289168617251103	0.7843799007557941
6339	0.24293069249019597	0.7844428805634212
6340	0.2429373976973209	0.7844537063171447
6341	0.24297340946008422	0.7845118458095087
6342	0.24299897768315848	0.7845531220262288
6343	0.24314468850904747	0.7847883097466122
6344	0.2434297145582769	0.7852481585665226
6345	0.2434637918002588	0.7853031193077399
6346	0.24350141482362536	0.7853637943182713
6347	0.2435221609457929	0.7853972497834202
6348	0.24362331428064854	0.7855603505510397
6349	0.2437479347798022	0.7857612434893885
6350	0.24376311508369333	0.7857857112018268
6351	0.24378154372619495	0.7858154135837224
6352	0.24386130118008556	0.7859439497932653
6353	0.24387783530252494	0.785970593367242
6354	0.24396311925702482	0.7861080081124474
6355	0.24406057808306156	0.786265010355202
6356	0.24410193455912396	0.7863316244985636
6357	0.24416389407594136	0.7864314140318598
6358	0.24418804938009037	0.7864703141736261
6359	0.24425716862305133	0.7865816144330824
6360	0.24426797680105616	0.7865990170340129
6361	0.24430282669462933	0.7866551273655895
6362	0.24434943993959377	0.78673017111297
6363	0.244456169370015	0.7869019703527436
6364	0.2444975715170908	0.786968604080711
6365	0.24450700588501895	0.7869837872166656
6366	0.2446213885134127	0.7871678448237139
6367	0.2446708740564981	0.7872474606306575
6368	0.24467691319839002	0.7872571762737643
6369	0.24471457761169818	0.7873177672757127
6370	0.24476326307119683	0.7873960810021982
6371	0.24489945556860906	0.7876151141285729
6372	0.24502781938860294	0.7878215009495126
6373	0.24503578600058923	0.7878343081018062
6374	0.24517006074872041	0.7880501373216792
6375	0.24521574685270794	0.7881235583244913
6376	0.24524482835519562	0.7881702909222329
6377	0.245256238297159	0.7881886254019863
6378	0.24529496365295994	0.7882508494668906
6379	0.24542276106874414	0.7884561600502774
6380	0.24552305656033713	0.7886172504893431
6381	0.2456169310682657	0.7887679980044084
6382	0.24564751792191378	0.7888171093994458
6383	0.24567577922750555	0.7888624840900142
6384	0.2457407492603193	0.7889667862593291
6385	0.2458061605484496	0.7890717828872444
6386	0.24588077596320104	0.7891915367022346
6387	0.24591493927422742	0.7892463609546911
6388	0.24597299007298348	0.7893395103954364
6389	0.24598978821969508	0.7893664629777587
6390	0.24602207922004526	0.7894182712184065
6391	0.2460400467782327	0.789447097207939
6392	0.24608983979619337	0.7895269764092973
6393	0.2461391275683977	0.7896060371245405
6394	0.2461792522832153	0.7896703938691902
6395	0.24633852985004734	0.7899258102781798
6396	0.24634892494624377	0.7899424769120316
6397	0.24639545235858537	0.7900170707916461
6398	0.24643866778417597	0.7900863485050617
6399	0.2464774364780172	0.7901484925903498
6400	0.24658280035277994	0.7903173604037159
6401	0.24661930011321856	0.7903758505475648
6402	0.2466930175511434	0.7904939680860896
6403	0.24671904065496392	0.7905356607216041
6404	0.2468108202556073	0.7906826868705983
6405	0.2469068462518894	0.7908364862644401
6406	0.24693140501210623	0.7908758158354929
6407	0.24699868967217817	0.7909835586840613
6408	0.24712582423475038	0.7911870990591637
6409	0.2471369687273921	0.7912049387151874
6410	0.24715980511624386	0.7912414930323345
6411	0.24721685312390299	0.7913328026738178
6412	0.24723948016487035	0.7913690160424197
6413	0.24725522809806863	0.7913942187890626
6414	0.24734199564701498	0.791533065829755
6415	0.24736059091990997	0.7915628191611607
6416	0.24737588803590446	0.7915872944444281
6417	0.2475481744461036	0.7918628993084422
6418	0.24773470981263707	0.7921611899762216
6419	0.24785444338006454	0.7923525980104976
6420	0.2478556859283021	0.7923545841259709
6421	0.24788041106510966	0.79239410427428
6422	0.24792989103004567	0.7924731861104383
6423	0.2479590148234924	0.7925197298078195
6424	0.24806774214954966	0.7926934663973294
6425	0.24815890897819848	0.7928391135304718
6426	0.248177408154709	0.7928686643482084
6427	0.24838401562304951	0.7931986269129145
6428	0.24849814651911478	0.7933808408788431
6429	0.24857880980287766	0.7935095973952514
6430	0.24863187028273306	0.7935942823155986
6431	0.24870761061906782	0.7937151488016649
6432	0.24874737010842768	0.7937785896585757
6433	0.24876603937287856	0.7938083768767318
6434	0.24877921114719287	0.793829392057127
6435	0.24880458967503066	0.7938698811869617
6436	0.24883173561106844	0.793913187769976
6437	0.24911180712751022	0.7943598549486812
6438	0.24913639378604632	0.7943990545612002
6439	0.24918083370853042	0.7944699022155868
6440	0.24929616375848843	0.7946537358848991
6441	0.24931884299863344	0.7946898811122719
6442	0.24935181017052888	0.7947424198847136
6443	0.24941056874674825	0.7948360530175729
6444	0.24950670764375094	0.7949892287619987
6445	0.24953665691679222	0.7950369401747746
6446	0.24958698015511807	0.7951171023782028
6447	0.24974785478744144	0.7953733127900231
6448	0.24974861229249945	0.7953745190042889
6449	0.24981604344525757	0.795481885769034
6450	0.249920296730073	0.7956478537909546
6451	0.24996925662643077	0.7957257844939075
6452	0.25006614793230986	0.7958799863380391
6453	0.250208374453924	0.7961062847644426
6454	0.2502403382077838	0.7961571338472323
6455	0.2503710285599831	0.7963650069568231
6456	0.2503904872758919	0.7963959529081995
6457	0.25043838451417033	0.7964721206234969
6458	0.2506164121165531	0.7967551619635149
6459	0.2507857886020689	0.7970243558169952
6460	0.25080452443306506	0.7970541275094425
6461	0.2508269314493957	0.797089731344766
6462	0.25093088607075487	0.7972548901997355
6463	0.25096446858036686	0.7973082374075982
6464	0.251090414114141	0.7975082753188413
6465	0.2511509502387654	0.7976044063300347
6466	0.25117579747547536	0.7976438602427474
6467	0.2512034133740294	0.7976877081108851
6468	0.2512440799709719	0.7977522731805001
6469	0.2514198154922665	0.798031222848109
6470	0.25144377978882104	0.7980692544590168
6471	0.25146592039677496	0.7981043902447232
6472	0.2514939257518243	0.798148830808499
6473	0.2515377262859424	0.7982183311413223
6474	0.2516027058088537	0.7983214260086233
6475	0.251645881081551	0.7983899194427645
6476	0.2517355443457833	0.7985321428530188
6477	0.2518806506433829	0.7987622560657391
6478	0.25188487446311214	0.7987689533122796
6479	0.2519502168158997	0.7988725523441221
6480	0.2520035462994781	0.7989570952490744
6481	0.2521529594647422	0.7991939113994031
6482	0.2522018296940674	0.7992713542689507
6483	0.2524333572663585	0.7996381456301872
6484	0.25247743130341216	0.7997079496834938
6485	0.25255135486505675	0.7998250154603594
6486	0.2526486307048821	0.7999790359359563
6487	0.2527733598040762	0.8001764808067381
6488	0.2528151273630919	0.8002425875315718
6489	0.2528508123284357	0.8002990628336563
6490	0.2528791397550918	0.8003438912007835
6491	0.2529742637482895	0.8004944072709593
6492	0.2530161091424557	0.8005606108807712
6493	0.2531000411235879	0.8006933831909134
6494	0.2531374821324405	0.8007526041600405
6495	0.2532273020599207	0.8008946557465215
6496	0.25324238341814526	0.8009185046744823
6497	0.2532649063756629	0.8009541200642509
6498	0.2533527860988843	0.8010930684928871
6499	0.2534141328132337	0.8011900507558518
6500	0.25345924954169197	0.8012613677436597
6501	0.25355479995100666	0.8014123853876703
6502	0.2535833186638569	0.8014574537655318
6503	0.25361096534385347	0.8015011416429046
6504	0.25369604304561033	0.8016355683170772
6505	0.2537328651347098	0.8016937419191752
6506	0.2539463306236105	0.8020309035396398
6507	0.2541033515373491	0.8022788223888646
6508	0.2541664870889939	0.8023784849273333
6509	0.2542019883106281	0.8024345198950704
6510	0.2542305195591035	0.8024795506527971
6511	0.25443443014938716	0.8028013084040236
6512	0.25444941268018434	0.8028249447850282
6513	0.25460738348223644	0.8030741165579569
6514	0.25477762211933674	0.8033425522097087
6515	0.2548046977090625	0.8033852372683998
6516	0.25489491332797926	0.8035274471311941
6517	0.2549852477789795	0.803669819099068
6518	0.25505674624149716	0.8037824866542338
6519	0.2552174751616743	0.8040357062737649
6520	0.2552564225663539	0.8040970537763051
6521	0.2554974685922931	0.8044766302438227
6522	0.255555287850879	0.8045676519109117
6523	0.2558204752937472	0.8049849900101446
6524	0.255902042798123	0.8051133131702374
6525	0.2559182102824377	0.8051387456582578
6526	0.25599637769873135	0.8052616966792533
6527	0.25610183084793525	0.8054275362105804
6528	0.25614232409693477	0.8054912083221237
6529	0.25620351800820024	0.8055874208751751
6530	0.2562217777333343	0.8056161276292958
6531	0.2563315360667832	0.8057886610042421
6532	0.2563818789382335	0.8058677845565833
6533	0.2564028409762047	0.8059007281598796
6534	0.2565856322270303	0.8061879429116462
6535	0.2566748204655041	0.8063280447456967
6536	0.2568147264948206	0.8065477678698064
6537	0.25694447261992853	0.8067514813312116
6538	0.2570307672356704	0.8068869434099197
6539	0.25719445973885097	0.807143839349553
6540	0.2573547294300136	0.8073952843993716
6541	0.25744443355870567	0.8075359858748326
6542	0.2576276498526146	0.8078232856120411
6543	0.2576874879718341	0.8079170950683876
6544	0.2576994231604856	0.8079358048074002
6545	0.2577813290073312	0.8080641896678716
6546	0.25779147559838034	0.8080800927129556
6547	0.257842103606969	0.8081594387761084
6548	0.25798725817776846	0.8083868871438689
6549	0.2580810507214598	0.8085338203160255
6550	0.25821639406552066	0.8087457989321517
6551	0.25830402550061504	0.8088830201634115
6552	0.25841851683582473	0.8090622659899472
6553	0.25845410226234794	0.8091179698827687
6554	0.25847525357291734	0.8091510774155798
6555	0.25854223708335605	0.8092559158244729
6556	0.2585530113643636	0.8092727777885096
6557	0.25864130270339025	0.8094109422561547
6558	0.25868132623299056	0.809473566108769
6559	0.2587246119070265	0.8095412887074305
6560	0.25875051697213547	0.8095818157657626
6561	0.2587987812278722	0.8096573171451013
6562	0.25888408810232993	0.8097907483072402
6563	0.2589319722939066	0.8098656358422979
6564	0.258959655464367	0.8099089272308487
6565	0.25908335228766843	0.8101023380549367
6566	0.25908923821942614	0.8101115400742007
6567	0.2591459694574523	0.8102002278857372
6568	0.2591598266395022	0.8102218893107579
6569	0.25934301757315903	0.8105081973516497
6570	0.2593477385351306	0.8105155743788006
6571	0.25953415419140075	0.8108068158842333
6572	0.25954757478874874	0.8108277791581593
6573	0.25961142952855704	0.8109275142699701
6574	0.25962096929329137	0.8109424134341752
6575	0.2597508965662441	0.8111453060541207
6576	0.25979004346583967	0.8112064273591163
6577	0.2598763139099294	0.8113411079050104
6578	0.25991235952191893	0.8113973736575432
6579	0.25992014951926695	0.8114095330177988
6580	0.2600035243977744	0.8115396609572729
6581	0.26022377719296014	0.811883321761543
6582	0.2602686428218341	0.8119533078448266
6583	0.26033556486880105	0.8120576886191496
6584	0.2605766521612685	0.812433610143952
6585	0.26062225528231514	0.8125046984151112
6586	0.260637488112453	0.8125284426751711
6587	0.26066159796957844	0.8125660226330503
6588	0.2606823954932271	0.8125984382710415
6589	0.26070988753967433	0.8126412862067307
6590	0.26076237981475664	0.8127230921623064
6591	0.26089953815646527	0.8129368060754719
6592	0.26110665875605965	0.8132594255709926
6593	0.26116134495821575	0.8133445856759562
6594	0.26126744829646154	0.8135097897038316
6595	0.2613050273446354	0.8135682926374611
6596	0.2613827262171854	0.8136892406370276
6597	0.26177174173219486	0.8142945217424117
6598	0.26185860019680374	0.8144296060439276
6599	0.2619415619308783	0.8145586091425688
6600	0.2619616794504494	0.8145898882263799
6601	0.2620451621403249	0.8147196757931742
6602	0.26217597783801316	0.8149230087301921
6603	0.26219830628690105	0.814957709810542
6604	0.2627482705765781	0.8158119541903652
6605	0.2628086148634884	0.8159056308571172
6606	0.262861454336896	0.8159876484445792
6607	0.26309394593946833	0.8163484247080447
6608	0.263146140058033	0.8164293966842174
6609	0.2633596025474275	0.816760470745591
6610	0.2634214622679829	0.8168563882808746
6611	0.2635713253391943	0.8170887140754005
6612	0.26360065222116624	0.8171341704574994
6613	0.26367148794321454	0.8172439547095959
6614	0.2638725679097311	0.8175555167784702
6615	0.26390688709310756	0.8176086805568877
6616	0.26395890578132447	0.8176892560126751
6617	0.26399376783754824	0.8177432518942681
6618	0.26404342751902765	0.8178201608308063
6619	0.26422902051451697	0.8181075283915653
6620	0.264246725892195	0.8181349376823792
6621	0.2643162287142402	0.8182425245375079
6622	0.26445617220217943	0.8184591070772337
6623	0.2644783496424624	0.8184934245735715
6624	0.26455499973034996	0.8186120222736875
6625	0.26458743496670306	0.8186622028801135
6626	0.26461308682538304	0.818701886733898
6627	0.26480761771046685	0.8190027666803739
6628	0.2648825065270528	0.8191185673750926
6629	0.26494721309422187	0.8192186100596445
6630	0.2651465172556704	0.8195266770562142
6631	0.2652924740339302	0.8197522108816028
6632	0.26542329847001817	0.8199543093448772
6633	0.2655279545353578	0.8201159468780711
6634	0.2657278645906304	0.8204246122645553
6635	0.265746804297987	0.8204538495544053
6636	0.26579231115425345	0.8205240943824875
6637	0.26582719771535884	0.8205779415472014
6638	0.26588260223638244	0.8206634507793812
6639	0.26594126674121055	0.8207539816363048
6640	0.2659681689408026	0.8207954936764106
6641	0.2660417604899946	0.8209090400350832
6642	0.26607385088915714	0.8209585482483375
6643	0.2661600134972966	0.8210914628579165
6644	0.2662249302526199	0.8211915893629206
6645	0.26625333138681473	0.8212353909530199
6646	0.26629098576328736	0.8212934597350879
6647	0.26630012537382514	0.8213075537869973
6648	0.2664686450743233	0.8215673820787719
6649	0.2665021262508018	0.821618994489879
6650	0.26652393955460124	0.8216526187206985
6651	0.2665549475225001	0.8217004137463089
6652	0.2666545425926925	0.8218539086789471
6653	0.26677723197817277	0.8220429569401473
6654	0.26695319943712953	0.8223140238592893
6655	0.2671145113570247	0.8225624363550051
6656	0.2672113879021506	0.822711585464706
6657	0.26723183971491515	0.8227430691928018
6658	0.2673222661196848	0.8228822580806837
6659	0.2674385494635754	0.8230612126780663
6660	0.2674511868798959	0.8230806587234294
6661	0.26753765126033285	0.8232136949777314
6662	0.26758566357902275	0.8232875586469823
6663	0.2676710453687906	0.8234188963237379
6664	0.2677342933367532	0.8235161733672761
6665	0.26787150574352236	0.8237271701748149
6666	0.267925673468865	0.8238104510962634
6667	0.267928778085449	0.8238152240770426
6668	0.26815573067074505	0.8241640619655947
6669	0.2682156275719096	0.824256101984537
6670	0.26824335927641396	0.8242987121710721
6671	0.2683726664737538	0.8244973655774769
6672	0.2687541118854013	0.8250830978511255
6673	0.2688295122436458	0.8251988304028829
6674	0.26901034252990913	0.825476321989013
6675	0.2691688679130564	0.8257195090653323
6676	0.26919265261686637	0.8257559899932179
6677	0.26920634302475305	0.8257769875807766
6678	0.2693944523907332	0.8260654452333238
6679	0.2694519464468139	0.8261535898087852
6680	0.2695289148486695	0.826271575932203
6681	0.26955488036086284	0.8263113750906749
6682	0.269636758660859	0.8264368631426539
6683	0.26978023930152506	0.8266567180333964
6684	0.2699210433788609	0.8268724148043052
6685	0.2700194438551747	0.8270231204039378
6686	0.2700725624621697	0.8271044629828005
6687	0.2700858301879102	0.8271247791161773
6688	0.2702309449428315	0.8273469527329069
6689	0.2702880778024351	0.8274344079263773
6690	0.27039285841474653	0.827594775123744
6691	0.2704370634992559	0.8276624218842467
6692	0.2704925841474459	0.8277473769478979
6693	0.27064217873133645	0.8279762361033757
6694	0.2708053576385233	0.8282258052926127
6695	0.27086675254556364	0.8283196844630242
6696	0.2708952667711498	0.8283632820484771
6697	0.27103826002105846	0.8285818807936788
6698	0.271236396998468	0.8288846843841579
6699	0.271515652527676	0.8293112699860167
6700	0.27156564631174407	0.8293876164136266
6701	0.2715995017902593	0.8294393137470669
6702	0.27161399218397986	0.8294614396012019
6703	0.27164587130278045	0.829510114788593
6704	0.2716634656816688	0.8295369778490654
6705	0.2717396690640119	0.8296533149704406
6706	0.2717683819095247	0.8296971456674982
6707	0.27193137493354713	0.8299459137087919
6708	0.2721214391658991	0.8302359050335254
6709	0.27216685249931494	0.8303051796323132
6710	0.2722936946110193	0.8304986370528843
6711	0.27249048596260167	0.8307986906969059
6712	0.2726245126463504	0.831002983159349
6713	0.2726395770106487	0.8310259421343528
6714	0.27272292195863784	0.8311529532642492
6715	0.2728042053577553	0.8312768040641942
6716	0.2728928149382859	0.8314117966836853
6717	0.2729738670693994	0.8315352566857243
6718	0.27321200941395873	0.8318978932040006
6719	0.2733595336404721	0.8321224597068272
6720	0.27340397916155723	0.8321901043443607
6721	0.27345345127232656	0.8322653928220445
6722	0.2735158298724444	0.8323603131632561
6723	0.27358135538063977	0.8324600104392518
6724	0.27359290346552473	0.8324775796508053
6725	0.27367706095051114	0.8326056053265054
6726	0.27377726208606756	0.8327580119474242
6727	0.27387098915459984	0.8329005462243276
6728	0.27391473261627847	0.8329670602032647
6729	0.27412937001406873	0.8332933494657254
6730	0.27423831566087936	0.8334589184903425
6731	0.2746530867757025	0.8340889618732631
6732	0.2746794059570506	0.8341289250373756
6733	0.27478836007731733	0.8342943411019917
6734	0.2749645226801913	0.8345617249076777
6735	0.2749925975823328	0.8346043297508068
6736	0.2750093610882407	0.8346297680380941
6737	0.27503557478823476	0.8346695452531628
6738	0.27507538622464595	0.8347299523316799
6739	0.2752157005108794	0.8349428205325494
6740	0.27525833898195423	0.8350074958153587
6741	0.27544705998355	0.8352936932298112
6742	0.2755375455792465	0.8354308808279958
6743	0.275681561735915	0.8356491810727746
6744	0.27575857002972237	0.8357658871446221
6745	0.27602702515890526	0.8361726035340813
6746	0.2761701879221891	0.8363894179249429
6747	0.2762605146273644	0.8365261852649777
6748	0.27644468949258805	0.8368049826678123
6749	0.2766363306440423	0.8370949836938121
6750	0.27681724476694125	0.8373686598818022
6751	0.2769616819285822	0.8375870916847137
6752	0.2772758191446612	0.8380619637121784
6753	0.27732078649773245	0.8381299175289669
6754	0.27736313842453153	0.8381939139250358
6755	0.2776421366120438	0.838615375488689
6756	0.27776063716626737	0.8387943212829614
6757	0.2779309624001333	0.839051459848667
6758	0.2780601988482717	0.8392465144530958
6759	0.2782940338947267	0.8395993229594529
6760	0.27837983960037355	0.8397287487668457
6761	0.27844362071210466	0.8398249406566546
6762	0.278555473732721	0.839993605904308
6763	0.27874091329113854	0.8402731590674003
6764	0.2788892693307882	0.8404967412713052
6765	0.27897458672216763	0.8406252931983157
6766	0.2790308670977486	0.8407100828594515
6767	0.27924059460721806	0.8410259742774148
6768	0.27930333650526895	0.8411204530230445
6769	0.2793536809087158	0.841196255553608
6770	0.27943251187588775	0.8413149359960382
6771	0.27946719765514594	0.8413671503186336
6772	0.2794951753651243	0.8414092642719048
6773	0.2797111564255575	0.8417343027463967
6774	0.28018861993468297	0.8424524114854476
6775	0.2801913707730058	0.8424565469936834
6776	0.28025681279307485	0.8425549241123163
6777	0.28046337189527853	0.8428653631893271
6778	0.2806005617527851	0.8430714835843125
6779	0.2808748091445322	0.8434833745794044
6780	0.2808983424516215	0.8435187097836733
6781	0.28099745381540325	0.8436675090179003
6782	0.28106274899831657	0.8437655245404373
6783	0.28143128133723794	0.8443185203008824
6784	0.28147161425050515	0.8443790192715036
6785	0.28154967265981146	0.8444960938018473
6786	0.281582099691465	0.8445447241427393
6787	0.2817194942829881	0.8447507417241107
6788	0.2818262062208318	0.8449107172594073
6789	0.2820051527342066	0.8451789141676203
6790	0.2821943310815991	0.8454623535709062
6791	0.2822353118218825	0.8455237410821137
6792	0.2825727257619893	0.8460290043659937
6793	0.28263280689627784	0.8461189417094884
6794	0.2827658645129341	0.8463180858282582
6795	0.2830164934978207	0.8466930689661519
6796	0.283047321079127	0.8467391807463605
6797	0.28325216272899884	0.8470455183588445
6798	0.28341560565938995	0.8472898653654938
6799	0.2845368431155684	0.8489642180958873
6800	0.284663044166091	0.8491524684075693
6801	0.2849180889308922	0.8495327836753432
6802	0.2849554953851833	0.849588548766299
6803	0.2851544044945516	0.849885018608377
6804	0.28517192142946585	0.8499111222765936
6805	0.2853689447104641	0.8502046704003262
6806	0.2854142419381231	0.8502721451327335
6807	0.28565407529853676	0.8506293116203326
6808	0.2858461962917582	0.8509153153802925
6809	0.28595031551282685	0.8510702738415896
6810	0.28602013261179937	0.8511741653707066
6811	0.28614247448000746	0.8513561859568665
6812	0.2863777004591546	0.8517060465518569
6813	0.28649534594038556	0.8518809712737508
6814	0.28653379167122134	0.8519381276784128
6815	0.28666398680521543	0.8521316573859538
6816	0.2867829333787214	0.8523084281584232
6817	0.2873819614015239	0.8531981085410578
6818	0.28746870981706346	0.8533268709712907
6819	0.28757830875805634	0.8534895231240002
6820	0.2877367812860454	0.8537246521480669
6821	0.28825397667454095	0.8544915756806553
6822	0.2883090296506238	0.8545731704931713
6823	0.2884599889360452	0.8547968694747895
6824	0.2886830952761613	0.8551273723987336
6825	0.2888580519579932	0.8553864585542311
6826	0.2892006168807569	0.855893521744655
6827	0.2895725900817662	0.8564437749730166
6828	0.28978891575285937	0.8567636191017947
6829	0.2899862571914862	0.8570552903518895
6830	0.29061615679695085	0.8579856205442786
6831	0.29091763424977257	0.8584305308934727
6832	0.291217491090438	0.8588728209815459
6833	0.2926677667703147	0.8610087768625754
6834	0.29305188708643687	0.8615736195833695
6835	0.2936554862881779	0.8624604550944154
6836	0.2937691234416227	0.8626273140088281
6837	0.29496169929659066	0.8643764878832283
6838	0.2953707867177697	0.8649756894554199
6839	0.2956677301913988	0.8654103708384324
6840	0.29585995293875234	0.8656916401710267
6841	0.2968148667120647	0.8670875623070301
6842	0.29783331401683516	0.868573887397242
6843	0.2980236530625817	0.8688513867766646
6844	0.29984083076121265	0.8714962404899791
6845	0.3023939000530566	0.8751986615932784
6846	0.3133311095321731	0.8908854991066174
