0 40.24498233190387im 0.0007640506421558654 -0.000285631315958509 0.0006619027164923109 0.0034540547435739206 -0.00366003313001593 0.0018133910478327457 0.018369792201694633 -0.00497798124402057 0.009158490590489557 0.1412833259677668 0.058195708354995226 0.08126019101839253 0.001202242145627187 3.074516572460797e-5 0.00041380589801975345 0.00012686225612978916 0.0005953469727109584 -0.00048496033845947447 0.0002998454238269798 0.0001748735651505269 0.0005757786234721008 -0.000360953360589177 -0.0005037374916667972 0.00043768122555997964 -0.0008362220002987416 0.00036327337426678646 0.0007290321006716871 -0.00023653591685694658 -0.0007870158829717514 0.0005824783407324238 0.00013108358328345825 -0.0006291582039625545 0.00031669733401238135 0.0011175404773580877 -0.0022799043715105334 -0.0010839750086827167 -2.1396189858501685e-5 0.0004166674449911487 -0.0014599459976125974 -0.0007291423117775257 -0.000973003619948858 -0.0003464667170282368 0.00034178342404400723 -0.013789655198310656 -0.012061043834746786 -0.007333156029652359 -0.005409524879254236 -0.0006686645958498367 -5.814463381947915e-5 -0.0005196022641496036 6.615442265251161e-5 -2.8694632816400935e-5 -0.0004013581162586891 7.949551104207583e-5 -0.00011967967694178943 -0.0002743798021524352 4.375467995524821e-5 -0.0001252514289526546 -0.00043747184119264103 0.00016968193158209971 -0.0006843695213403168 0.00021300938244085894 0.00011227466834426545 -0.15760831536176018 -0.03621167870459674 -0.07586562377726858 1.2750223811347759e-5 -0.003175978116485272 -0.0040338352070953725
1 36.11539245371649im -0.0005133490201610988 1.1164208867858871e-5 -0.0012709656832070528 -0.0018857147700231756 0.0014820672376362981 -0.00040042801005280823 -0.03168678870431236 0.03189463984823066 0.004168240838960813 -0.04445640706953275 0.16378848220316555 0.026163268328976603 -0.0007369201301109334 -1.1236995305504437e-5 -0.0013318961397895846 -0.00015635744103773645 -0.0002914979197050948 0.0005691372389368843 -3.454517832838714e-6 -0.0002808051401265504 -0.0012423307447874926 0.00040381059249458556 -0.00018786639236724858 -0.0005950833368128551 -0.000330882794229627 -3.0445890025921755e-5 -0.0012300822642301726 -0.0001248592869208114 0.0003883493438382603 -0.0009711933207119442 -0.00021953581057549646 6.758658927677427e-5 -0.00045128306452985886 0.0034787506392914037 -0.0011252610464378143 0.00842981545431699 -0.007706093353866163 0.00801063247139974 0.00365714246302115 -0.001800401103477288 -0.007689467803526378 -0.0004863374066125753 0.005658415707800848 -0.045206383637361146 -0.019753076873792373 -0.006426980103182574 0.008697313370969581 0.006385578306511812 0.0006141455264226442 -0.0016844575025697034 0.00022953984740956305 0.0009841448768137236 -0.0021401257090724194 0.0001117833308833517 3.4898356492261347e-5 -0.0002704563924757889 0.001083548179582185 0.00025336049321018504 -0.0022271220748178193 0.0005547621139838193 -0.002024714231847164 -0.0027493567692032797 -0.0022285016086437096 0.07530329752650308 -0.15369551370794682 -0.01031803443630851 -0.0010983490985063866 -0.0008608508240629312 -0.006226486347225273
2 2.244032340439172im -0.011437058118645885 0.14807661065255154 -0.04197971112881258 -0.00983607787774139 -0.015381154651680213 -9.004960269319112e-5 -0.03338329200239891 -0.02538677075195164 0.010237340024891184 -0.013086332096588634 -0.008861427720693553 0.015156098980170172 0.08442888042071094 0.19732568497056685 -0.09271658453161995 0.12643611996736234 -0.20630035044878617 0.010637956124999055 -0.013005151008989137 0.15116173586061699 -0.04244183004464622 0.1482578463157624 -0.07040553627567477 -0.021430914328610853 -0.11010927904757684 0.2105871395055923 -0.025693252879189707 0.2209012762018012 -0.05087007126524977 -0.038400610111709144 0.1309558585389951 -0.09111550054992644 -0.013805560092197185 -0.09806882109440704 -0.06318816596984626 0.030660377540914236 -0.024715974644759796 -0.015708167497024014 0.0034594587047858485 -0.015707175055325515 -0.00713520936128454 0.0007611121116414042 -0.009750237541969574 -0.00446787437262873 0.010404085109977448 -0.023428154015524724 -0.014657139304759538 0.00516446957571778 -0.005158609707256545 0.0021000255880067095 -0.00346108168873211 -0.014074423976481468 -0.005454986543304806 -0.006539303967536375 -0.010722332669000422 -0.0032533520142437084 0.006669483638376389 -0.011166433088707232 -0.0031069463462634734 -0.0008421455249572437 -0.015912738079085453 -0.006088357569180994 -0.00726692386973918 -0.014444475882029316 -0.009272248551396871 0.014569984701782914 0.0025680376137337682 0.003418039966648797 0.010638895740264897
3 1.667946122219658im -0.04558736396533574 0.07161539410817298 0.06840065338576788 -0.045738201749781826 0.027307264732385837 0.00908552924961618 0.0067427287510616754 0.014069191087891486 -0.009457301358663607 -0.03117402901461021 -0.022535652454030105 -0.030309745326401193 -0.007730940099828038 0.08414531249466324 0.07350632991741268 -0.04375810699155214 -0.02294573525562162 -0.052578101408757565 -0.09083688029313515 0.07268786365336712 0.08555635333372799 -0.07839877468425804 0.018836624666330758 0.0015100982776861428 -0.03691816082111575 0.08789307341529212 0.08787614881430957 0.003965378817983101 0.01891785311540868 -0.004264153530466943 -0.04043491788398224 0.009367813169796072 -0.01305335519255893 -0.09197820370624724 0.015833797143856725 -0.0024782711845173317 0.06661451660582546 0.022130430849085385 0.0070516555553330265 0.06962117024677292 -0.02970513627226227 0.005609649482571471 -0.020148460127117688 -0.029453959575715036 -0.020843117606587705 0.08632716717462596 0.04558024667295995 0.024624670594025965 0.142913008204461 -0.03979790363094701 0.024138958585683067 0.20447765356245529 0.0005925376048494221 0.038230023203941185 0.12816043511352043 0.07210889591735342 0.020233709825471707 0.14142746930022856 0.003393084781203669 0.02338630838116982 0.08260723058198353 -0.09922145945402029 0.006075808685995129 -0.029621235526356097 -0.02306165706769293 -0.029853053933488694 -0.060125506496194914 -0.04874919270435413 -0.020991422511869747
4 0.9679444370724567im 0.0553646235999356 -0.03123984646826136 -0.03728182317033184 0.05545960673913195 -0.007576660627492776 -0.002613337104991895 0.023520320671586152 -0.008746387213642884 0.0086735557562781 0.028172886310698846 0.0002462368628373685 0.019858374805874972 0.03444852271261355 -0.0399915037476262 -0.03327626595414657 0.05696673241645428 0.02317701554977974 0.04010472639630325 0.08127584757287099 -0.024751176847624512 -0.04914492917986302 0.07903578574697026 0.003054993091700301 0.005827627882304629 0.04907133753946085 -0.0453955139078278 -0.053561467507161696 0.028903001469826644 -0.0015220347083442773 0.01215493851219281 0.05498789196074365 0.005141757755896237 0.015198935284437047 0.08055891522350858 0.0004978625235653907 -0.00011294079335065157 0.017211557290323694 -0.0006261435917514698 -0.004636311809639978 -0.01098285801169478 -0.004889144026132622 0.0036235388711324183 -0.08258327617855413 0.003825910444697149 -0.0017722246955525602 0.019388435318709412 -0.0026657709767000768 -0.014030961380470592 8.664979140758696e-5 0.022178520643941272 -0.011271616547370697 0.07164352045510222 0.021485699375212126 -0.02467406610087487 0.009819841759438026 0.07923375308882938 -0.03963942498499341 0.01985695175576261 0.03218462188807264 -0.01968769276310431 -0.0021634952420537842 -0.05109475770546198 0.023473240674294776 0.02895840361189549 0.0003104550811414652 0.020101290739150204 -0.1979805961478223 0.013367041698442793 0.0032518243837397734
5 0.4992281041974643im 0.03603125155475427 0.022440399365637756 -0.09381000559520357 0.035595150310818745 0.06849502400843763 -0.01921523722848974 -0.03178773789707728 -0.0046428294166233055 0.0043199135929433636 -0.053301012713015836 -0.028360042831060348 -0.010773610455260391 -0.0058890417918163185 -0.0051173316799216695 -0.049219240029265664 0.04440417552536499 0.1627314617322247 0.12021533145389328 0.09116019636351681 0.07283906221638557 -0.12953851225858132 0.08848357371536263 0.1783072839249161 0.05303362667913031 0.020934158099378194 -0.0346932705865303 -0.15481023582795053 -0.005926372715094412 0.09676738629127264 0.1133222511872814 0.04077625775448121 0.13079484264385996 0.0735877007859972 0.08513618108304728 0.10556116624032802 -0.05729365907433977 -0.010692385865760165 -0.008902596726704574 0.01832430037484208 -0.00635589921283641 -0.035220894287256936 0.017056800943564848 -0.029605625374266857 -0.0370855655736605 0.003388462477674685 0.004491798403351822 0.006546396013380559 0.025561922118582745 0.021659376555954974 -0.05365979231758427 0.03298554588662126 0.037826012709161264 -0.028725479492816283 0.045724925296720516 0.014525052212012822 -0.010044929373546127 0.032790488913699 0.018650567347571045 -0.03161398659051926 0.03350256775260209 -0.002481772888309805 -0.05616787355674856 0.015585991631005417 -0.05305078308217915 -0.02748529766321856 -0.010447284723029235 0.038849521382195946 -0.05148367806589182 -0.00030124074319565984
6 1.3771497487946308e-5im -0.05883336865815876 -0.023967679565517073 -0.04698336268279999 -0.05883336891700021 -0.02396765336823746 -0.04698332228284693 -0.05883340544628747 -0.02396769233250481 -0.04698330951355373 -0.058833416760444145 -0.023967704894608827 -0.046983317417682705 -0.05883339154797732 -0.02396769368468489 -0.04698334189432883 -0.05883336490101106 -0.02396760156766485 -0.046983246929543664 -0.05883333848602143 -0.023967656065736358 -0.04698338101312787 -0.0588333410142998 -0.023967593346246464 -0.04698328304578934 -0.058833375792765076 -0.023967707955447184 -0.046983392887627894 -0.05883339181040722 -0.023967637711483424 -0.046983249995519734 -0.058833366904001747 -0.02396761916997086 -0.04698327193135736 -0.058833340803471926 -0.023967632980585813 -0.04698334263206394 -0.05883339580101868 -0.023967695192528067 -0.04698330197741081 -0.05883339367142407 -0.02396770788243526 -0.04698330260073144 -0.05883340216446527 -0.023967709316693113 -0.04698330978679413 -0.05883338815624114 -0.023967687464485896 -0.046983298479990804 -0.05883338143450866 -0.023967718143054356 -0.04698329433470939 -0.058833375206985644 -0.023967705717739037 -0.04698328734419377 -0.05883338486248248 -0.023967698940141797 -0.046983294272932 -0.05883338322011301 -0.023967707694641526 -0.04698329395496629 -0.05883339213741559 -0.02396771608232989 -0.04698330342828748 -0.05883341665254076 -0.023967704352770666 -0.04698331723285472 -0.05883337531081185 -0.023967717234267046 -0.046983311384816026
7 9.50516423715871e-6 0.03955308908176723 -0.06661113007020297 -0.015548662836922663 0.03955308894066677 -0.06661111827346111 -0.01554865220455149 0.03955307862721091 -0.06661113018361672 -0.015548648661034054 0.039553074485397466 -0.06661113440872272 -0.015548651071256801 0.039553079947197624 -0.06661113472636905 -0.015548657955395138 0.03955308621829881 -0.06661109742659695 -0.015548630480486202 0.03955309728029191 -0.06661112529669884 -0.015548667390968812 0.0395530919592727 -0.06661109816521173 -0.015548639471298217 0.03955308887942255 -0.06661113781993787 -0.015548670273333147 0.03955307583625591 -0.06661111242825016 -0.015548629190610922 0.03955308553770323 -0.06661110579476803 -0.015548636643058127 0.03955309931474154 -0.06661111076484041 -0.015548659589360468 0.03955308211666934 -0.06661113090377187 -0.01554864641121776 0.0395530814962499 -0.06661113629693415 -0.015548646199626757 0.03955307404369255 -0.06661113625890233 -0.015548648924650604 0.03955308541412158 -0.06661112778813776 -0.015548645473004599 0.03955308503023408 -0.06661114020404212 -0.01554864310758561 0.03955309347226891 -0.06661113399997984 -0.015548640655265723 0.03955308549999704 -0.06661112803469378 -0.015548646736348256 0.039553086853925334 -0.0666111345414739 -0.01554864399307532 0.039553082577250966 -0.06661114191364424 -0.015548645306635548 0.03955307459014013 -0.06661113425931135 -0.015548650996772205 0.039553092523770116 -0.06661113845926847 -0.015548649805150288
8 1.6859979390629214e-5 -0.03489177231478319 -0.03509639679528925 0.06159593515634687 -0.034891772272907 -0.0350964015339782 0.061595923544378574 -0.03489176173159815 -0.03509639091370633 0.061595919823838 -0.03489175837999271 -0.035096387495291176 0.06159592174854823 -0.03489176720944135 -0.0350963936540133 0.061595930383519314 -0.034891775454541155 -0.0350964116536096 0.06159590440428552 -0.034891780169905726 -0.03509640231661192 0.06159593980993297 -0.03489178074122742 -0.035096417979742854 0.06159591269102598 -0.03489176933912041 -0.035096390236427744 0.0615959426461394 -0.03489177099547232 -0.035096405074231625 0.06159590333254779 -0.03489177504763078 -0.035096409614658666 0.06159591010370341 -0.03489177848207239 -0.0350964061996399 0.06159592828616382 -0.03489176337040373 -0.03509638972149506 0.06159591772382502 -0.034891762865842474 -0.035096386054539415 0.061595917514379775 -0.034891760420557624 -0.03509638576036876 0.061595919408697124 -0.03489176505430543 -0.0350963915453255 0.061595916687565776 -0.03489176300961721 -0.03509638167505631 0.061595914750766104 -0.03489176855588979 -0.035096386510924546 0.06159591255570404 -0.03489176400811062 -0.03509638871408598 0.06159591788780615 -0.03489176464741516 -0.03509638571127867 0.061595915558680284 -0.034891763296368714 -0.03509638400072126 0.06159591656073934 -0.0348917584450843 -0.03509638764958435 0.0615959216883161 -0.034891780199957693 -0.035096383721828904 0.0615959203272294
9 2.5380931260084982 0.017357688062872127 0.06713962983080506 0.0631054069918192 0.017673007649786004 0.04299194027122836 0.0008144059691272128 0.06482257581011415 0.026776352238244466 -0.01605508019258821 0.03198645306968595 -0.008396898729312293 -0.034426093951410996 0.042970969808127986 0.07465432029554733 0.069909738812959 -0.0006885462675824622 0.024830027558003294 -0.0593125390852527 -0.02697025072196951 0.06387701394206272 0.08123853867382458 -0.0440259809754446 0.06407399356241159 0.008292821190969527 0.03754437719663512 0.07916112165233605 0.08367042994838773 0.04027787426925043 0.04348224046803579 0.01581336743502609 0.002503621705138536 0.043871424302763286 -0.009196700508420317 -0.014507544452813317 0.04088139986433553 -0.01905686480728609 0.048408110925294345 0.006431938847908802 0.00307132724906071 -0.022026853175027186 -0.00895591194263468 0.02575314934742308 0.021882876060872525 -0.028131098422726264 -0.01353313995896539 0.05346252708021096 0.00859323230934308 -0.0005741927169399225 -0.19668193359143885 -0.07234040906157814 0.038689498276442684 -0.19024047468269106 -0.05474174948133733 0.04888060783900105 -0.1309979521056683 -0.15742758749963076 -0.0416469236706094 -0.14267713119007633 -0.07797418064007644 0.016677227895363005 -0.03420199224396525 0.05637703268743636 0.0895185465696733 0.03303867778939642 -0.003912004750412991 -0.03295157439415792 -0.04995613448184631 -0.0618354590548426 -0.013780602119759284
10 4.248492442643731 -0.027879497465012646 0.009414509934653608 -0.03306403679431652 -0.026359589255809716 -0.00027504400370183843 -0.005052682684460539 -0.038726163647818626 -0.02831382759475882 0.0009297545267894706 0.009350084310213657 -0.004499117638996869 -0.00653502044723543 -0.02646593377859994 0.004875692037322095 -0.014202748974131152 -0.01093635026813686 0.023286434316038374 0.05506221368876246 -0.012021275444264788 0.03898922126456165 -0.04775092710152757 0.004462768088833434 0.05619024092194141 0.03159667732959852 -0.04827069302734211 -0.007661371841030808 -0.0582665670835747 -0.016844812123782194 0.010445880355716752 0.06307848064259657 -0.011625059772726268 0.023645293334767708 0.0390765301440686 -0.02123180756656645 0.011208993979031617 -0.02437247318876867 -0.04088325859953166 -0.03202577872250204 0.007821288872324222 0.056228119330596196 0.02699285896320343 -0.022854714164204648 0.20530895255745274 0.015314225884351742 0.003376474682985852 -0.06901406630793896 -0.04881791976387397 0.022390968181588863 0.11767144596328555 0.052793316299059805 -0.031018469189967115 -0.1517487543484863 -0.02264180770954728 -0.03303195380810548 0.046166070968493546 -0.15482565340328192 0.1338131169487715 0.01565862819148306 -0.026283327561818927 0.013652159509339845 0.037847910593184625 0.12132024564756227 -0.10134189126150278 0.003039701893519723 -0.0031919570652721298 -0.008335894671780074 -0.09322453055441121 0.013803169348797256 0.015358465702247066
11 5.647673259951095 0.023700656578852133 -0.048603820077866386 -0.05537441698827349 0.02005382022805322 0.010925545913303024 -0.011239277699070314 0.001478288916245551 0.0645827729808519 -0.0001558067855646716 -0.04874259778077481 0.024523204512090068 -0.015362698616026418 -0.023888338287423604 -0.03728585953350469 -0.1619201575886082 0.02401736045888853 -0.013804199856892296 -0.03569477575860734 0.06515688595702429 -0.16114795150615768 -0.0392289607896338 0.08148329476663646 -0.18778707930301666 -0.12608990984837834 0.03386256948715486 0.006869175622739438 0.0020496204536938414 -0.05162956537996076 -0.020301409513515476 -0.22459496365536674 0.018773368287979986 -0.05564983558945839 -0.10608740617763868 0.04848322326742539 -0.011336088395802833 0.05499741812167818 0.016174426842446347 0.06001877976602074 0.02561368274229861 0.011307797448337532 0.02168872965408531 0.04416933625801635 0.0338721838890978 0.005862891249165274 0.01579450267665727 0.01838452701513198 0.06720963169814234 0.03607707622868577 0.032759077103407384 -0.0633523495606284 0.10417930887130546 -0.04236857929565625 -0.00566642933861784 0.153541384329995 0.011669643776284572 -0.06864330113640049 0.13972128244730936 0.0033407758964097453 -0.03130393128595746 0.11473221338607585 0.007972226688812367 0.03819864512122927 0.051212692486951455 -0.04500388531239727 0.027703488192498883 -0.013248282275340492 -0.02082140592325927 -0.0455160868823524 0.014596511771947302
12 6.547206454118535 -0.008893196682682653 -0.014698375310000176 -0.0053591321180893456 -0.008743742854342233 -0.013953992840367982 0.015092337477041194 -0.024878998425387405 -0.013995565868455904 0.015951378587469676 -0.06660877535703513 -0.023055748929355958 0.022207856817032717 -0.013144661163690789 -0.05790713816557818 0.147415859054517 0.027014896656561177 0.04261635993684555 0.16075243616438523 0.0026327198317123972 0.13891044230081598 -0.05377048536133404 0.1442099372727378 -0.10472031803067275 -0.02307439162234795 -0.01906518355264476 -0.12970875530128814 -0.11933602044477981 -0.09881730515472965 -0.01749442088123515 -0.06310674916280755 0.017424920540417093 -0.023310221165266733 0.023321005853911635 -0.0025735088282251985 -0.015195275298023435 0.022185417789166727 0.12727463454014284 0.0602733374064211 -0.02369273741986135 0.053438069886334545 0.020783749672260814 -0.0023090271108746666 0.048276806257639714 0.0063399096963014595 0.002444180716693489 0.20159978973648687 0.10852579326431644 -0.051231977474674985 -0.19397910290572523 -0.014892828799342598 -0.013684888257680121 0.011476232224630522 0.014381488110573593 -0.030965951287377787 -0.06148637286986468 0.005298331280360732 -0.22423689521373985 -0.05270579188573876 0.004246110109034632 -0.0718558030201054 0.04694483097825054 0.057000338272206075 0.07161361043889326 -0.06118079291011009 -0.036993271082585 0.020520488251448595 -0.003308351683237703 0.033391220463999886 0.0069154508246745535
13 6.969158810381972 0.0074725105756933375 -0.0014788443002030148 0.010122279465946156 0.006641537536996557 0.002637857774177425 0.0058381782672499005 -0.005229398892348399 -0.0109201537838452 0.0037815991795069285 -0.02206496325298747 -0.01640841065682264 0.006590801071261091 0.003675787561943536 0.13786903268242354 -0.5049812267029354 0.007655733385992957 0.08864980437102074 0.11503125228563015 0.00941718821770957 -0.5139357279566845 0.15607133019835875 0.07439136528371403 -0.002482600885828825 0.008345709386701783 0.01438492957513572 0.37646557564888455 0.37376681032484316 -0.08389431821526083 0.014087305916979462 0.008167875911545008 0.001043015619215106 0.026772977317045712 0.03575749908295153 0.01710107347355442 0.006576052029319342 0.005747968755721293 0.019333018441846622 -0.0005856205261804638 -0.00848365667732744 0.013220026665325207 -0.0015597636855133677 -0.012554650528092789 0.016985979610641265 -0.002990266517349609 -0.0029124142875943675 0.027728169486293638 0.003584225722980915 -0.015485555703108273 -0.04278606912072747 0.015684451017319963 -0.03267195309912557 0.007036630292641542 0.0011535658328034274 -0.05080951896100083 -0.012102162649832155 0.009024070400290142 -0.07925940814993868 -0.00963007813656907 0.006034935048079252 -0.04563278525101688 0.011398439913079757 0.008571004899627201 -0.004578675907591395 -0.020229564428045632 -0.02129411937632808 0.00601938875208825 -0.0006062901411271396 0.015362480131814913 -0.0009399384905239187
14 7.225236336620624 -0.019223365218949212 0.03659669457491008 0.015696075113252342 -0.016462441835353066 -0.0012791191683169162 0.006171266655740841 0.007976834039420747 -0.005245387314031584 -0.004390352252981321 0.04339744173793119 0.006094057351854512 -0.01286785018684811 0.00855477881305486 0.03344905364166573 0.06543651676843108 0.020287766738344863 0.2941411665064394 0.45287700462505587 -0.033616446549398965 0.09646940830599576 0.0041553188174137615 0.39042262210438544 -0.2978539176700257 -0.13181160091250943 -0.03524229892792469 0.011280959595655622 -0.015727419652959637 -0.4545720065334298 3.4579164381975556e-5 -0.2658743452948307 -0.01389556466151932 -0.00023772928655153941 0.015315818299859934 -0.02418607732876182 -0.003031590040363506 0.003979903005200541 -0.028550340973819626 -0.021095099046210423 0.0022064817998959543 -0.01459864303570008 -0.009949030366410736 -0.00317019235880577 -0.02187870641208923 -0.004810720734246111 -0.008493577263885528 -0.050167400115889896 -0.035703561796396326 0.009784268194265753 0.03592340657269529 -0.005522022780961234 -0.0002691355496962253 0.005590102251710747 -0.0068896244753466574 0.004157359247035557 0.010653405346880617 0.0018956734902962889 0.03688580708493328 0.010337466724094068 -0.004660084140613506 0.010095934075195335 -0.012110722793503474 -0.023284326097032557 -0.017308091560670393 0.039548365157875756 0.01299566813159301 -0.012486854669533969 0.004029832862442893 -0.017099830619610557 -0.011193492989985095
15 7.925280862008673 0.04088390075589551 -0.0038653277910060523 0.06295343559252839 0.03572947564185145 0.008208762271302067 0.0041180916220276914 0.0171901906935978 0.014016983237629375 -0.0034694668238606442 -0.049858665957115786 -0.018644867424059908 0.0037425525751636824 0.043963438718162155 -0.017452495826739335 0.11623435994959062 0.03387922543998635 0.02319198207614018 0.013216797303724914 0.001765420942955724 0.02330608592440233 0.07089093798728244 0.053932971394114584 -0.03051365891922081 -0.018263885428425206 0.08232284956458653 -0.030362140870588875 0.056683650059307394 0.003318314087566053 0.007604576710623873 -0.039589129951125464 0.03154289270681656 0.0025502904595758875 -0.010869438246896146 0.030779129399534658 0.003271308300476125 0.010346482679287167 0.005357021572733056 0.00982984903901715 -0.013395318491720596 -0.007479832134982616 -0.008519016678669616 -0.01939386342185674 -0.04280841136858866 -0.00299961714843997 -0.01423358820830291 0.030767296210379325 0.027038119412638544 -0.022031838036545223 0.3420154425142639 0.28587122620320754 -0.1659657924313181 -0.39958489488008314 -0.06107917367362258 -0.2601725451791397 0.07411515040637615 -0.2628775080017648 0.3886702649229056 0.004257489918676759 -0.006698440960341721 -0.017000048797846317 -0.0053534449284438615 -0.019765116141435234 -0.020997081140770438 -0.04314870786436879 -0.0261714728943622 0.004238841062951675 0.005279561425203875 0.0379319211510614 -0.013817125358794159
16 8.796882485516162 -0.0666327067713185 0.007330478464496737 -0.09958990386158958 -0.056394523386610045 -0.022060070522104513 0.0012688787689978998 -0.015011622692365114 -0.030132224057005042 0.010669774514450413 0.06240483145639107 0.015326151636405444 0.01252466582373844 -0.06620794126781737 0.032117395704818544 -0.18813990322854443 -0.05569383458464902 -0.030215176343709915 0.008362744294905354 -0.0003792407937845348 -0.0328915876743069 -0.11483604376144606 -0.0776897558531623 0.042728736303080994 0.04215741738924845 -0.14413449470910839 0.05246849425799703 -0.0922135214613311 -0.022521153677490385 -0.019120770388165256 0.07752834728530882 -0.05295178877042017 -0.007936061195490082 0.03446228311193055 -0.050440002863055916 -0.012534557717803596 -0.013563935110882988 0.10341460057257706 0.033995098718884495 -0.009839786807810533 0.022596911865646524 -0.003630374159294467 0.02665446143500062 -0.07322366079528211 0.0038459637028390413 0.0036860280706955614 0.13170748010002895 0.049563967399579016 -0.025227083565071178 0.12321187694298144 0.10610977667996555 -0.03172038537677593 -0.2166687111392577 -0.042042707197443865 -0.06887967468168253 0.023645562774353254 -0.17345725445588542 0.1948621407326324 -0.012751784184332284 -0.026461202846439928 0.028427002377995704 0.02850799901629562 -0.03263643548978544 0.09889125123957171 0.055937303720484506 0.019676776865666906 0.01115735698725727 0.010976835041558324 -0.0025646633305269205 0.00027475802289097834
17 9.271273725917494 0.029948416148911042 0.06083121473257854 -0.044572995871119174 0.025851199030619703 0.03447802052056744 -0.031400940988287655 0.024789358644350112 -0.01980585707066419 0.010122207708549985 -7.921179531887549e-5 -0.022021902412473978 0.05423831417643327 0.05021817210861426 0.06832491943647925 -0.04302018615863255 -0.09142694911265946 0.12400098529203227 -0.1859778788650069 0.036563458811897355 0.0842066011062791 -0.05403775269334554 -0.1409313775423303 -0.055481730625589414 -0.1083620713960579 0.004720302205295447 0.06160648020011955 -0.055936987286373765 -0.15175928261045726 0.039075158982046616 -0.1740838182969603 -0.09171619063152409 0.035543346597793436 -0.12875194026560344 0.010831973531455867 0.03717917823733173 -0.047996616611020934 0.006902096101642254 -0.04840526241288383 0.02136414819588821 0.009323633112951191 -0.03407660563421315 0.018165498975471803 0.014515502789843876 -0.021100079271798258 0.05678008259360106 0.0039684985905498096 -0.05018204520556978 0.025834161449457035 -0.006732342933053245 0.07392138296316807 -0.05659189999435244 0.0013930781920144485 -0.02141824276592409 -0.1195706919446718 0.0012621534779640137 0.00874756217442285 -0.05555624830346296 0.0012604904725783627 0.008549236872369302 -0.05695233500925731 0.009011386247308078 -0.03246243903813372 0.016240184797835212 -0.0007400813988933235 -0.028715908085098395 0.05235037925283653 -0.0022567325500408904 0.015900353588359166 0.06697966334587369
18 10.741831961945547 0.019158040151483754 0.019595893476806462 0.007882137312216816 0.015705796082089257 -0.015001152279183038 -0.019327384171020617 0.0010232294942989163 -0.030049516289901997 -0.008508143238063648 -0.002687389938658531 -0.021701751636572612 0.01825077762736189 0.05213105557575696 0.03112966465915648 0.010995028365662508 -0.020668348973928937 0.050208674525923896 -0.019009798632381437 -0.007149622738870718 0.027623651760692425 0.01595647227532436 -0.028705259397062474 0.013168866933242918 -0.008012791638087534 0.014702227994815579 0.03378268449253387 0.0192775507317058 -0.05091521630499856 -0.002021465328552903 0.0006791968333030696 -0.02170209603574996 0.012145854232634557 -0.010303868933178627 0.003362130928649692 -0.009952339954307502 -0.03971541766840167 0.002510774732830885 -0.008184559682065388 -0.032975601458537056 0.007412818068985229 -0.015144680204723884 -0.03616735281786803 -0.028112152153628483 0.020521311061893612 -0.032478487448332975 0.026142283242333215 0.005468999959106905 -0.04621821590892901 -0.03517266742557071 -0.2673021485633624 0.12280512531271473 0.06681631276898194 -0.04400997331674005 0.25503414919429546 0.0024125241580969185 -0.08675202237389393 0.025602632817787567 0.01066338341903999 -0.10927512780816867 0.09656555121887453 0.009676697587644842 -0.02678666536389391 -0.02691234566508763 -0.0030065792350660995 -0.02829423522597235 0.016427620088169316 -0.004065073782296296 0.16006234381831816 -0.0245985577984472
19 13.358948753433543 -0.0644712060557812 -0.041039065668841496 -0.0007873056802992418 -0.04254046613503514 0.08204319207358689 0.029156655948829227 0.017689008540087568 0.05135954282311133 0.010000372910595356 0.007775327271665665 0.024355798524656972 -0.01041428542417449 -0.17741948780890338 -0.08158191774980172 -0.005963771664487741 0.060531311194990854 -0.07806387353218201 0.010945753999252699 -0.019258315495626507 -0.08685990696782543 -0.005799826865609389 0.09991348898094671 -0.02122900043418249 -0.03932196448060675 -0.012122843550128439 -0.08114618951076961 -0.015122870516343537 0.12728673439236787 0.0640151227817577 -0.08941304778280862 0.06170707786328808 0.01367015947519977 -0.026195581781801487 -0.023768464193671703 0.07750376345368874 0.058018439788603327 -0.020397824487095845 -0.030147726269407933 0.06399084603708653 0.08189361130333996 -0.05409276487529809 0.0033562948790964242 -0.04093367672963609 0.0025324904303645865 0.010944762973011972 -0.10285360684674909 -0.06397492968759416 0.14247884458322133 -0.05894045997991387 -0.056779642016979694 -0.05145262597498113 -0.007990690908648087 -0.10499889399590022 -0.09714736461136504 0.015883585780347875 -0.15546608148743413 -0.1498914028239093 0.009669987630380867 -0.096852619260969 -0.07665171758742541 0.08827822924271087 -0.07898506056760234 1.931992565603179e-5 0.003970449499434658 0.031193630315392788 -0.009545455147187578 -0.0024629557076367857 0.049839361890238784 0.016991652869782978
20 14.276250503079346 0.008245454926685295 -0.004623402424373445 0.03670746739398396 0.005895753640354529 -0.03349782823066458 -0.07066148592385224 -0.06326372791577163 -0.022062031855538514 -0.04179325821253235 -0.002775453113144201 0.07161262095865074 0.032821846560856904 0.056518146768387234 0.0028637229646082123 0.07493601620141387 0.02440481643754965 0.03910302944908453 0.02590139890811863 -0.08932996381825609 -0.0016733567673263318 0.07433103945589621 0.05187547588905135 0.08589683133402523 -0.019144565142513705 0.058641095588877624 0.012979186852808345 0.07671320581980408 0.005086915175557111 -0.004809742894746879 0.04071228156936812 0.021610175315947458 0.022548146657155668 -0.00524720869891595 -0.007530891396973568 -0.02847588666787228 -0.0945616950890954 -0.0015163431125297016 0.030911760075437635 -0.08865440364516429 0.00044259395221010685 -0.027815891384720803 -0.05231068017497609 -0.010708079149321578 0.016143225967631594 0.06775464450391418 0.07530534334627569 0.08167634467859922 -0.11890769144705338 0.04432976669237369 -0.13035522795650373 -0.03465258839178955 0.025389600682523408 -0.06806476243319565 0.0036371352751392166 0.030492288236215845 -0.09691510127803211 -0.026403764272636854 0.02756116210906138 -0.08263552195401051 -0.02923122451579483 0.002321487954831548 -0.037660041311662784 -0.05324511827496569 -0.003061338405515973 0.0719222769006406 0.03295073139564937 -0.0036781931983054608 -0.061803740089148934 0.08161335226687699
21 14.799661998448784 -0.08068412885940747 -0.04071447837390842 0.02564196933317144 -0.043171397328799585 0.06269742431631403 -0.053673139069489936 -0.016441773153127715 -0.0575063660180959 -0.0200865715345803 0.02782976694942004 -0.030667133262796548 0.008380494265687294 -0.1648087003904091 -0.07807460868080221 0.04957216263442619 0.08414266431612291 -0.009398130018415387 0.002057145551381404 -0.13546746990607397 -0.10008264980028592 0.06327534064306245 0.15836786383525325 0.07577557048239583 -0.09677597331646301 0.026315955149737967 -0.06125998972365061 0.05535738874419393 0.12822066954596958 0.09219799550310107 -0.1025537007162375 0.08207789905871284 0.06104152649275149 -0.06625781688286742 -0.06217842702655624 0.07750396576524103 -0.09460235893129552 0.04084534089433782 -0.02344516981049019 -0.031599342489290534 -0.06891724724365647 -0.0010213140010361067 0.02302168799624277 0.027649464005964377 -0.02479315003266847 0.016156023707225093 0.11662013122499794 0.009452465058364104 -0.09500413799214921 0.0349677907732237 0.0638675086105226 0.036664201868256564 0.02586827745730492 0.05296792730534651 0.04049330210796363 -0.019393056340735997 0.13308489891951797 0.10669987671303542 -0.010056692595926037 0.06445471967471919 0.053777174509514705 -0.07214177192603416 0.005025994167902086 0.044847580471681935 0.02000951061359006 -0.0365407952014887 0.003905988994139236 0.0011124253907156738 0.028199682523892804 0.02762871382524462
22 16.458569684486964 -0.029012951291170763 0.002307338379787727 -0.030118662035731037 -0.012638822766109637 -0.04438578107108643 -0.026099190172310546 0.1443951333902333 0.09334721337529216 -0.07227442897450649 -0.03117448573274946 0.008897364277357923 -0.03297852688713625 0.00539545601821736 0.01495070240443889 -0.030633350624445124 -0.007330674277615036 -0.022820282013796576 0.10039303416442537 -0.039045856667381654 0.027212795951323785 -0.034350198467980576 0.01831006049137098 0.03567711186150917 0.04616725574560645 -0.06291981186915849 0.01230669661374154 -0.03612125217976206 -0.024677778619126914 -0.06108528922186957 0.11706616784479924 -0.009574714001092107 -0.02803350568675159 0.05758246331010905 -0.018260897777489283 -0.04577886935261893 -0.031376257635644424 0.018500424462467982 -0.0036272066229382383 -0.0228230672560611 -0.06879195064063291 -0.05692035349998585 0.016272027305783088 0.035179734244184475 -0.04132550391461701 0.04934879885580011 -0.03597240451126061 -0.0410924450548209 -0.00520755737112587 0.04884878416675927 0.02094845892646896 -0.017176162384338917 0.07172685762698162 -0.029387719587656454 -0.044527056662955866 -0.003907058917853891 0.08423598213313026 0.038232833954167406 0.00877224675626779 0.0021691248524822217 -0.0001635598985830185 -0.07070069124488756 -0.06251319371957488 0.03286926476527938 -0.020981774091814537 -0.0016363219868418448 -0.031513434577141695 -0.0042497038968334335 0.0545543532421147 0.08379758960819177
23 17.392111898213898 0.02699681587044997 -0.0038543064333386714 0.017010477533658214 0.0084677666287951 -0.07181412637138963 -0.1008820470769045 -0.05971650829065226 -0.03690041544748901 -0.047271298779178295 -0.01817208590667696 0.04052425964312367 -0.044796284628495685 0.1256323552681464 0.019875634664105128 0.062461036220727205 0.009424907975802548 0.046731245943338974 0.041301963304640726 -0.0967266677003873 0.019205757068437024 0.05893007825583804 0.042285035372772964 0.09962658523595543 -0.022545069444782198 0.06734223769833227 0.025856272013145797 0.06366860562745064 -0.03803705588211006 -0.055989522030646506 0.08510567244195764 0.00492023086407701 0.0008606531782632564 -0.004152301734011874 -0.016603460246139037 -0.06586159704480275 -0.14245865320656215 0.03369413631625211 -0.07451783867056327 0.0715439077500338 0.07745748102559101 0.00547051161580746 0.08906304019360456 -0.03126493416063469 0.006920299314971841 0.006911436813386449 -0.05003286054707673 -0.11119496132521488 0.15738291085748382 -0.10156971468830374 0.13253146982166383 0.054621212544256795 -0.05841185938108396 0.020761755856656874 -0.02726365035194267 -0.016911426115700765 -0.007746350073808601 -0.03472189718085549 -0.02195963756859041 0.03938201901726744 0.024695109830350954 0.08433470688029986 -0.016966363475563094 0.13308622237169135 -0.016791341678248306 0.028222328454061765 -0.04665709881066256 0.0015213427906738454 0.03523889025142646 0.010610485409899301
24 19.032428556872617 0.053464940502000104 0.005081653158507787 0.011695946465708524 0.010507867815776504 0.02843515276560756 0.05497696365476426 -0.1223214374234538 -0.03304756498914246 0.03583584355670303 0.033261625082333324 0.005456131131093255 -0.0780282151193212 0.03435678605916892 0.0022761646890875915 -0.00443325396610625 -0.02276812546769824 -0.033721212401667616 -0.04139909340591285 0.11335228184528554 -0.006101329376647245 -0.0068216128273478095 -0.06309773955004225 -0.09454663118454494 0.025932081532023143 0.04867767817731019 -0.0035912842270187572 0.0007403763816146258 -0.008506916399909071 0.007545982691975852 -0.04366906951330887 -0.018848578429349 -0.01947755886354351 0.006175379770918237 0.03439980784699524 0.020297076868365554 0.09454592139760792 0.006490140599839918 0.03827631159809005 0.017738959821570317 -0.07297305330713615 -0.07586340653900779 0.02879634227406419 0.03519536361961821 -0.048715219130553045 0.017227703976437525 0.17743068744840393 0.16786779178735942 -0.007355377770347046 0.047310436361147325 0.028895433029449403 -0.039865704860580664 0.08556489843596363 -0.06878436190395458 -0.09891626460493981 -0.00875377331879757 0.07604171953867936 0.011237431379848926 0.006881809752166819 -0.01802779461093219 -0.020671374701289845 -0.0735790910515126 -0.09529070804672478 0.048922888868506896 0.015754619899510675 0.024296006655116324 -0.07891813117721896 -0.0031770905952206623 0.05737703265598662 0.043179207139153394
25 22.888390472733022 -0.01579138021502308 -0.0016904840775468337 -0.011297479719556448 0.003831813998451978 -0.012423847717724599 -0.018922847970635547 0.04006763299685267 0.02669451684156712 -0.006185752781302857 -0.0021738391551373963 0.0071360243411373375 0.0061481254972106944 -0.0024058644447174406 -0.0005868202506736809 0.004333524036320733 0.000949172745406798 0.006007169989128172 0.016613384530308473 -0.04940607414525073 -0.0017570485003691417 0.0010415838725192196 0.006021962555793037 0.021163877764623747 -0.0005349390008850996 -0.0145875729843806 0.015592194054915043 0.005620201484665878 -0.013126139979171786 -0.024935385362513798 0.03211554888161057 -0.0003436064045048412 -0.0062083836967259535 0.0028503649894675515 0.003238519931454367 -0.01217871818353474 -0.023466888819672675 -0.07854803244075824 -0.06210984408399699 0.05394333335640109 0.020774045147570985 0.002140098064380455 0.014432747783816232 -0.0014154742961868057 0.011987370393092441 -0.007259731141041189 0.6994947772141145 0.44490132301457497 -0.23091110076128202 -0.032274247588184174 0.02074321652748875 0.011924950734303887 -0.01699587866500468 -0.0018328253897695714 -0.012710251875168662 0.0049548657148008775 -0.025023501050804357 -0.03448771627453885 0.0021815317934807286 0.0009649672632507572 -0.0013777613066594508 0.021759612077389284 0.0029209809345422354 -0.046036843792424405 -0.0009778527043404544 0.005565217725216782 0.00572197992624973 -0.001407301594346385 -0.002265260451295445 -0.019426395142794064
26 23.893121972884742 0.03159064401319567 0.01264720844739945 0.006248288097741768 -0.0078082707808178765 0.07885428037300857 0.0728854400640404 0.005815829148331116 -0.03415039011169327 -0.049271574790789016 -0.026126202267385993 0.040239843927351526 -0.0250432561794891 -0.09045572766256695 -0.020494399017244386 -0.0361425701425961 -0.030554366649178034 -0.12882613595280956 -0.0035005169912847374 0.17643919361331054 -0.036060242539097086 -0.03431500959100793 -0.0563670473125701 -0.19224966295954082 0.06020865342548412 0.047800134546896925 -0.04125354769061226 -0.0388085042355617 0.02696742879869559 0.04665064481571237 -0.0805597519252028 -0.02210045575525745 -0.02703119226439188 0.038543567843272605 0.00516247213188863 0.09278352826689486 0.0745226183611408 0.03248503490735414 -0.12560974122679103 -0.06883833734459287 0.043581823240699244 0.03230915530058032 -0.03471260470593231 -0.0353513591965415 0.012854139035819502 0.02123495066657977 0.08857896617724133 -0.14879048538065526 -0.20378713126294998 -0.042643252863697224 -0.01515083304189236 0.04875592109989628 -0.08693460839507668 0.09360144917366252 0.12189981762538162 0.001068826158836018 -0.02835107578333103 0.03210593279655429 -0.011112531552588973 0.036820492025245205 0.03174409395696431 0.047237023061469985 0.03320064298727446 -0.04995911410223986 -0.01636138027944128 0.013556049088564729 -0.027257983975822773 0.0012036793211051902 -0.007981041891200797 0.05362532108885229
27 24.881582227573414 -0.005875888287860362 -0.0021071850640122995 -0.00022147272024926839 0.0021972231111056914 -0.014668517983620464 -0.008854184736607533 -0.0013247561418239337 0.008323745591615188 0.010267429811420868 0.03420153471395029 -0.06372584246603256 -0.04340787874456018 0.01901757628758906 0.005452459003442507 0.005100212409988401 0.006053812368756804 0.027820042160324982 -0.003633964835955248 -0.029344028740624084 0.008412255526764969 0.005595547538703316 0.00718505897353917 0.034776477142815385 -0.009155793996784142 -0.014266245331005144 0.009232091654287589 0.006888255325846568 -0.004616649606563671 -0.005844629815792152 0.01158567980534215 0.004494163378780987 0.005936965853569504 -0.006666993708353162 0.002013526640607824 -0.019411342652645838 -0.0033408725403446925 -0.07346319383138394 0.08312451837137919 -0.018540011721357098 0.09116819901283293 0.057404032700929225 -0.032041331116904666 -0.06221864075183194 -0.05632132424828115 0.029422015491404177 -0.04670823689383105 0.11897663699584951 -0.015599802626971094 -0.12098588339807356 0.011407183241386355 0.05937786320783411 -0.16282884954802448 0.11571397334323838 0.10446316606947481 0.025234763933606047 -0.12843397546125487 -0.06958492435239769 -0.002560715244751373 0.04060154751770886 0.009171042212237527 0.09906549491376077 0.06428118725690338 -0.10744961075935258 0.021211000051340214 -0.06297466118604497 -0.04797118891799087 0.004080472493206196 0.009511764658555327 0.10782274395361005
28 27.426161735998427 0.06717324429676855 0.021604194881082568 -0.0219301293571217 -0.05576315509388809 0.08184010151039844 -0.0792500929397734 0.0009583918103510747 0.009684782553586317 -0.01322686078898161 0.016965942166594746 -0.021667623241937283 0.024399708970042303 -0.044504311100842804 -0.047477183720395805 0.07811157177440532 -0.08420830883206082 -0.38895791952249736 0.2693864337107135 0.0046694084546199345 -0.11070550924557178 0.04083301476586979 0.1115299651228485 -0.04959870460220583 -0.039056629885870664 0.37966725917929284 -0.05642303869780403 0.03539206932039874 0.08971128434821708 -0.02690858869876734 0.06733603635741064 -0.07161530852440888 -0.05895236858774352 0.03339466688073697 -0.12162327123352094 0.15238058857473863 -0.25717001441381226 -0.015090322411874572 0.03379999760642584 0.012150373318551642 -0.0005184058034183925 -0.0004203509563247009 0.006417183576769754 0.003296412287913146 -0.0035475439214476814 -0.0018084491835543507 -0.020732890702947794 0.05806147784569801 0.06693047379805099 -0.004811489053970641 0.012081487932870033 -0.0005732631664838379 0.005170705949918359 -0.012438024322851257 -0.019660003203542126 0.0007512041192066731 -0.0022951960865119016 -0.013517314820511451 0.0015718600830299408 -0.0034267136028187147 -0.0024550077208268075 -0.0008425848227954909 0.0010192983722592222 0.0050101769226778125 0.009162951344646226 -0.015303919468377994 0.02264935585952797 8.303004241879642e-5 -0.0007449999296852186 -0.010430072907096095
29 29.39773510298032 -0.009933336483773779 0.005769838134796526 0.002889144910400906 0.014122756847142053 0.009910074954409305 0.006891989176787423 -0.0008927977689687577 0.001516316894639594 -0.024365085661472368 0.0019150699672181117 0.0009111930204534545 0.021306443360121274 -0.048189781080168706 -0.006390551439902589 -0.0009916844033651241 0.004526896699868584 0.008062931625861339 -0.06087929904599173 -6.477353004210298e-5 -0.004904242876236371 0.0021390923099246346 -0.05346925589717115 -0.09968932734217256 0.04957673608558556 -0.011560364834163681 -0.0028453413092481353 -0.0057139949418983935 -0.016091305416779254 0.024648235712296056 -0.04533774852910067 0.006900578645617795 -0.0006412783753066638 0.019305416552776792 0.047891385996961154 0.023313797367762595 0.007332821124850361 -0.054851175458972584 0.035136655801048335 -0.08794329282601682 0.05317685340152301 -0.0756729170580741 0.04381260145506992 0.026387462372721365 -0.01566648293213986 -0.0023217506812417393 -0.07831894271380438 -0.0036147029636401035 -0.16161719052425613 -0.2764880337496669 0.41594009827272105 0.19150643234413356 -0.053489825434754244 -0.14332602634890018 -0.24292570024756593 -0.009134910553746345 0.028280963320589228 -0.18954706637824598 0.007934134083778186 0.00825934972314677 0.0787834214990289 0.09220347470157932 -0.25836152204463064 0.10527831909276329 0.0009390350758068337 0.01293465228475559 0.023456839597204557 -0.0015972886315786413 0.005805007757951798 -0.039842982660998845
30 30.12097110044535 -0.05795411019291631 0.03125716802340018 -0.030452083554444443 0.07943965506025524 0.04206222098971416 -0.0467766037769257 -0.012130944316462921 -0.008992671840708752 -0.0007715310985369388 0.0022222355583362136 -0.0031755928374528238 -0.0016172858196641011 -0.2122040219240055 -0.06150194340179631 0.11932340105076814 0.04554016580239173 0.14609489089284047 -0.2326336425932795 -0.30644630844362253 -0.08137391873381158 0.09281211048522514 -0.2691854183232642 -0.3243668565109181 0.2049893955147516 0.17080560666536096 0.010256248129835817 0.04608327875272024 -0.2124244347610651 -0.11369796333027228 0.005526188069062781 0.04323432721509892 -0.05619325438340015 0.061916510644988425 0.24262569944339998 0.14964977115947237 -0.1449032015622737 0.005266062536636381 0.006656443952048101 0.015576933650430693 -0.007520724023535919 0.015367181646185495 0.0018403157711211053 -0.004256807280905255 0.0021370065610713247 7.432626644093779e-5 -0.01978996871990698 0.002337517780337153 0.05308368593293607 0.04782843442312892 -0.06137309111124436 -0.033315563747569096 0.01971017128961033 0.01097242589099206 0.0240766064596987 0.0024164395133608914 -0.006351885530464542 0.023178982289535126 0.00022021945007338762 -0.004945056453115627 -0.013927685176255575 -0.015349919984226064 0.05406052307271685 0.007641453981125313 0.001097413953425479 -0.004440919130663511 -0.0023352295685139736 0.00040616238998098013 -0.0003007476496953554 0.004757361325932081
31 31.369355605962056 0.0017353844677631583 -0.007963779263001045 0.003785428951819617 -0.0008691332787887395 -0.0074328149427920626 -0.0006935635500937361 0.010334610224085852 -0.016871732009617467 -0.008018885963108072 -0.0009309876634623188 -0.012570959214792891 -0.015430541179597905 0.05003132495894868 0.014699147215690045 -0.01821590037565187 -0.014084685315017819 -0.07496035715829819 -0.024098993464317257 0.006696842049445794 0.02917325807584114 -0.008645046519387552 0.01709920764532243 -0.08613938910322574 0.010367366834098682 -0.05271695471407368 0.012712831496263854 0.0011214368706043078 0.05264801187358212 0.09189446635774022 -0.08931974296228071 -0.006645077613371785 0.01883978421945634 0.013893481587643013 -0.0017878447791001759 0.012547173576134609 -0.044486188694960994 -0.02562059740383546 -1.1992768374317624e-5 -0.019153057141315814 -0.015171281641091102 0.11397259718584248 0.08049731313759315 -0.026434543265958413 0.023784429376486074 -0.0002449920773660003 -0.020104221591803015 -0.08186598259335369 -0.22380595804224127 0.11126191677457219 0.0788126933606168 -0.03457338169884101 0.23876199646230514 -0.25456777957301063 -0.2678858106686176 0.01715598508423394 -0.0024724032471291255 -0.12705916414007748 0.03590582934866772 -0.08110759992338652 -0.000585742119471936 -0.07135150132004268 0.41962277554609173 0.28006612349282656 0.0013908491695393804 -0.02907360291411847 -0.018879941487984216 0.0015945201218302138 0.00015481626186457373 0.018500572891523737
32 31.506371121184262 -0.00733966484860943 -0.052859700719700344 -0.012127336278317621 0.010168045942625928 -0.018814128140189318 -0.0176743670800158 0.0026282088914452374 0.0020630313215756384 -0.007395968402050683 -0.0004159041206591875 0.0019520944722756016 0.003876136626883797 0.35929817875845427 0.07320551211540073 -0.0032926577122864183 -0.05611425819079524 -0.3074942155583748 -0.08576323300251727 -0.21262027881881784 0.16277267565439585 0.0018952909030062683 0.05408030199857565 -0.3514595303222658 0.04959863521385375 -0.1979548568413676 0.12756816627270998 0.08070366689548998 0.19181047149447614 0.3297332762575301 -0.3171605515034914 -0.02682137445377019 0.0630826821363435 0.0579428088799671 0.1576375024640514 0.0791412769196337 -0.11567487759970328 0.0033580976822552766 0.005252311833203296 0.012852781499632785 0.0020402189878610194 -0.02011156185455616 -0.013528947020212245 0.004959436707758436 -0.004692521537351516 3.210723651764703e-5 0.006979514227675877 0.047036191549014054 0.10287924607429252 -0.0015326267915927764 -0.04484908632090668 -0.009462754664064375 -0.04186368392937166 0.06221563231182496 0.07096555503176956 -0.004563783601358865 0.000783909841162541 0.0422657429793767 -0.009229556101168754 0.016348671203707938 -0.006785335754384211 0.011556738212085776 -0.07243426354319829 -0.05115308881329652 -0.00042201046214585344 0.004569004049456297 0.0045174108784566 -0.0002770341697272359 3.1604049573293114e-5 -0.003725178116779313
33 32.44177570956624 -0.0002617469142663668 0.0005744213483192046 0.000717015347468523 0.0011919373527556783 -0.0010292984187146156 -0.001016943967406902 0.0009617816196989329 -0.004922458322327191 0.0028304952893393066 -0.003120395199787374 0.0038274707819154546 -0.0006005599218958243 -0.004192926885779759 -0.0002016178548973424 -0.0014743416142239617 -0.0018424535905497556 -0.007515473908488006 0.0017959703651981422 0.0006476096295917257 0.0001630237567216179 0.0004998675057549382 0.003871288873689833 -0.00289116580782157 -0.0018695242415184426 -0.0012192917173824145 -0.0012764488695351088 -0.0013635987324786124 0.004293350537035384 0.004357130053664209 -0.0032931088694766507 -0.0013031490475945847 0.0007603438447362772 9.292386136088815e-5 -0.000666744900889972 0.003023182344117563 -0.011338626989988 0.0051413011471678795 -0.0048606976882350885 0.0013017785365858235 -0.0948062590731423 0.008247365130240514 0.051923433357529976 0.016678724993705867 -0.0040095963806815104 0.00324942693424339 -0.012639495667271617 -0.056725136884869444 -0.08033433220011399 -0.2097081294390172 -0.16287232450068065 0.10873826045067349 -0.2973177723363992 0.17348386006405594 0.0825275842213321 0.22467487246734483 -0.5296690631900273 -0.2734352305791666 0.11119323071169447 0.03992378463071509 -0.03263090462411742 -0.10310972189231092 -0.030809958070052386 0.16296028380158278 -0.0014730003074013979 0.00392923138400738 -5.0954587698531036e-5 -0.00011496787247584665 0.005230920891597399 -0.0184251690032216
34 33.025125084785415 0.04216622623051102 0.009515925063535496 0.0018288735193979077 -0.08429301535802873 -0.04600915254218095 -0.012377004249923386 0.01470908880160028 0.0026080940453321716 -0.02677790360297301 0.0015109515668787139 -0.001658483868756227 0.007575647316100276 -0.05228061048851044 -0.019685652224771106 -0.020043819833426013 0.057461625435671716 0.18087022701603528 -0.2951843423434125 0.214345990830482 -0.10528603603186644 -0.028952715811047587 -0.14421277586018116 -0.22057083779562256 0.15323301894857372 0.1614424087312394 -0.09961962062189444 -0.05262658513481115 -0.07576974066682991 0.14338973724786727 -0.2269907837694313 0.05734980713991827 0.040539752349290865 0.051232371446338965 -0.538692344304256 -0.15988333854624343 -0.12900860770928677 -0.009000892285254997 0.014077134971323423 0.010804126444381734 0.0001491983951007959 -0.0028500283038388743 0.005546486458406846 0.002145492083604511 -0.0006597800880171959 0.0006590673126163516 0.014095187305336397 0.07123359557815682 0.0918240140562084 0.015339592375793593 -0.0349078299507676 -0.016280277080283328 -0.004605938515222425 0.02309766127257142 0.02760873843402831 0.00048560560117530285 -0.0066346284377342 0.019387285830234587 -0.0026083995567794307 0.00372878325056018 -0.008608882746185797 0.0015962946997795555 -0.011102422164104009 0.010490176541993147 0.001051913164795178 -0.0021742131215563678 0.007071743170605096 -7.732215606625015e-5 0.00022503299411970936 -0.0035760869996120243
35 34.050670218246424 -0.01402237472161926 -0.011196185949051897 0.08541727405205302 0.02941217722579097 0.02891538091201393 -0.048280863955538246 -0.006721449548251576 -0.011257457742203342 -0.036200265691357446 0.0029536142454656073 -0.0035987475794361764 0.009418369073645837 -0.10936686042838097 0.042210298824397016 -0.2290866037005876 0.00815649128472229 -0.028982255554723942 0.007587518276178504 0.42266964370838744 0.0825877285183172 -0.09840481607612019 -0.026857550220094856 -0.05994678484984052 0.018774517394814397 -0.40555476224479525 -0.055879540008181496 -0.11504385395382728 -0.05247872927406361 -0.08273359644158236 0.06630563437960035 0.00634880763916581 -0.02841843342194063 0.003504699088185463 0.0801687625779166 0.18613037988100925 -0.3297412089188895 -0.03188349685151536 0.023143090001306904 -0.009880242926846236 0.02506640744849266 -0.008522244042314015 0.03889903684885627 0.00915702581977921 -0.006164683289125307 0.002642547969361669 -0.0142550883695122 0.06576361128056235 0.03684390714394806 0.09200943731132556 -0.13451797760703327 -0.08122489011058229 0.020346332410436013 0.08011668859017551 0.10926804247174562 -0.0115804115174794 0.004162682754348706 0.10810418305809297 -0.01802713163593021 0.011798880356696198 -0.033567558672547 0.040950562213988725 -0.06750682214660837 0.21821216747528766 0.0008916017315655732 -0.0019666594476265447 0.008815878460224783 -0.00040034970757344643 0.0033738256024335245 -0.011390237065847457
36 34.203529691341046 -0.0023144697170636086 -0.016709992566648107 0.03407109026831925 0.002035782528204257 0.02103036233340848 -0.025109347367100805 0.00016324510870350758 -0.009213329076939534 -0.0033555213347500595 -0.0016001968138531241 0.003589140098463831 -0.0016682699896363505 0.022949294933744466 0.029224364995806322 -0.10292538857957524 0.015135304302143769 0.018128877638565636 -0.017898600057714938 0.16326653947658398 0.05615082939294276 -0.04631326557980205 -0.035270748731172766 -0.0360325973302198 0.022793805889289975 -0.18957580300738283 -0.01151594452021085 -0.03625220304748731 -0.05104567958758297 -0.057786453006639336 0.03668240988289337 0.011874867447384417 -0.017608771964384134 0.002357978648230199 -0.015587989705930424 0.10269904868321586 -0.19993851180473143 0.04961674632006839 -0.008962493125561268 0.04721602614084472 -0.05855317599273767 0.01978221382810499 -0.07212296514274502 -0.01773675082816623 0.01523817077120687 -0.005236575998520769 0.04197150813148086 0.06064036522334939 0.24341481442369947 -0.17442724984837069 0.2430294563665453 0.15116143817453156 -0.04230339644004614 -0.1505628673936939 -0.21036207642319427 0.027694619345490046 -0.024026164000054608 -0.21614637856376206 0.0370509228837071 -0.02294692840342402 0.05958291079325727 -0.09776313405104654 0.1654518767635388 -0.4746141348684872 -0.0006930887792923671 -0.002882713439806128 -0.0026525251504494933 0.0008764171821502804 -0.007858073493302318 0.019677854610722977
37 35.220320539792105 0.02854249745385878 -0.07984456839638775 -0.022729345136805718 -0.07277597989074085 0.10650318104746875 0.017792710510764694 -0.001957961228120384 0.014345848408970147 0.004917252935036204 0.005163051338310077 -0.005262154123627496 0.005268340524547986 0.507962632168151 0.07461529111330872 0.002047789891760116 0.06885781808982913 0.1986746916341333 -0.014426907307823778 -0.1722536389517236 0.1856962741680514 -0.026981850152065372 -0.15573648340943477 0.05770511012431916 0.06590245716309834 -0.08648361995206844 0.12459340581570752 0.128571805245622 -0.17262396455467638 -0.20530731791952858 0.1339196704358837 0.04668964135581204 -0.05188289913439861 -0.010362715574980112 -0.19460423969197843 0.1322725206189746 -0.06608456743787998 -0.005254842868989924 -0.006373756080391732 -0.016258631939823392 0.007419170782111515 7.747898154396453e-5 0.007311386692375648 0.0019113335584835444 -0.001758344517258427 0.0010904205002344658 -0.008192593681438468 -0.04266194371854071 -0.09404608677254878 0.014225763490111001 -0.014383356442546314 -0.010840319215688014 0.007007367516610024 0.008860885422083508 0.013760327216830917 -0.001542463744386953 0.0011768039610305348 0.015798740499015307 -0.002313803452669047 0.0013508001977467344 -0.0036993406909953666 0.012389417554542826 -0.016444681353422544 0.07984486583446992 0.0017018661040005822 -0.00302898012307567 0.004555243303403273 -6.360061082355432e-5 0.0004429083542470889 -0.002820969672150778
38 38.02670226757114 -0.00174832995989431 0.0026851861196076307 0.003755807001921084 0.01897049123983778 -0.030905625748424925 -0.015921109043167552 0.0059053999715087645 0.025855052122791333 0.12119590753679668 -0.009685447406295327 0.009221247986116614 -0.022160332504263167 -0.04198370168259821 -0.00602708473186568 -0.017410736170487398 -0.0056810466768615646 -0.018327658940974528 -0.03110842018145861 -0.010867992251988286 -0.012556347953024233 0.011935364596469567 0.04396124949426318 -0.018101470080401538 -0.01900402872169804 -0.02417467174520677 -0.015522446185108568 -0.02242002692133202 0.010556157630668958 0.011829635023991866 -0.00915357245191842 -0.0024738153950009745 0.003256491584711296 -0.0010916872798020492 -0.13901353708856398 0.07042034323827462 -0.36189845644959495 0.016594899293783893 0.015469452289544435 0.048354249487340906 0.0031421881782981607 -0.003910727609781218 -0.0028420602752318703 0.0030488280406576573 0.0007417120366188459 -0.0021030851390250443 -0.0366079536243185 -0.32109385923415185 -0.609135075086278 0.005400334757419508 -0.02303374713176647 -0.01110637975352229 -0.011770847943016395 -0.004941825679467931 -0.002839713075568073 -0.02037149183904504 0.03278864745279326 0.015503997277709606 -0.011809104485266883 -0.0033716103281429535 -0.0022804325241973377 0.03814368728837896 -0.18865922470235366 -0.22387525814720238 -0.0036200001548399637 0.010988533369269712 -0.019025119413267157 -0.0001703495750006532 0.0012282457578931612 0.0034514627181556653
39 39.76371270815337 0.001439847237676986 0.0002631426406194163 0.005040291266657972 -0.007277732498355695 0.0012627393417389296 -0.013796132660812775 -0.014457345730793833 0.020441498842239732 -0.006851583418764773 0.0018294323484002485 0.010458697165791384 0.01696795992477834 0.0032546377825530917 0.005626409656561858 -0.01139331467242569 0.0024456858328788284 -0.009623708387062797 -0.007789827276771546 0.024811663468424106 0.008598109871327834 -0.005273712135894223 -0.010680411928143037 -0.008439579205269197 0.011261128555101094 -0.0012061455050464385 -0.006593193512436902 -0.0015964575536960254 -0.01588810830354864 0.0003300789751564398 -0.005058943725082935 0.002733551217419709 0.0009461687354421643 0.004178109864732912 0.03150437595825169 -0.01707624841656567 0.05032113716147008 0.0026617715809893294 0.008778887817927851 -0.011568933818078098 0.03662779666262727 -0.07061044075887961 0.03958597159188709 -0.01527645595059058 -0.14079659620141036 0.039696961228329476 -0.016622427126900794 -0.06196553656712256 -0.14033686264376657 -0.046838454332336625 0.01683136084578642 0.0006280529848486956 0.008661841166321585 0.08366250417934051 0.10385777858278068 0.017771973266092977 -0.006910649245420911 0.08547255104811388 0.004352625719740155 0.018369138190553257 -0.016047705395230986 -0.08929926216958782 0.6132971031683653 -0.24308254587374323 -0.0020049224463291253 0.04667529395650524 0.024393678264534653 -0.0026455029028608096 0.023945695135235576 -0.06048534820940052
40 41.30782210948201 0.002153368329114538 0.0018902044326234789 0.028327067303968115 -0.06495469692984139 0.018804500212117062 -0.09156055777923446 -0.029567920326015365 0.03322893760211582 -0.05431733897398963 0.019717853386894038 -0.026280504903063998 0.014844936565317272 0.06549764662706997 0.05724449523787212 -0.08132418099743595 0.024316960221248924 -0.16969442417152736 -0.05999012626932239 0.16439279532290801 0.05606996132578069 -0.04345356825071028 -0.08741831204352368 0.030948676200530146 0.08147636136453369 0.05761179341264962 -0.0599798857106655 0.0005009006038454302 -0.23208420344023967 -0.013655373101601469 -0.08277919480507913 0.02823590076137101 0.009912458011405494 0.02546314613663088 0.28675732277462473 -0.1155397499690996 0.437678463828825 0.013763117330970185 0.012706960371710012 0.0367541521532231 -0.00868627621287922 0.028985205857488944 0.04074748266651101 0.0018943619222050348 0.017840893286482758 0.0003966014425132584 -0.0069653286030816105 -0.12357230617980083 -0.2285123740826498 0.03753591412511164 -0.09172247557991768 -0.025060928645581185 0.07023072707592441 -0.04106360896111209 -0.06751783300318587 -0.005025305539108976 -0.07487777782832411 0.0007547783052205792 -0.015300902251514405 0.003120368958749857 -0.0033860591916124575 0.03283351105197592 -0.20146163060403766 -0.26691450460559113 0.006606598406424527 -0.022189933579812214 0.010556509690334904 0.000404679438216733 -0.0012276139542515283 0.000788980395651589
41 42.0844838798716 -0.0037508113367820868 0.01517372753718371 -0.0012567882068888322 -0.06571896687836302 -0.03760812416935211 0.025022922551181433 0.0064196723945557635 0.014677495517221454 0.030212557620118534 -0.0017504537566831045 0.0026731628345122425 -0.002235132908914751 0.07279679295155626 0.035228047419490066 0.041436796675927326 0.014179324286709732 -0.14029682029844331 -0.2590456552224464 0.10879244313137233 -0.04296944380384896 -0.027337696750533717 0.1278752430383044 0.37800475974902525 -0.017835397676501816 0.13500752473597866 -0.02027022096289154 0.022661646383471245 -0.3026825602033556 0.01878863457763491 -0.27658653705358077 0.02478343071707799 -0.02155431697111577 0.02580047469697551 0.30410864948190613 0.19411893356643903 -0.1682434154951664 -0.0010447152300165523 -0.012120413745901032 -6.018188588404284e-5 0.0010145542734729066 -0.016127715391717874 -0.042216698586781724 0.00012308713058043202 -0.007692545064527823 -0.004514841793654063 0.01331224348040486 0.004810057336780692 0.01961125391653069 0.10011899145143538 0.046139563051540725 -0.01315794643594505 -0.25359942482017145 0.04537574716807036 0.06840319232343556 -0.03025483338593466 0.222979424252499 -0.17815050432760576 0.019951870625087804 -0.017299408097057423 0.01443562703809637 -0.020277019513757447 0.09854795809320088 0.21697976969138735 -0.0007646727327058433 0.006491063916612237 -0.000808141494154713 -0.00017863815030442646 -0.0005231265152599721 0.003597357181959585
42 42.25857333907983 0.001909185766972219 -0.009551385127950665 0.01024566282560049 0.03253828134715723 0.025781080490421656 -0.04950100268349054 -0.01600301274853109 0.01697908077156235 0.0003209477255173225 0.005484114058828676 -0.005322017945965102 0.00482786221357329 -0.039381002431236246 -0.007252830649682785 -0.06023973350202989 -0.004434476715648479 -0.03421460053856972 0.11138981550828597 -0.03374199473942968 0.04410097848462887 0.010372714228734857 -0.07910405516552663 -0.22065555098414621 0.02783583125363023 -0.08039375472987055 -0.010692677813473972 -0.022441509470697365 0.05421638414097487 -0.03146692035021518 0.15796126101510816 -0.005131071187055485 0.023591060684999055 -0.007360792511503411 -0.15774012427121828 -0.16726475982881514 0.19100150227503176 0.0038874895517599425 -0.0020464431771742395 0.01861768812123121 7.297509777811216e-5 -0.006895729623727381 -0.020918955142468942 0.0008231551933520895 -0.015081682649400005 2.1437998099239015e-5 0.0006837564526751965 -0.04717034947080023 -0.06904427900763235 0.3156102559360076 -0.02173869048190919 -0.07951168040018072 -0.4618280103397101 0.05963028845177288 0.07967371887201628 -0.07539030695941198 0.37456546051510126 -0.4291160539990513 0.02030203099119419 -0.028040098712500534 0.029440876642565686 -0.009223462647281192 0.04244541475697126 0.1169803319251433 0.0012544445160474298 0.002782676271208978 0.005209046284079774 -0.0003311804113224541 0.0016729457375030696 -0.0014696196025259635
43 42.578670730528735 -0.007485496556770184 0.010398261516345387 0.0017662921726880343 -0.07821672620880765 -0.017718836782267308 0.00867940673709578 -0.003313731560133389 0.009797226531081168 -0.02006074982428221 0.004581871878343182 -0.0054585849035486255 0.005066893493698135 0.10815387216744378 0.053657906523361325 0.011355467680979663 -0.03662040957198163 0.39834039731161336 -0.3042906685405978 0.13077593814532365 -0.012596020208153444 -0.04444263858447567 0.3587810459255608 -0.29587508635623117 -0.13931861195582057 0.16325297793768706 -0.03575077111270105 0.032079768999157356 0.3423937484525094 -0.04410902415300486 0.31557610242170664 -0.031361307336154026 -0.010005175444903537 0.005253936705451849 0.2749206197633111 0.1327698140412825 -0.022473730210656045 0.0018424902264949972 0.0016900564963704108 0.0031017438282443795 -0.0009579035201809876 0.007142467312033828 0.013699629449687155 0.000474725567375255 -0.0034943994011523206 0.0033145467455589195 0.0031744373882997977 -0.013032140236030838 -0.0326814682461519 0.08345875828343435 -0.02093287807892911 -0.02892056397064897 -0.03086477795766342 0.0001709298045013071 0.0022304651287860158 -0.01348441823711066 0.01122566704473315 -0.08566665256951869 -0.004548963949699153 -0.0009069090815768336 0.005367431075355406 0.0073596328976281355 -0.03774741396283624 -0.061721548906207714 0.0013494994216280843 -0.003309850527396415 0.004277185986851877 -0.00011889503673960503 0.0010093968454227729 -0.003235917205932003
44 42.67208034083722 -0.003914438728130266 0.01114242869119954 -0.0015597681597278265 -0.03699664170624896 -0.030864412427338297 0.014048771604835439 0.005229094910428539 -0.007928939628014529 -0.018186008098162284 -0.0008715997566339531 0.001366377629939717 0.0016965811866722865 0.044030437802150865 0.023978170904678752 0.026959783773577117 0.0524155172967747 0.31815906880423117 0.4438610266636741 0.06634350427259254 -0.035796634235463046 -0.015091740436573995 -0.4254122579276958 0.1188138287657614 0.1342898262404075 0.08458575110056905 -0.01864350890319077 0.006543698807059029 0.33569134179648535 0.17390634072310981 -0.2962958250068135 0.009420778767181417 -0.041769297308410114 -0.02245501183873412 0.20766623565688122 0.12178161111780417 -0.11915134863183181 -0.0007603148541249421 0.00686292818397339 0.0012047000277461309 -0.00039716929639375134 0.00944155561382149 0.027730039557259525 0.0006133214058380005 -0.009008513479154939 0.007213522978475104 -0.0027647250573520667 0.0008603428405086998 -0.013162909586962444 0.1639051112093804 -0.006168635521732961 -0.06166629070040629 -0.027857018762092293 0.010479200139971919 0.03329704452325473 -0.023683693018139336 -0.00703202955837539 -0.16304219761280997 -0.011293006420663654 -0.0013302445910140486 0.00878012580931058 0.012053507612446824 -0.05729466412724135 -0.1184178041412715 -0.00032992663821384204 0.0009686705101803329 0.001719977430032746 -0.00029476077511777674 0.0025418700190404466 -0.007028067773387151
45 42.81981594498866 0.0024477952117242558 -0.002589537109832314 -0.004768173431451964 0.015910579010335366 0.0059329263558110055 0.015520275035045704 0.005021716094628279 -0.011809233752536489 -0.004295620252358766 -0.0032826916968373833 0.005078744982864051 -0.00029532332495545047 -0.02142770642996216 -0.018079072500182345 0.015663422907905695 -0.010555240188136706 -0.08834309759287036 -0.08955952502881953 -0.03801165866693406 -0.002301241507390629 0.009627844038059543 0.08663099286899825 0.04310701385453229 -0.02945154490177763 -0.03227798633421453 0.02155499198488119 0.001990142904692388 -0.10018606619068521 -0.028614573466676757 0.013979692977280196 -0.0012167636051714499 0.00420591186031567 0.004740607898811059 -0.06803814077951521 -0.00461000084957647 -0.019950445704594276 0.00023013510081983763 0.0007249528383822221 -0.00897266868729619 -0.010612735774028024 0.007723659209348461 0.017060679249752006 0.00185507494962311 -0.016747307579793147 0.008107329576959295 -0.0031197995222130384 0.019898983196528292 0.03757592897498003 0.3821463680284081 0.4326626311486458 -0.18302960620163 0.30872939527308174 0.11000352078810487 0.38771203408326366 -0.02365978467501719 -0.341883274284033 -0.35872724894059466 -0.04821864660271333 -0.008191544513985259 0.012093650606557453 0.00543586447819111 -0.09525156352022801 -0.10698642111746086 -0.0012593183047252463 0.005697764862621074 0.0006018333441705626 -0.0004284353633791252 0.0020006989236742924 -0.0080017167706255
46 43.2225182586923 0.007967915204012 -0.003553015254910256 -0.017921584072805027 0.030176668821246918 0.00880217489433578 0.0635432456281298 0.019799111106413636 -0.05110357796677911 -0.04634991502112537 -0.009002462494636774 0.012611806618551038 -0.0005334643665179381 -0.04799456299420341 -0.05256162419331248 0.0757599664303576 -0.018893378193743343 -0.07051818980282476 -0.12517329746842087 -0.09000075597598411 -0.02343415479448676 0.021494905802645178 0.1417396720665762 0.14672641176873755 -0.05668531191505973 -0.06766566437985257 0.07370719045943447 0.017645829567184333 -0.10461264993563181 -0.01862466274462681 -0.03805797244810995 -0.007397847642101026 -0.008931540818734722 0.006294418529517178 -0.11276688199851094 0.0493586930510419 -0.10302215231383252 -0.008815282852610204 0.0165880058665142 -0.03172604735591558 0.013288929848144653 0.033774972423372206 0.1018234024040353 -6.54292980855436e-5 -0.026772383487761526 0.025936201663480898 -0.01981988818413387 0.07280600641140887 0.09366001273062008 0.20742492541100996 -0.4122195682933611 -0.05144954273584568 -0.14082149632575328 -0.09293547624792271 -0.2716965921592277 -0.03850964682177349 0.057473428668522175 -0.1698404077375891 -0.017667985657349623 0.025709352875008324 0.02073879217863867 0.049569362943776084 -0.13241454980313244 -0.3694729798531571 -0.002840519436641407 0.005989495521506713 3.7114334103873796e-5 -0.0007741807936128704 0.00925870357839156 -0.023608842713325758
47 45.40554019401942 0.031036503262202683 -0.015250720384079597 -0.015599440962612452 0.007393563984355699 0.019841689107334404 0.004501624893408696 -0.002982604370628944 -0.02199222687301928 -0.06552891657232432 0.004980099975341968 -0.009706489295984182 0.0013250327484057261 -0.2053689353209734 -0.151008454836184 0.12996373055468072 -0.024655429252540197 0.1247635050096736 -0.08547319215158508 0.00011766211512881074 0.10937712656329024 -0.042010231154138586 0.09767568257171037 0.1322255253312575 -0.018461047779528183 -0.13857703243332203 0.24676782780445997 0.15615363688799647 0.07846518399723562 0.05419570482245649 -0.11777919899126055 -0.01979122209899408 -0.0391951315029572 0.02692060614805828 -0.04523246321305717 -0.008534787406590565 0.038383539719898684 -0.0034492519116146036 0.02966461110096497 0.018521879491383602 -0.011805517358063919 -0.028422575753205268 0.07065522081170669 -0.0038809308948342005 0.08933941806085395 -0.01263883017213995 -0.025786116892163344 -0.03152842997626509 -0.09734349349824904 -0.14753360978854604 0.21730840387998515 -0.006716788208945566 -0.15675492591170903 0.12024691747680821 0.2786002931748287 0.005704047700465925 0.21621884912876224 0.12357434194232295 0.03700931501691351 -0.061926816327936056 -0.05578075192375456 -0.03644334123585351 0.05238731820551805 -0.17952140804632255 0.002941060720917733 -0.030161107891557373 -0.00453636910754598 0.0011659785320289333 -0.009150503555576298 0.013278428209843719
48 45.6880803369194 -0.007537188436601975 0.038976596381671676 -0.00522868056955799 -0.010105585850319515 0.00016429189304450779 0.022575895899641353 0.00894650906695684 -0.01822329188651275 -0.01837251321103142 -0.0014380043469115606 -0.00038187643495829514 -0.002902915187866602 0.34538095572695177 0.11485676237411363 0.2357879399722008 0.01737217763528189 -0.09716326462441034 0.050221153750082674 -0.01715780540319017 -0.5652395074948368 0.17230892995419625 -0.05463848496077223 -0.0903698329611891 0.0006624779562634818 -0.20798828755083307 -0.2133984502541984 -0.34710071622211247 -0.07345515972853957 -0.0574816720142415 0.10852049958467787 0.01427757725620141 0.028944084349862682 -0.02365912797052018 0.04379618602439806 0.04630414373379483 -0.017759477860904538 -0.004252709489578542 0.011758574585785378 -0.005524145447206476 -0.0036606888098437524 -0.013843237383167393 0.04679364876201398 -0.002020038426651301 0.044382789983481954 -0.003217962920453039 -0.011657119199549426 0.005875279884116547 -0.016274296497998955 -0.05618853728324129 0.08301407677492964 -0.00868838618539297 -0.07464542229100034 0.054256107680716426 0.12263344862159155 0.0012152636927773178 0.09793518752682771 0.050304846795071544 0.015847597247727482 -0.027542725642666528 -0.02611087297635007 -0.014687710984533342 0.023505659229553208 -0.11669724930002656 0.00031418538698702064 -0.012951801387944963 -0.005305491729953233 0.00043225644933844493 -0.003835796805418531 0.004379255126748499
49 45.75064137546186 0.013269578253210942 4.1819539509086264e-5 -0.03816247821523966 -0.031800739464523935 -0.01740736511659759 -0.015124890845354655 -0.007723420271920008 0.022385889021451943 0.00880563625223627 0.0031141635527453565 -0.002503979062974698 0.003770323186483141 -0.07892513587281413 -0.2043108424545533 0.5685283452275799 0.022338018270290607 -0.06924705687888275 0.057413513367650944 0.31140564989841635 -0.1833806124114288 -0.11047807563472051 -0.07943787075025452 -0.1193293762333661 0.018660469346766594 -0.24529601957426958 0.4191492082176198 0.23460388204703175 -0.044872110660229905 -0.03938335899457442 0.09570366857018245 0.016864531701802476 0.029845938104009765 -0.019555701195532522 0.06487339007955213 0.009405892282538627 -0.008594163698046602 0.0050779911859653235 -0.008605028799047844 0.008420410067994686 0.0014552107627107671 0.012249269189888895 -0.036575835140178904 0.0014560423663429853 -0.03334829907524598 0.002074495180552463 0.003671933054247002 -0.025144283965603316 -0.014628852558522157 0.033074151838233985 -0.05033946259391849 0.00811887991383354 0.0509668592883265 -0.037626540094134936 -0.08215651391866918 -0.0002734084442820099 -0.06464775864744912 -0.03155903118858651 -0.010062753458414564 0.017593914137071946 0.017679687442865646 0.010769222994912793 -0.02250639770780646 0.08891202216847158 0.0003948678778852966 0.008180961887975345 0.0053270428126548025 -0.0002347005361655915 0.0027127713693373655 -0.0029528709275339743
50 46.0376528809186 -0.05408304289439673 -0.01014530161311638 -0.0066457977250398825 -0.011043435677448712 -0.04496670508427109 0.04645141539038651 0.03886524432214502 -0.050607247210484645 0.021945539985562413 -0.013951305598084916 0.01457824571575879 -0.013449194285271344 0.04228089265607027 0.04382168178056031 -0.06607944414066103 0.04668795278503766 -0.24007099386180358 0.14796949759253555 0.19129263249157516 0.21677425962617758 -0.17510682881375597 -0.15714715553715256 -0.21135547830485826 0.011777426122371027 0.36471729185614 0.0341351173908677 0.228948465135935 -0.16005542874928103 -0.1081820101590395 0.2232697368014743 0.03726622556333857 0.07599154750164423 -0.058239844677104385 0.062177890209676706 0.04638291998769942 -0.09932878997924709 -0.010255258483673842 0.012163021179202167 -0.02509415318730907 -5.76866044728566e-5 -0.01368016441468958 0.05702379672405515 -0.0022266893936843334 0.04033964290563465 0.0019748284374311673 -0.014473855979040528 0.05406841169859815 0.05449870757507045 -0.036148566325152495 0.05360301198707233 -0.013725138000936225 -0.06737277471168507 0.04639891101341428 0.10059129881187874 -0.0006158990305102585 0.08313915632802402 0.0368652884699091 0.012288935971734485 -0.022632772477922527 -0.023204319614441523 -0.00917010920346051 0.02151369679788665 -0.13696179748762768 -0.002815596327874527 -0.0047655673419114055 -0.013867999891714153 0.0002020658549891716 -0.0024355432158472082 0.0009054724482557172
51 47.71589851537965 -0.005494283867281186 -0.00015765802795042282 -0.0011738469453322503 0.004475580590867092 0.003324397835217855 0.011821098277254282 0.011480182575055203 -0.030723989810384208 -0.027204815217438994 -0.007133226051732403 0.015481214998265555 0.0059005351899390785 0.019787973818679007 0.011755080256302045 -0.007855379690013079 -0.0005335250093395298 -0.006859106814566155 0.0014612388300961386 -0.0006175645364681304 -0.002654598125875764 -0.003323977165589671 0.0025296869843763666 0.004427868603876056 -0.003947054591289203 0.02196366739549138 -0.014489032129510545 -0.002432038355376445 -0.005731763297814896 -0.003562614563325712 0.003436156057978612 -0.00025149924560798705 0.0007220518207301389 -0.0018634433267087352 -0.004489356022461826 0.005229577195284103 0.008756673945061452 0.0024870532261576568 -0.0004832641570121012 0.02282467816069757 -0.026868636773499033 0.15338189161285132 -0.01814687488885056 0.008426176602702671 -0.14365258283875262 0.0507058822019039 0.011175175159044792 -0.0003295927044544131 0.020194690997705534 -0.17354241555042074 0.1818932576537997 0.020408000868061365 -0.06188682684534464 -0.0013278732663222596 0.12409399338007839 0.008236864045296274 0.17561098876238646 0.14400149202106494 0.03389768867768239 -0.0738957266465352 -0.04103380323140233 0.06311895848353709 -0.3116285676345927 0.02506064523404449 -0.004008144631563382 0.03398966355768006 0.01151944046375851 -0.0020585384487672156 0.016891660773223283 -0.037846880694471445
52 48.14748850847319 0.11953132584778639 0.008383008167490857 0.005162723735830654 -0.1075495385325332 -0.05149006855143736 0.04491811542671876 -0.003546132670679461 0.014249686446656841 -0.022656681722046074 0.0037965291167163613 -0.0044929089654134014 0.004357269768532736 -0.3357955755038502 -0.1218612782094926 -0.17368673066586615 0.04878378290423017 -0.07962057562374412 0.05162183415019865 -0.3626360522772458 0.11582647274728876 0.17843608281046672 -0.09506395542478406 -0.13735765711000625 0.005824390463179043 -0.2015446421291296 0.03061724769677973 -0.1338306405141084 -0.08227145621711225 -0.06668191858013359 0.1398617608787748 0.03447856269587126 0.048291984304829574 -0.03977343200255261 0.19398318684569926 0.13136448136419568 -0.08904625784966742 0.0008890297639680305 -0.0006195383953900396 0.005253297505834945 -0.0014370266119490967 0.003595001372505972 -0.003142695066502235 0.00031962670013903496 -0.003533767035060998 -0.0006015053162378193 0.00856403903775234 -0.0015612003112000705 -0.008528418279178987 -0.003932098820198625 0.004312479327500208 0.001168296841072439 2.414862009464957e-5 -0.0007229704678210689 0.0012749892583533648 0.0005118286599098626 0.0021262698345219586 0.002610111295254335 0.0006732646069366549 -0.0011854926580091036 -0.00039192326031000957 6.592344712880013e-5 -0.006512847434013675 0.006971127020374018 0.0008496883162632803 -0.0016899334071545863 0.0038720714055481805 2.9076719973101676e-5 0.00012820287352415986 -5.0506940772627405e-6
53 49.778491995190535 -0.018236622576972825 -0.00018300522876011667 -0.00838269207094184 0.023292432397582535 -0.0014461178169808142 0.07058873560161469 0.015583220887045179 -0.08776827702366258 -0.14991649813142868 -0.0058058704647267634 0.013973470791776087 0.015457160558234982 0.05594963384725489 0.027478890170844362 -0.001960382764063127 0.0027453486687241827 -0.040290700811499415 0.019633441274613972 -0.006799608068177153 -0.0018791829108100381 -0.0187714323225427 -0.0006950290416737971 0.008208150869946924 -0.019584725303284922 0.07991486557173635 -0.021658322032570922 0.015649304654944286 -0.028651443049631745 -0.018982606182907265 0.027896876509122155 0.002034859181917501 0.009571751168072374 -0.013909580458341625 -0.02842402165748494 0.042930194770748366 -0.03125871631098644 -0.010102552474117952 0.07346169092252613 0.12430965010262386 0.0034558909822541652 -0.03616135634473063 -0.07728857237285346 0.002209587452435005 -0.011880833260450543 -0.029742647986811838 -0.028488162367700028 -0.09704770136365659 -0.2543975588546455 0.026531944989882258 -0.02514504650212155 0.01411673824336185 0.043002094855798825 -0.01390130222182233 -0.06061912053991769 -0.0021082075164176664 -0.06421668919124396 -0.03270786148776547 -0.011824897675580879 0.025954500792209546 0.01997624152993304 -0.016972749958980765 0.0630822351823302 0.1500389649218417 -0.001971628857522969 0.009169633486365713 0.01550928573407379 0.0004507127485784709 -0.0020154132371725908 0.01498657353704917
54 51.127246213306556 -0.02857354799601945 0.0007799393863690897 -0.005939939897414698 0.05727455543591225 -0.03827768905708163 0.07889233665953586 -0.1238361115899482 0.16665952296688166 -0.09319868980838782 0.04143874792221238 -0.052814655948416486 0.02518528608521773 0.03932171014163585 0.02949867519951042 -0.003338185674922816 0.0037788723110517126 -0.057466941682726806 0.0339578569885919 0.010018557220632005 0.009174210301207946 -0.030590043920032842 -0.006459467723043742 0.006703236935777685 -0.02024931933794184 0.10112850413450548 -0.021442449098953587 0.033968245142993826 -0.026489276833083993 -0.0102280788031476 0.026720130476500303 0.0028346435758469365 0.015262554578355467 -0.015989626937489933 -0.09844357864485606 0.0388105260402764 -0.21580519538795123 0.024551589953563126 -0.042262628675646376 -0.010113816146408997 -0.007190950066101115 0.018873462373246826 0.010654201053808513 -0.0005066853332807567 0.0013472157984693947 -0.003458413787198033 0.034649569430231855 -0.05828428076927719 -0.011749787714549478 -0.00988082213640191 0.011184740995089067 -0.00021284427953849414 -0.007557964178242353 -0.0009741646857820322 0.012163784717639613 0.0024398470249559286 0.013844044940873388 0.007544890028808819 0.004092564725437385 -0.0075772607639558 -0.003952431567386587 -0.0008012954014806811 -0.02593143884076824 -0.025612330200784534 0.00963487661986491 -0.02321329776300159 0.019870731036618003 0.00036844843031870917 -0.0008826027999493967 0.0014807947845772668
55 54.68929285173544 0.0005831610161742877 -0.0001258561829468486 0.00043383822210846446 -0.0020722446977350885 0.0012072383596038734 -0.003865847997084275 0.0014516142464177004 0.0011640619510961325 0.01186833517856469 -0.009481841086141925 0.00940142276911855 0.026853720490803135 -0.00030361089351419357 -0.00035022421047667423 0.0006689518413172432 -7.222415550095766e-5 0.0014038407245468654 -0.0008677485457496741 0.001726476559375274 -0.0003554073863479264 0.0001611193318763161 -2.63462411815642e-5 -0.0007239323059434846 0.0009197891404842175 -0.0002742256541030954 0.0004163639205154593 0.00027915652334337403 0.0006949358505573826 0.00020482800749305657 -0.0004206332071310521 -3.678210906365844e-5 -0.0004192512298420131 0.0005623219269955328 0.0018245887384273302 -0.0014333273001150583 0.004301120530515413 -0.0009549241010864229 -0.009788020046125825 -0.016472458319062792 -0.0026455666340538457 0.014042399104547822 0.04989947534842982 0.009648717905096672 -0.07640213422807902 -0.23592102179332128 0.0012062101866601237 0.010345328243780073 0.02493626822772118 -0.005871157623126624 0.003197615146682972 -0.012229359382214438 -0.011874561850960284 0.009427387666327322 0.015197130250596037 0.004958402955796903 0.016166033426772485 0.0076515205309586045 0.004517614976057508 -0.005242867358418667 -0.009869815249812966 0.002212288903292619 -0.01508424784992733 -0.06017075683028429 -0.0027323875398766093 0.04876261702040643 0.03539797734848498 0.004749584668652864 -0.0016609777757604675 0.09365568410566642
56 86.00727071395562 0.0004373808861674886 0.00013255484367554368 -0.00014377395632212428 -0.0026552562363057392 -0.0015850336182915072 0.003808572185503927 -3.013428430090436e-5 0.00018846805910167918 -0.0005553642186405935 3.344224667297908e-5 -2.8698217901150308e-5 4.151242917923018e-5 -8.508957181201447e-5 0.0002775727998232225 1.9363157723389987e-6 -0.560388045612126 0.014892677146490915 0.03352337920886891 -0.00043693107171531126 -1.2656971447052458e-5 -0.0001253911218886773 0.19756379728744855 0.007913070591483546 0.5264251118048233 0.0007964925578713821 0.0007447895367530581 -0.0007902531867609829 0.14562388246878064 -0.4980620776943724 -0.22896986432899177 0.019552945939068533 0.04297237007924402 -0.029914119356834228 0.009240127761092768 -0.022076347248535872 -0.012530396030573206 1.9835610889355034e-5 -2.480414549620309e-5 8.493723574815885e-5 1.582775239383678e-5 0.00010201108296011578 5.908895883946075e-5 4.5695386938527773e-7 -2.1508238326088527e-5 -1.6022308042799192e-5 -0.00015079576603228324 7.085602310034859e-5 -0.00028930296183860157 0.004657313052869861 0.0006615707760889415 0.01191569839086994 0.001665534717450381 0.011700981286950638 -0.005403760035147927 -0.012633472913522433 -0.002082622381572773 0.0008635159199685703 0.000570927559219014 -0.0009297425003906694 -0.0006632286209367373 -0.0007553089457857985 -0.00020449536830765533 -3.984200092087419e-5 1.285616044133865e-6 -1.3385114204399357e-5 3.77630790255702e-5 7.912686300322097e-7 3.959723007918465e-6 3.2058244206699297e-6
57 86.01759569107942 1.73820855801686e-5 1.1739180407623374e-6 2.6026406453344995e-6 -7.076295791425439e-5 -1.500282161351533e-5 9.937249456292017e-5 1.661062591797486e-5 -1.3264888159460433e-5 1.7964604214938427e-5 1.3044577839035133e-5 -1.358925144267673e-5 -4.109456726063706e-5 5.15008350764472e-5 7.940450158799049e-5 8.799734631612987e-5 -0.012824145511168061 0.00033969900173745805 0.0007749070057375176 -2.2051879157507353e-5 -3.924667909980263e-5 -0.00011137214110655076 0.004494307583565827 0.00017650208822742362 0.011979379767859543 7.853623370526198e-5 1.604978394522262e-5 6.328242014023977e-5 0.0033340352557596504 -0.011406925258389657 -0.0052299566047489185 0.0004498113598937946 0.00098363123505375 -0.000680567222154356 0.00031413823055977455 -0.0007532431272371877 -0.0003852813752646924 8.618442199844316e-5 0.0001190613892380794 0.0004526758886732723 -0.0011802683438600263 -0.0043299524605911405 -0.0027230511999035115 -5.296820411898873e-5 0.000806284342661671 0.00014805554794746986 -0.0011362859044385092 0.0014314573201060245 -0.00019312840445630938 -0.20382955055401625 -0.0290747349742417 -0.5215849812806778 -0.07247388299753223 -0.5099171821064928 0.23522735287853197 0.5548145316544021 0.09120527683053133 -0.038128732154687005 -0.025164337341345697 0.04051095223515326 0.029165853169932695 0.03536324401363502 0.008873675808689552 0.001274996324331135 3.962493001605204e-6 -0.0001258570110228959 -5.5346804293183556e-5 -2.7155086800479487e-6 -0.0001575382742745922 8.146681711945075e-5
58 88.39592772389629 0.00013897354608097273 -7.692863558475759e-5 -1.1749031229291367e-5 -0.002293919041304576 0.006227436324533946 0.002987058579870952 0.0003066993589397306 -0.00014678342119770968 0.00030394974064594255 4.5040315084887654e-5 7.411436063513504e-5 -5.857856279731862e-7 0.0011015804110077513 -0.0009208169302786922 -6.480161038532536e-5 0.005195317636186512 1.622897133658357e-5 -0.0005829881702750189 -0.0005509918580806718 -6.436008017158557e-7 0.00019269151346283406 -0.0010126539125499387 9.211049992273183e-5 -0.00346231803526026 -0.00010448088804559437 0.00048711271002298983 -0.00028400553107150886 0.001152336264854695 -0.004826896204294984 -0.0018039701452595765 -0.00045153501680906627 0.00017292681443129641 0.0005166357077120621 0.024806970147554966 -0.06767475364259616 -0.03337797129925167 -0.0012891484156961753 -0.00044156836363843424 -0.0012779398782073051 0.08283463705620306 0.015596967951267362 -0.0005655670799342195 -0.0011513404560663115 -0.0021385930535675335 0.0007334055404570502 -0.005835468565865648 0.007009255382198264 -0.004059345929429237 -0.018297075724360637 -0.006824952830953443 -0.05181795801539937 -0.0048149663033967526 -0.042754752083519997 0.015381501571054836 -0.04094622235375966 -0.00248645988762258 0.005432243588766891 0.0031191824419564388 0.005229782211911563 0.0033308137427061524 -0.9282478647914747 -0.17619304554842616 0.005148007447070316 3.343684222946551e-5 7.646649725154877e-5 3.424581291525168e-5 5.4890820129741725e-5 0.00010678650259627096 -2.3531036590179595e-5
59 88.41171936279392 -0.001665547006731939 0.0010118946627666043 0.0005480104311006832 0.027471357109809004 -0.073324056860386 -0.03607393812093182 -0.0011342650109258153 0.0031885681279515397 0.002916101664587667 2.7379265136963854e-5 -0.0005512395214009122 -0.0002781674730387994 -0.011956727964497827 0.009416885984324204 0.0025605266044356144 -0.05637186913573527 -0.0005493306945138437 0.006622434072271352 0.0056191079731377535 -0.0006734918588346156 -0.004372383900177223 0.01292768160137798 -0.0011089406511400016 0.043431103899707786 0.002155343334828423 -0.003589195049954056 0.00399357224931121 -0.012680591249771816 0.05352557664945901 0.01987632752268187 0.00471197955397925 -0.0017479300290024822 -0.00612363391812343 -0.2944929917610815 0.801764814428821 0.3960400178472186 0.00018450924930167877 -0.0004352197031067216 2.401804618867034e-6 0.0069793367859906615 0.0013231740590689462 -4.499704456837764e-5 -0.00011133783491194196 -0.00013240438591806338 5.4675113816370785e-5 0.0014622276243723435 -0.0018100483798170906 0.00037976240780926434 -0.0013737936893099803 -0.0005759090816461773 -0.003980050728394391 -0.00048577686056116426 -0.0041687714127156515 0.0015438543340463295 -0.003135348126997473 -0.00017042978150778903 0.0004218727038228387 0.00023016365563526922 0.0004848387829842235 0.00023302373907922358 -0.07839422199671482 -0.014880703930340529 0.0003467251566570675 0.0001386414049683721 5.804137359553972e-6 -0.0003210233453034537 7.692721410702306e-6 2.3154091078683693e-6 1.0801099642396685e-5
60 89.37929514183281 8.414168701754207e-6 3.14935075496514e-5 -5.439419686359041e-5 9.778429723950104e-5 0.0012785929700005333 0.0013173558653649538 -7.773694780122595e-5 -0.00030350483804185386 -7.131058806037632e-5 -1.4477112466313208e-5 2.5158060884577e-5 2.420794791322564e-5 6.640934883722498e-5 0.0001263639714176556 0.00014098285217872784 0.12393386740081427 -0.003621070598913146 -0.0006472899357251369 -0.00036125360365746095 -0.00013379556661497676 -0.0002878826616247771 0.09708458941172686 0.011056630658970626 0.245220806080728 0.0002754648242987914 0.0006183369397396828 -0.0006540842709793438 -0.0337865521292592 0.1203378938139164 0.06267393563873537 -0.016110171051930865 -0.010968127119870556 -0.026352791621546107 0.00488387818524883 -0.011035645245512699 -0.00717090837447036 -0.00010895981314172115 0.0002817135000473277 0.0002135510804609624 -0.0027170589526378888 -0.0023192993446779775 0.0017747149944306742 0.0003548995898265893 -0.00017128258488740249 -0.0007494626482380636 -0.001979673974820361 0.0016602639998227055 -0.0011592253846517205 0.1366574174968814 0.0007228323880089656 0.35687655259471496 -0.10381019625577716 -0.6353598879834953 0.31524135039914414 -0.33457797180260795 -0.07298802681377284 0.029356813592018898 0.025755802586911992 0.060904617072729386 -0.06034279026787786 0.025192372472712433 0.008750245365360917 0.0012920577834688851 3.207497712604146e-6 4.714503657333542e-5 2.7092724577706843e-5 6.11971938972285e-5 -0.00016398943081278962 0.00012999782457422674
61 89.38051315100333 2.7376550444441838e-5 0.00016491434086791376 -0.00017451708777379657 0.0004392302523291357 0.0031855718767618414 0.0034373677273978076 -0.0003046460528848512 -0.0006530596137244967 -9.312329055784536e-5 -7.135880188431797e-6 2.7435058125706265e-5 -2.7606037803945446e-6 0.0003932316247476726 0.00030526096656004095 0.00026311917137896514 0.35490199575137416 -0.010907659828483676 -0.002626496428368949 -0.0009504421279490485 -0.0003338749896409881 -0.0009583212120105203 0.26519825773806 0.029913545035636004 0.6688392247210039 0.0006525540283328038 0.0012758086078162997 -0.0014203199631249942 -0.08742184704258232 0.31404685647297514 0.16402101211522072 -0.04583240138192591 -0.028583756890163802 -0.07120832017673522 0.01211879334501272 -0.027157925314250746 -0.017960236506412007 -5.846782474453207e-6 -3.8271840897828095e-5 -4.870953674030032e-6 0.0009709020506521578 0.0008396657720739693 -0.0006551859815237674 -0.00012663304102929947 6.732767523428692e-5 0.0002690923140140008 0.000841246225166008 -0.0005953035302781107 0.00032045709567397635 -0.05033697788940002 -0.00028456224977487063 -0.131401101155499 0.038050028093680896 0.232932409211157 -0.11559421618956513 0.12213943306180058 0.026660980024512712 -0.0107516894044767 -0.009376857115650354 -0.02231879398969263 0.02217181191896928 -0.008968627843218597 -0.003140498224073949 -0.00048115737796054585 -1.485681080090683e-5 -1.753798653970682e-5 3.665677243772567e-6 -2.368236589141156e-5 5.8107040132859876e-5 -4.5185123773630805e-5
62 89.42814105834604 -0.00019217669328010708 0.00034938838197274267 -0.00015411932338576812 0.0045761503093347915 -0.007312359042615324 -0.0035579093544696435 -0.0001770895200043271 0.0003295510178111312 0.00023516398574767634 -1.924850500996853e-6 -5.876295179257923e-5 -2.2797791483977945e-5 -0.0020244708946735475 0.0030145280841126936 0.000859427847156589 0.6661656679369031 -0.04152023432595555 -0.034779313418597045 0.00023978696310015607 -0.00046685856640479135 -0.0012023266054588557 0.017668761030511168 -0.009871772730345655 0.0042924576344510815 0.0010256072212398606 0.0013125347315815663 -0.0013574847530987227 0.1870687750814006 -0.5641499908220885 -0.2758889706825251 -0.07484313306814559 0.0528874089848711 0.026198787232838982 -0.02878504709539467 0.06178211255920781 0.038220948810211014 7.127107887339522e-5 -9.327668022152534e-5 1.2396951020964788e-5 -0.00013479285509776444 -3.220702388270544e-5 2.8387451733877233e-6 8.467123621438654e-6 -2.802219560316528e-6 -8.475658399604962e-6 -0.0003093675422080442 0.0001837962832557642 5.1295632247728356e-5 -0.0005770121582825085 -0.0001600961248606196 -0.0009779599748551446 -0.0010895904369197424 -0.006048541356177609 0.002938686809401781 -0.00785343781340485 -0.0015753091327390188 0.00046099480031638884 0.000817320613645148 0.0006673885161984254 -0.00020921776764715582 0.0012472756036508328 0.0003036729920083735 3.5986221268312826e-5 6.717880321580343e-6 2.483498195124823e-6 -2.3637711881475576e-5 -1.1318871528337088e-6 6.948112637133651e-7 1.8461057395047465e-6
63 89.4475324257638 4.985307046481974e-6 -7.52605026902419e-6 -1.9822673092274934e-5 2.103376749400277e-5 -6.512146226704749e-6 -8.57543647151249e-6 4.8298153935562015e-5 -5.588777723532312e-5 1.9788310474075452e-5 -1.673246909599011e-5 4.092911539264392e-6 -2.3030971071168772e-6 -2.8589353582562877e-5 0.0001962061028919742 -4.227759767511432e-5 0.005165356099738857 -0.0003081924269573558 -0.00025824202987586805 4.803964792290376e-5 1.0910410291260194e-5 5.202746947472747e-5 0.000351653787441273 -4.4435020834985346e-5 0.0005785438845019651 9.583791188145238e-6 -0.00012999954104530822 3.306157028396933e-6 0.0012828617332574285 -0.0038083245758127006 -0.0018552560728867151 -0.0005843228017245128 0.00035577795339438746 0.00013094571434449796 -3.058523838468029e-5 3.6422662105368693e-6 5.8247284762651224e-5 -0.0003366874877692649 0.0002775670839990039 9.281409544343923e-5 0.007787491188410608 0.0013748071454304403 0.001580984275966136 -7.58728511011712e-5 -0.0001357832172719224 2.780818686308265e-5 -0.0023038287120267465 0.0031630628976921818 -0.0017612290661146788 0.25690643417599424 0.02322672929382668 0.59756283164964 0.0183704069743583 0.021535634040299602 -9.819605701935304e-5 0.6619585437597321 0.12386942321770193 -0.02545309933837805 -0.08041010251675787 -0.01424564778908255 -0.049110621602500924 -0.06338667779556792 -0.01912009118819404 -0.005088619033528188 -2.3186067442289784e-5 6.0798531201296284e-6 -8.87769056362604e-6 -4.488317909290653e-5 -6.436311232308842e-5 -1.3383800202630114e-5
64 96.76659696789767 0.044984264267505014 0.0006772740533818928 -0.0009426720997228811 -0.00384752302387572 0.0005981984801904183 0.00022883334068114753 0.00041941685901655573 -0.00019951924162422307 0.00036744932200227104 -7.002661825089094e-5 6.995284129613785e-5 -7.902006744144778e-5 -0.19687482764325964 0.507561660118997 0.1386953494497628 -6.637465849222624e-5 0.00028089775188421944 -0.00017719238505265825 -0.20822082438828632 -0.1473519646209429 -0.5126340055973793 -0.00018171679559055804 -0.00013178874748602615 -6.408254784012128e-5 -0.18136423076003713 -0.3700845697777197 0.3872514675474869 -0.00023422155242207226 0.00020687249858820602 0.00028210450445509145 0.00010144338505094176 -2.2955159348663557e-5 -1.9813151657329112e-5 0.004000484824821434 -0.007135561560224544 -0.0035252426711438515 -0.0009338407372681365 0.0010439677986229525 -0.0006433277827661513 5.0598102324721076e-5 -3.355216179581823e-5 3.890976532686489e-5 -2.2796564600093847e-5 -7.516554148395374e-6 4.805194118606081e-5 0.010841960285314565 -0.01296173260475005 0.006684831849006825 1.0823914304945093e-5 6.108819454753574e-7 6.799300285779935e-5 -3.258556808418277e-5 -3.607918477289791e-5 4.1835075376740685e-5 -0.00013839999602336886 -1.6377089891502874e-5 1.6256735682624244e-5 8.449908640862345e-6 7.4847616939691494e-6 -1.9228275558925578e-5 -0.00012458196089581058 9.758570868642443e-6 0.0001022384528051859 2.65784382833616e-5 3.00735073883833e-5 -5.791447031440726e-5 1.0347170195070633e-5 4.771463144557969e-6 -1.2944015631809849e-5
65 98.86588311476905 0.0006963484649459644 0.004602996014421467 0.0005631530018486978 0.0002957804208790893 -0.0007227047571227629 -0.0001665374279535027 -0.002628729631386259 0.004203295665607371 0.0003395206249953351 0.0003110534233468426 0.0001908845729185398 3.052144791768415e-5 0.01075752733917683 -0.028655890984009814 -0.007480034935500588 -0.00012139554610668411 2.1202684639129174e-5 -3.0029787455395212e-5 -0.00976742097603226 -0.00752731007366315 -0.024531307544312826 -4.763397114625271e-5 4.607410652750653e-5 5.397235030988934e-5 -0.011800492809538835 -0.02422261631991711 0.024204347646753943 -0.0002535870822494187 0.0005926991301018229 3.829944297672489e-5 1.867353627097902e-5 -1.965122932227741e-5 -2.7499593486401105e-5 -0.0004610994603741157 0.0017077475570258119 0.0001971368458883596 0.04431952999774606 -0.055288365551182335 0.02331722638840329 -0.002242376292100726 0.001547250366473378 -0.002134065464947512 -5.7351697948133004e-5 -0.0004046020779542937 7.844201867227565e-5 -0.5705458508225713 0.7002476914463361 -0.308177514471782 -0.0009069099310005181 0.0003588221290779871 -0.0013289914050802583 2.0519658648843356e-5 0.0027087108417525986 -0.001239632768178281 -0.001979364932366016 4.8783525373492375e-5 1.8734324864080654e-5 0.000509418715016735 -0.00044283972533388117 0.0005462114871763618 0.006882952110965545 0.0009453618161745069 -0.0009221935873537316 -0.000217618935058945 0.000308863165450346 0.0003286506863930491 7.2779670701192874e-6 3.364671712823184e-5 -0.0001316290908444695
66 100.15377935655764 -0.0015613760367847304 0.0810009655593947 -0.008282337158007148 0.00013425898711826685 -0.0020955583115132943 0.00019385794990831645 0.00014972950037913307 -0.0002656019762185397 -5.246752050321944e-6 9.952384882024562e-6 1.2209123686444858e-5 2.2829218730239268e-5 0.23992582432981208 -0.6646954241052174 -0.1767757502625568 0.0015973691384005078 -0.0001979828531047963 3.3708771970939365e-5 -0.04413067217988949 -0.047331787994116664 -0.11311052327837921 0.00033272747852781373 -0.00020295931529796382 0.001228320264787732 -0.17660478659884427 -0.3964002721811722 0.40125703978735905 0.00037280889827885844 -0.0014773746490692405 -0.0006275336575785474 -0.0006212063263822264 0.0003504941330674377 -0.00017935406840357618 0.0038737829915549116 0.005055167540982005 0.002226731591477342 -0.0023537905534177276 0.0029457300538726443 -0.0012743899506655865 0.00011042971444098644 -5.722659006396112e-5 0.000109097088458934 -2.497603495734937e-5 -4.464666894855791e-5 -4.6340231687433094e-5 0.030926068480544033 -0.03702923930775615 0.017219599005108343 8.90792664303428e-5 -4.3358980750230845e-5 0.0001829820088534911 2.100994342830216e-5 -0.0002770755019561097 0.00018518641343567719 0.00010174431364420592 -7.221175804224261e-5 6.324115593738109e-5 -3.138080556252644e-5 4.349605237842364e-5 -5.311262668082115e-5 -0.000308681350064683 -0.0001173581128798915 7.013669301524868e-5 8.035253750818203e-5 2.6923791163521723e-5 -8.756860507582166e-6 9.373036760896436e-6 1.9752659818657753e-5 2.501063326740453e-5
67 100.25142482372817 0.0018249873114628168 0.00836274917073208 0.08205275594403866 -0.00010146122285554308 -0.00024238367382510247 -0.002157515082592762 -0.0004380034241387422 2.6897431246122834e-5 0.00024721360832173444 -2.1118237245049127e-5 -1.6855442428953717e-5 -1.590041309077569e-5 0.0877191709556474 -0.242581687969603 -0.0805910216938098 -0.0008758079881320249 0.00011316212158921261 1.465559524899583e-5 -0.25894153867777703 -0.19326982250147662 -0.6854589269989415 -0.0003045513178663573 -5.153862724636155e-5 -0.0013769378809062446 0.14885422626263567 0.3209754278392418 -0.3532346688919267 -6.88547210605351e-5 0.0002564138671514631 -7.21632864531295e-5 0.00035792132868598205 -0.0001190886210191501 0.00021692408354872215 0.002425680441828256 0.0028545526580474037 0.001764415070736056 -0.0006141785589276171 0.0006121439663838307 -0.0003657984459921332 2.5213980195258163e-6 -2.3233245554150465e-5 2.755139104217961e-5 4.4398462270059875e-5 1.601498488997367e-5 4.265638123620951e-5 0.007480757858520107 -0.008555950542959968 0.0039252705419959575 6.547153102930322e-5 1.843868645482352e-5 0.00012916148250999998 3.738296046472486e-5 5.377766967529493e-5 1.1310482543338336e-5 0.00013662754486206842 4.9603556928859874e-5 4.3397069064996884e-5 -2.401876373708218e-5 -8.153708971209051e-6 -1.873149508141667e-5 0.0001503270498664997 3.4804933034972316e-5 2.021232355789166e-5 -6.352220530967416e-5 -9.13391393360583e-6 -5.955540787942585e-6 -1.7032754510438488e-5 -1.7921261213218085e-6 -2.3424443385546985e-5
68 151.25380070672526 3.304469657662935e-6 -3.6570682412689825e-6 3.5996071519774863e-7 -0.00020674812008888304 0.00035852103915036377 8.150400235139548e-5 -0.0009346006484600209 -0.00036420909072128204 -0.00020671439397645694 -0.06811094025068946 -0.044124949591469544 0.15595590593892572 -8.588322205201349e-6 4.529100252077153e-5 -4.3836626155670044e-5 5.162506024956113e-6 -1.2770370875271895e-6 -1.6441324492445707e-6 -7.606080158443358e-6 5.480809825959629e-6 -4.7620904330806076e-5 6.537059019590822e-6 -6.54371455319293e-7 5.4169506950584855e-6 -8.880930243222543e-5 5.7021553532164496e-5 -0.00013704211265203742 5.623297806146935e-7 -1.0175390513255515e-5 3.542788021607006e-6 -2.04964867570364e-6 -1.5862502894215312e-6 -4.726328057589013e-6 8.733621143480027e-5 -0.00014697716104935691 -0.0001689882967047109 0.0002686029782042032 -0.00039738392028075445 0.00038912902283232576 0.0001345923015019427 -0.00033783156778905717 -0.000581882616805164 -0.00017644427385130418 0.0018315437031493598 0.003272230543765049 -0.0009384827288272787 0.00013644561682398684 -5.4245859199714814e-5 -1.4494531182985625e-5 -1.2045263194811066e-5 1.9428471709731044e-5 -2.0465586519228353e-6 1.2322032937845287e-5 7.96999182456527e-6 -9.322274336466446e-6 -1.5523968841749035e-5 2.2799165016777488e-5 -4.294232778326342e-6 3.4815942253121125e-6 9.850660371325206e-6 -8.368831964643276e-6 8.303007290067865e-5 8.016827877565796e-5 0.0688858526652572 0.04294975778313515 -0.158092316674556 -5.8307732820986506e-5 0.00039813058462026573 -0.00011438135995171794
